Data Source,World Development Indicators,,,,,,,,,,,,,,,,,,,,,,,,,,,,,,,,,,,,,,,,,,,,,,,,,,,,,,,,,,,,,,,,,,,,
,,,,,,,,,,,,,,,,,,,,,,,,,,,,,,,,,,,,,,,,,,,,,,,,,,,,,,,,,,,,,,,,,,,,,
Last Updated Date,7/13/2026,,,,,,,,,,,,,,,,,,,,,,,,,,,,,,,,,,,,,,,,,,,,,,,,,,,,,,,,,,,,,,,,,,,,
,,,,,,,,,,,,,,,,,,,,,,,,,,,,,,,,,,,,,,,,,,,,,,,,,,,,,,,,,,,,,,,,,,,,,
Country Name,Country Code,Indicator Name,Indicator Code,1960,1961,1962,1963,1964,1965,1966,1967,1968,1969,1970,1971,1972,1973,1974,1975,1976,1977,1978,1979,1980,1981,1982,1983,1984,1985,1986,1987,1988,1989,1990,1991,1992,1993,1994,1995,1996,1997,1998,1999,2000,2001,2002,2003,2004,2005,2006,2007,2008,2009,2010,2011,2012,2013,2014,2015,2016,2017,2018,2019,2020,2021,2022,2023,2024,2025
Aruba,ABW,Agricultural land (sq. km),AG.LND.AGRI.K2,,20,20,20,20,20,20,20,20,20,20,20,20,20,20,20,20,20,20,20,20,20,20,20,20,20,20,20,20,20,20,20,20,20,20,20,20,20,20,20,20,20,20,20,20,20,20,20,20,20,20,20,20,20,20,20,20,20,20,20,20,20,20,20,,
Africa Eastern and Southern,AFE,Agricultural land (sq. km),AG.LND.AGRI.K2,,4492036.296,4484339.751,4487275.404,4483755.103,4476739.69,4477518.213,4477574.11,4479749.666,4484033.063,4494095.846,4507397.467,4509858.571,4512270.866,4514373.566,4520373.438,4519915.168,4523163.481,4533540.569,4530268.078,4531186.985,4546971.084,4551879.139,4559394.066,4564535.666,4587768.36,4598436.527,4603391.922,4611381.997,4624428.956,4620754.807,4634961.98,4648315.586,5041710.148,5058010.296,5069485.201,5077694.381,5094973.379,5113399.695,5139513.136,5162338.116,5169857.026,5177622.889,5201066.757,5224368.61,5236346.464,5252470.812,5270290.638,5284634.445,5317562.274,5344718.93,5377105.263,6795435.345,6814318.346,6832532.874,6844125.106,6860107.167,6874040.136,6891991.434,6898501.703,6907336.951,6911074.352,6918341.885,6923889.438,,
Afghanistan,AFG,Agricultural land (sq. km),AG.LND.AGRI.K2,,377500,378000,378500,379050,379100,379550,379790,379800,379960,380060,380360,380480,380492,380503,380503,380500,380500,380500,380490,380490,380530,380540,380540,380540,380540,380540,380450,380400,380400,380400,380300,380300,379340,378130,377630,377570,377950,378680,377640,377940,377950,377900,378840,379280,379170,379100,379140,379160,379160,379170,379150,379140,379100,379100,379100,379100,379100,380100,380100,383130,383130,383130,381160,,
Africa Western and Central,AFW,Agricultural land (sq. km),AG.LND.AGRI.K2,,2976909.88,2980688.82,2984747.45,2988155.86,2992419.19,2994737.72,2995429.68,3006813.15,3009052.88,3002232.04,3004587.21,3006895.69,3008513.37,3004069.91,3011342.73,3018907.34,3020165.27,3025367.21,3034124.35,3045040.18,3044174.14,3051319.34,3059491.53,3068362.015,3078856.02,3089866.464,3091439.489,3104017.144,3105138.429,3136909.923,3152112.458,3176795.315,3202179.982,3232998.525,3277852.429,3298390.11,3313769.897,3318026.885,3340922.201,3351876.134,3368400.918,3381441.652,3399097.382,3395903.92,3459970.067,3462409.362,3482254.882,3495332.136,3509395.357,3527605.221,3538880.501,3567073.463,3593674.888,3609256.654,3635788.996,3643720.511,3659850.781,3689768.075,3703810.314,3718872.389,3737598.652,3747745.77,3759796.057,,
Angola,AGO,Agricultural land (sq. km),AG.LND.AGRI.K2,,451770,451850,451820,451900,451870,451950,452020,452100,452270,452050,451820,451600,451370,451150,450930,448700,448480,448250,447930,447650,447280,447050,446780,446500,446280,445450,445230,445010,444780,444560,444830,445110,445100,445100,444900,444470,444500,445130,445670,445230,444150,444380,444990,443100,441830,441370,442450,441950,446300,448500,453160,453030,454880,456740,457890,458240,457650,457780,458560,458640,459170,460620,460630,,
Albania,ALB,Agricultural land (sq. km),AG.LND.AGRI.K2,,12320,12320,12330,12300,12370,12400,12440,12400,12350,12300,12000,11740,11460,11220,10800,10750,11090,11140,11170,11180,11160,11140,11100,11130,11120,11110,11110,11170,11100,11210,11270,11270,11260,11260,11270,11310,11350,11390,11450,11440,11390,11400,11210,11220,10770,11200,11190,11810,12013,12013,12010,12013,11873,11742.9,11743,11817,11742.81,11740.81,11740,11655.55,11363.3,11356,10446,,
Andorra,AND,Agricultural land (sq. km),AG.LND.AGRI.K2,,260,260,260,260,260,260,260,260,260,260,250,250,240,240,240,230,230,230,230,230,230,230,230,230,230,230,230,230,230,230,230,230,230,230,230,230,230,230,230,230,227.5,228.5,228.6,228.1,218,217.8,207.7,207.6,207.7,197.7,197.7,187.6,188.1,188,188.1,188.2,188.2,188.34,188.001,187.773,187.562,187.562,187.408,,
Arab World,ARB,Agricultural land (sq. km),AG.LND.AGRI.K2,,3128620,3127790,3130110,3130580,3132910,3133010,3139100,3142260,3149000,3156740,3173740,3188190,3186680,3193460,3189580,3198170,3200220,3205840,3207540,3218330,3176576,3179513.4,3185607.4,3241343.6,3288838,3337905,3392932,3444685,3494272,3549870,3556100,3567474.8,3645903.8,3720831.979,3791262.494,3863594.655,3930343.866,4010327.592,4079650.499,4082228.715,4079989.657,4084636.482,4090986.604,4098428.696,4098857.861,4101192.188,4102713.057,4094789.416,4090726.335,4096209.919,4098298.266,5216596.913,5223515.41,5219637.108,5223351.625,5232014.816,5238380.136,5236643.344,5228846.103,5232090.31,5231452.32,5224969.946,5229403.304,,
United Arab Emirates,ARE,Agricultural land (sq. km),AG.LND.AGRI.K2,,2080,2080,2080,2080,2090,2100,2100,2100,2100,2120,2120,2120,2130,2140,2150,2160,2170,2180,2190,2230,2270,2270,2320,2320,2350,2380,2380,2390,2390,2850,3100,3390,3550,3720,3830,3870,3950,3980,5160,5470,5620,5660,5540,5540,5570,5386,5326,5396,3879,3923,3885,3767,3794,3825,3828,3838,3838,3817.5,3904,3898,3915.615,3915.615,3917.037,,
Argentina,ARG,Agricultural land (sq. km),AG.LND.AGRI.K2,,1378290,1364340,1348750,1332970,1317800,1309480,1297030,1292350,1273820,1273830,1273830,1273830,1273830,1273830,1273830,1273830,1273830,1273830,1273830,1273830,1273830,1273840,1273850,1273840,1273840,1273840,1273840,1273800,1274700,1275650,1276600,1277550,1278500,1279480,1280450,1281420,1282350,1283300,1284120,1285100,1286060,1287100,1291033,1294966,1299209,1301389,1299684,1270469,1243284,1262679,1253184,1247419,1229374,1209505.261,1207535.346,1188610.795,1176299.862,1159300,1165990,1176790,1179780,1188480,1161363.431,,
Armenia,ARM,Agricultural land (sq. km),AG.LND.AGRI.K2,,11700,11700,11700,11700,11700,11700,11700,11700,11700,11700,11700,11700,11700,11700,11700,11700,11700,11700,11700,11700,11700,11700,11700,11700,11700,11700,11700,11700,11700,11700,11700,11700,11810,12000,12440,13060,13320,13280,13230,13230,13280,13910,14440,15050,16050,17564,17519,17488,17463,17350,16981,16830,16830,16807,16767,16768,16761,16773,16770,16760,16748.2,16528,16523,,
American Samoa,ASM,Agricultural land (sq. km),AG.LND.AGRI.K2,,19.3,19.3,19.3,19.3,19.3,19.3,19.3,19.3,19.3,19.3,19.3,19.3,19.3,19.3,19.3,19.3,19.3,19.3,19.3,19.3,19.3,19.3,19.3,19.3,19.3,19.3,19.3,19.3,19.3,19.3,19.64,19.98,20.32,20.66,21,21.34,21.68,22.02,22.36,22.7,23,23.3,23.6,23.9,24.2,24.5,24.8,25.1,25.4,25.7,26,26.3,26.6,26.9,27.2,27.5,27.8,28.1,28.4,28.7,29,29,29.6,,
Antigua and Barbuda,ATG,Agricultural land (sq. km),AG.LND.AGRI.K2,,100,90,90,90,90,90,90,90,90,90,100,90,90,90,90,90,90,90,90,90,90,90,90,90,90,90,90,90,90,90,90,90,90,90,90,90,90,90,90,90,90,90,90,90,90,90,90,90,90,90,90,90,90,90,90,90,90,90,90,90,90,90,90,,
Australia,AUS,Agricultural land (sq. km),AG.LND.AGRI.K2,,4744844.445,4765929.315,4793695.782,4819038.096,4862591.91,4870285.257,4895805.639,5135695.611,5108880.189,4934324.985,4995361.667,4998150,4978970,5003570,4995470,5007420,4915100,4961000,4932380,4956380,4955650,4907720,4837890,4865580,4867910,4685410,4710200,4720520,4671040,4644370,4627820,4660040,4600970,4691430,4633880,4652300,4622330,4638810,4536930,4554690,4557000,4470000,4395000,3949060,4102300,4093020,3983555,3892880,3842570,3763720,3961210,3870760,3717750,3744230,3481190,3426020,3718370,3588950,3624770,3557750,3635190,3635190,3632436.782,,
Austria,AUT,Agricultural land (sq. km),AG.LND.AGRI.K2,,35554,35310,34898,34765,34642,34060,33737,33593,33511,33358,33209,33071,32222,32073,31895,31835,31776,31808,31429,31410,31554,31427,30259,30332,30375,30268,30280,30483,30506,30239,30369,30130,29990,29941,29811,29733,29646,29599,29552,29402,29161,29022,28852.3,28674,28568,28433,28301,28094,27950,27792,27573,27352,27164,27142,27184.5,26701.7,26546.2,26528.3,26512.1,26026.653,26024.884,25974.477,25972.63,,
Azerbaijan,AZE,Agricultural land (sq. km),AG.LND.AGRI.K2,,44462,44462,44462,44462,44462,44462,44462,44462,44462,44462,44462,44462,44462,44462,44462,44462,44462,44462,44462,44462,44462,44462,44462,44462,44462,44462,44462,44462,44462,44462,44462,44462,44566,44860,44891,45262,45887,46821,46924,47404,47456,47449,47546,47549,47586,47560,47565,47567,47573,47668,47687,47683,47698,47697,47698,47730,47775,47795,47797,47801,47806,47805,47796,,
Burundi,BDI,Agricultural land (sq. km),AG.LND.AGRI.K2,,15750,15900,16040,16050,16240,16210,16660,16760,18970,18800,18990,19060,20000,20300,20600,20950,21430,21200,21000,20880,20750,20600,20600,20600,20600,20820,20870,20920,20870,20820,20770,20820,20770,20730,20370,19930,19520,19130,18870,18670,18510,18340,18330,18480,18190,18220,18250,18280,18310,18330,18410,18600,18870,19140,19410,19680,19950,20220,20490,20760,21030,21265.085,21542.068,,
Belgium,BEL,Agricultural land (sq. km),AG.LND.AGRI.K2,,18110,18160,17720,17610,17580,17550,17580,17520,17630,17630,17560,17480,17630,18010,17910,17810,17680,17760,16890,14710,14600,15310,15280,15240,15160,15100,15010,14960,14660,14430,14230,14710,14830,14920,14950,15010,15100,15180,15210,13896,13868,13891,13922,13913,13830,13800,13669,13653,13636,13557,13357,13320,13365,13313,13280,13508,13270,13540,13560,13646.093,13656.7,13590,13533,,
Benin,BEN,Agricultural land (sq. km),AG.LND.AGRI.K2,,14145.6,14351.5,14557.05,14737.65,14957.65,15257.6,15695.6,16003.6,16850.25,17066.73,17556.25,17867.15,18057.15,18327.15,18728.1,18993.1,19325.56,19537.1,19733,20043,20348,20753,20737.95,20927.95,21258.55,21859.8,21959.8,22061.6,22055.6,22612.96,22683.11,22901.66,23258.38,23870.57,25146.13,27048.35,28898.69,30408.2,31059.96,31918.76,32595.29,33673.39,34709.97,34592.45,34735.52,33393.26,33791.04,35838.92,37403.25,34871.44,36193.65,37651.96,39805.44,39979.02,40732.23,38767.45,40933.799,44608.086,46312.094,44330.486,46234.245,48557.123,47167.523,,
Burkina Faso,BFA,Agricultural land (sq. km),AG.LND.AGRI.K2,,90150,90150,90150,90200,90200,90200,90200,90200,90200,90200,90200,90200,90200,90200,90300,90350,90350,90350,90350,90400,90450,90450,90500,91808.305,93066.61,94374.914,95683.219,96991.524,98249.829,99508.133,100766.438,102024.743,103283.048,104541.353,105799.657,107057.962,108316.267,109574.572,110832.877,112111.181,113409.486,114687.791,115966.096,117394.4,118812.705,120191.01,121499.315,122882.62,124315.924,125914.229,127932.534,129490.839,131649.143,133207.448,134865.753,136324.058,137782.363,140072.668,141387.972,142708.277,144107.582,145964.887,146107.887,,
Bangladesh,BGD,Agricultural land (sq. km),AG.LND.AGRI.K2,,94800,94770,94800,95200,96370,96500,96950,96690,96750,96970,96950,99910,99890,99890,100040,99980,99910,99870,99830,99870,99810,99780,99640,100600,100270,100410,101150,104270,104430,103860,103200,95490,94460,93580,93740,93270,93650,94340,94860,94000,94030,93530,93280,93230,93110,92800,92660,92530,92460,92410,91280,91200,91080,90990,91622.4,91942.1,91873.3,92023,93970,94300,94180,94270,93990,,
Bulgaria,BGR,Agricultural land (sq. km),AG.LND.AGRI.K2,,56730,56850,56930,57720,57930,58020,58630,58810,60220,60100,60090,60220,59820,60380,59550,61980,62060,62110,62060,61810,61790,61820,61770,61720,61690,61660,61660,61620,61680,61590,61610,61540,61210,61590,61640,61640,62030,56450,56790,55820,54980,53250,53260,53300,52650,51900,51160,51010,50300,50520,50880,51230,49950,49770,50119,50210,50295.2,50300,50370,50470,50470,50220,50029.9,,
Bahrain,BHR,Agricultural land (sq. km),AG.LND.AGRI.K2,,100,100,100,100,100,100,100,100,100,100,100,100,100,100,100,100,100,100,100,100,100,100,100,100,100,100,100,100,100,100,100,100,100,100,100,100,100,100,100,99,97.9,96.9,95.8,94.8,93.7,92.7,91.6,90.6,89.5,88.5,87.4,86.4,85.3,84.3,83.2,82.2,81.1,81,81,81,81,81,81,,
"Bahamas, The",BHS,Agricultural land (sq. km),AG.LND.AGRI.K2,,100,100,100,100,100,100,100,100,100,100,100,100,100,100,100,110,110,110,110,110,110,110,110,110,110,110,110,110,110,110,110,110,110,100,100,100,100,100,100,110,110,110,110,110,110,110,110,110,110,120,130,130,130,130,130,130,130,130,130,130,130,130,130,,
Bosnia and Herzegovina,BIH,Agricultural land (sq. km),AG.LND.AGRI.K2,,22000,22000,22000,22000,22000,22000,22000,22000,22000,22000,22000,22000,22000,22000,22000,22000,22000,22000,22000,22000,22000,22000,22000,22000,22000,22000,22000,22000,22000,22000,22000,22000,21900,21800,21750,21700,21650,21600,21050,21300,21260,21230,21690,21694,21570,21590,21490,21300,21280,21440,21510,21560,21610,21570,21760,22090,22280,22110,22160,22420,22630,11170,11130,,
Belarus,BLR,Agricultural land (sq. km),AG.LND.AGRI.K2,,93910,93910,93910,93910,93910,93910,93910,93910,93910,93910,93910,93910,93910,93910,93910,93910,93910,93910,93910,93910,93910,93910,93910,93910,93910,93910,93910,93910,93910,93910,93910,93910,93540,93460,93390,93330,93060,93070,92810,92520,91280,90250,89860,89570,89490,89580,89160,89170,89270,88980,88750,87960,87112,86239,85742,85327,84940,84530,83870,82810,81740,80940,80340,,
Belize,BLZ,Agricultural land (sq. km),AG.LND.AGRI.K2,,790,790,800,800,800,810,810,810,820,820,830,830,840,840,850,850,860,930,940,960,970,970,970,970,1010,1030,1120,1150,1200,1260,1300,1360,1430,1430,1460,1470,1480,1480,1500,1490,1490,1520,1520,1520,1520,1520,1520,1520,1550,1570,1570,1600,1600,1600,1700,1700,1720,1720,1740,1800,1820,1820,1820,,
Bermuda,BMU,Agricultural land (sq. km),AG.LND.AGRI.K2,,4,3,3,4,4,4,4,3,3,3,3,3,3,3,3,3,3,3,3,3,3,3,3,3,3,3,3,3,3,3,3,3,3,3,4,4,4,4,4,4,4,4,4,4,4,4,4,3,3,3,3,3,3,3,3,3,3,3,3,3,3,3,3,,
Bolivia,BOL,Agricultural land (sq. km),AG.LND.AGRI.K2,,300420,299420,298070,298780,299150,299510,299880,300240,302610,302970,307340,312700,313080,318430,323800,324160,329530,329890,335250,335620,340990,341360,341730,347170,346870,352030,352270,352500,354700,354550,357960,358310,362130,363510,366000,366840,368740,369820,370690,371430,371560,373110,366470,366170,369620,371417.778,372825.556,374113.333,375401.111,376688.889,378036.667,379434.444,380842.222,382220,382210,380830,379400,382005.49,385052.649,385271.214,386551.642,388153.989,388153.989,,
Brazil,BRA,Agricultural land (sq. km),AG.LND.AGRI.K2,,1569590,1606660,1643730,1680800,1717870,1754940,1792010,1829080,1866150,1903280,1938340,1973400,2008460,2043520,2078590,2127800,2177010,2226220,2275430,2325172.08,2344138,2363106,2382074,2401042,2419987.07,2405792,2391594,2377396,2363198,2349000,2334802,2320604,2306406,2292208,2278050,2279087,2280124,2281161,2282198,2283235,2284272,2285309,2286346,2287383,2288420,2289510,2296718,2303926,2311134,2318342,2325550,2332758,2339966,2347174,2354380,2361590,2368790,2368548,2368308,2368068,2367828,2367588,2367588,,
Barbados,BRB,Agricultural land (sq. km),AG.LND.AGRI.K2,,190,190,190,190,190,190,190,190,190,190,190,190,190,190,190,190,190,190,190,190,190,190,190,190,190,190,190,190,190,190,190,190,190,190,190,190,190,190,180,180,180,170,170,160,160,160,160,160,160,150,140,130,125,120,110,100,100,100,100,100,100,100,100,,
Brunei Darussalam,BRN,Agricultural land (sq. km),AG.LND.AGRI.K2,,210,210,210,240,240,230,230,240,240,240,190,180,180,180,180,170,150,150,150,150,150,140,140,130,130,130,130,130,130,130,130,130,130,130,120,120,120,120,120,120,130,130,130,130,130,123,124,124,134,134,134,134,134,134,134,134,134,134,134,134,134,134,134,,
Bhutan,BTN,Agricultural land (sq. km),AG.LND.AGRI.K2,,3610,3630,3630,3650,3660,3680,3680,3700,3700,3820,3820,3850,3850,3920,3920,3980,4000,4000,4050,4130,4130,4180,4300,4440,4440,4440,4650,4600,4520,4540,5040,5040,5050,5090,5650,5700,5720,5720,5720,5780,5790,5800,5830,5840,5930,5770,5630,5213,5200,5200,5196,5196,5196,5256,5256,5190,5130,5130,5130,5165,5200,5235,5270,,
Botswana,BWA,Agricultural land (sq. km),AG.LND.AGRI.K2,,260000,260000,260000,260000,260010,260010,260010,260010,260010,260010,260010,260020,260020,260020,260020,260020,260020,260020,260040,260040,260040,260060,260060,260060,260080,260080,260100,260100,260150,260210,259010,258510,259510,259960,259460,259460,259010,258310,258410,259510,258010,258460,257960,258270,258150,258030,257840,258810,259180,258610,259260,258870,258820,260040,258616,258616,258616,258616,258620,258620,258620,258620,258620,,
Central African Republic,CAF,Agricultural land (sq. km),AG.LND.AGRI.K2,,47380,47480,47560,47700,47800,47900,48000,48100,48200,48300,48400,48500,48600,48700,49030.7,49142,49255,49367.1,49493.56,49611.97,49450,49626.5,49446.8,49498,49491.91,49532.24,49575.45,49583.74,49652.52,49554.81,50056,49795,49823,49775,49680,49735,49739,49690,49684,49714,49706,49715,49573,49540,49519,49468,49506,49514,49453,49196,48892,48918,48975,49077,49175,49170,49178,51720,54940,55873,56101,56331,56688,,
Canada,CAN,Agricultural land (sq. km),AG.LND.AGRI.K2,,618430,622800,627170,631540,635910,637010,635660,634310,632960,631610,630230,630500,630770,631040,631310,631589.9,627850,624100,620350,616600,612900,612120,611340,610560,609780,608988.92,610250,611510,612770,614030,615332.464,614650,613970,613290,612610,611920,612150,612390,612630,612870,613081.608,620910,619460,618010,616560,605840,600080,594320,588560,582800,576997,577710,578420,579130,579850,580500,578676,578892,576878,571174,569910,570770,568750,,
Central Europe and the Baltics,CEB,Agricultural land (sq. km),AG.LND.AGRI.K2,,646680,646360,645740,646120,644720,645000,644230,645220,644240,643470,642960,641710,640360,639950,638840,640980,640430,639740,638610,637680,636270,636070,635970,636460,636310,635950,636280,635770,632060,631840,631610,628120,624860,621440,615910,610780,610260,605100,604520,591050,575370,556442.6,547221.2,539010.9,539333.9,537651.5,526982,529461.7,529073.9,519523.8,521343.5,517581.8,518923.1,518221.4,519245.9,516233.8,515348.6,516300,521123.39,511648.336,510369.456,502574.55,506696.5,,
Switzerland,CHE,Agricultural land (sq. km),AG.LND.AGRI.K2,,17363,17334,17192,17104,17016,16957,16888,16861,16874,16739,16654,16628,16537,16475,16438,16426,16414,16449,16587.287,16533.566,16489.882,16441.394,16393.05,16344.562,16290.524,16248.017,16199.958,16152.041,16104.266,16050.303,16009.14,15961.788,15914.576,15867.503,15820.57,15783.105,15752.201,15721.444,15688.881,15658.165,15627.446,15597.256,15566.689,15535.559,15504.631,15474.187,15443.686,15410.273,15376.983,15344.107,15311.226,15278.375,15245.633,15212.778,15180.055,15147.463,15116.338,15085.727,15055.158,15024.369,14993.783,14962.808,14932.228,,
Channel Islands,CHI,Agricultural land (sq. km),AG.LND.AGRI.K2,,90,90,90,90,90,90,90,90,89,89,89,89,88,88,88,88,88,87,87,87,87,87,86,86,86,86,86,85,85,85,85,85,84,84,84,84,81,80,79,79,75,74,74,75,76,84,82,81,88,91.1,96.1,95.6,94.6,95.2,92.6,92.9,92.2,85.7,85.7,85.7,85.7,,,,
Chile,CHL,Agricultural land (sq. km),AG.LND.AGRI.K2,,133860,135560,137260,138980,140690,142380,144580,146780,148480,151000,153500,156000,158380,162500,165500,172000,171000,170000,169000,168500,167500,166000,165500,165000,164720,164360,161630,161540,161690,158990,157890,155560,154770,154500,153300,152320,152220,152190,150600,151100,151500,155650,154250,159350,158850,158000,157320,154179.746,151039.502,147184.238,144178.985,140373.731,137168.487,133505.233,130277.969,126380.725,123037.471,118885.217,114658.641,110701.443,108179.961,106372.991,106975.37,,
China,CHN,Agricultural land (sq. km),AG.LND.AGRI.K2,,3423500,3451000,3479500,3508000,3546000,3582000,3618000,3654000,3700000,3746000,3792500,3838700,3894800,3961000,4007100,4066033.333,4124966.667,4184700,4230375,4276040,4329090,4425180,4529280,4645370,4763470,4824560,4877660,4933750,4994850,5056940,5113790,5143140,5182230,5228330,5228330,5228720,5228722.5,5228725,5228727.5,5228730,5234668.444,5240606.889,5246545.333,5252483.778,5258422.222,5264360.667,5270299.111,5276237.556,5282176,5274623,5267130,5259607,5252084,5244561,5237038,5229520,5221990,5214470,5206950,5206010,5205070,5204130,5204130,,
Cote d'Ivoire,CIV,Agricultural land (sq. km),AG.LND.AGRI.K2,,157339.68,158557.22,159149.3,159986.11,160566.44,161093.52,161648.48,161974.95,162245.03,162516.71,163100.86,163100,165082.09,166654.01,168013.74,168996.37,171350.17,172533.64,172902.43,173207.98,174576.96,175883.89,175840,179010,182105.14,183175.02,184174.1,188124.38,185294.19,190572.96,186302.41,186448.05,195020,190060.5,197478.5,197345.09,194960.08,195894.95,196803.62,197556.14,192657.66,193852.62,194250.01,201623.47,204046.57,206815.76,210072.71,209229.73,208920.04,209039.87,210516.57,219305.07,225420.28,230841.67,244659.062,239856.704,247100.249,258667.795,259248.864,262750.117,268369.318,267618.664,274993.096,,
Cameroon,CMR,Agricultural land (sq. km),AG.LND.AGRI.K2,,75100,75700,76200,76800,77400,78000,78700,79200,79700,79780,80280,80950,81600,82800,83950,85100,86440,86710,89120,89300,89600,90100,90600,91100,91600,92300,92100,92100,91900,91700,91500,91600,91600,91600,91600,91600,91600,91600,91600,91600,91600,91600,91600,92100,92130,92130,92130,92630,93130,97000,97500,97500,97500,97500,97500,97500,97709.857,97919.714,98129.571,98339.429,98549.286,98759.143,98969,,
"Congo, Dem. Rep.",COD,Agricultural land (sq. km),AG.LND.AGRI.K2,,250500,250700,251000,251300,251500,251700,252000,252500,253000,253500,254000,254500,255000,255500,255500,256000,256300,256500,256500,257000,257500,257700,258000,258500,259000,259500,259500,259500,259500,259600,259800,260000,260000,260000,258000,258000,257000,257000,256000,256000,255500,255500,255500,255500,255500,255860,256500,257000,268870,284290,296360,308860,314300,322490,324500,326720,332897,336148,338369,338775,338811.833,346940.85,350956.638,,
"Congo, Rep.",COG,Agricultural land (sq. km),AG.LND.AGRI.K2,,105478,105483.5,105504.5,105455.5,105433.5,105430,105431,105432,105458,105474.5,105501,105509.44,105547.83,105561.25,105581.39,105629.27,105619.44,105179.84,105183.5,105219.25,105259.5,105511,105554.5,105577,105638.5,105619.89,105357.32,105380.85,105398.52,105173.37,105199.55,105195.64,105247.96,105138.69,105176.87,105219.98,105350.13,105355.77,105436.65,105399.42,105403.94,105398.29,105401.63,105432.81,105456.54,105487.71,105494.21,105499.76,105632.15,105754.04,105966.15,106020.08,106308.04,106314.16,106234.31,106254.57,106266.18,106314.97,106578,106427,106726,106513,106514,,
Colombia,COL,Agricultural land (sq. km),AG.LND.AGRI.K2,,399700,409720,414930,419950,430080,430200,430230,430250,430300,430300,450540,450680,450840,450990,451150,451300,453150,452610,452770,452920,453080,453230,453390,453560,453750,453950,454010,452830,451830,450830,448840,449830,449030,448650,445130,449200,450820,455430,456680,448590,417450,416070,420510,423910,425570,421740,424360,426140,425400,425030,417210,426176,448156,448000,447844,447688,434870,440480,443540,442099.446,430143.333,417630,404830,,
Comoros,COM,Agricultural land (sq. km),AG.LND.AGRI.K2,,950,950,950,950,950,950,950,950,950,950,950,950,950,950,950,950,950,1000,1000,1000,1000,1000,1000,1100,1100,1100,1130,1140,1140,1140,1150,1150,1180,1200,1220,1240,1260,1260,1270,1280,1300,1310,1320,1330,1330,1330,1330,1330,1330,1330,1330,1330,1330,1330,1330,1330,1330,1330,1330,1330,1330,1330,1330,,
Cabo Verde,CPV,Agricultural land (sq. km),AG.LND.AGRI.K2,,650,650,650,650,650,650,650,650,650,650,650,650,650,650,650,650,650,650,650,650,650,650,650,650,650,650,650,670,670,680,680,690,690,690,700,700,720,720,720,720,740,750,750,760,760,760,760,780,780,780,790,790,790,790,790,790,790,790,790,790,790,790,790,,
Costa Rica,CRI,Agricultural land (sq. km),AG.LND.AGRI.K2,,13950,14100,14200,14850,15550,16350,16360,17160,17900,18560,18870,18870,20480,20480,21220,22050,22870,23600,24430,25160,25990,26790,26820,27480,26810,26120,25390,24630,23780,21986,22036.18,21600,21130,20950,20480,19950,19530,19150,18880,18400,18330,18260,18290,18220,18050,18150,18000,17930,18160,18190,18190,18120,18010,17850,17591.889,17427.328,17262.767,17217.253,17171.74,17126.226,17024.776,16923.326,16923.326,,
Caribbean small states,CSS,Agricultural land (sq. km),AG.LND.AGRI.K2,,17010,17020,17050,17100,17110,17150,17150,17170,17200,17230,17330,17340,17480,17499,17490,14316.506,13850.256,13414.006,12949.756,12436.506,11923.256,11349.006,10714.756,10757.756,10790.756,10854.756,10959.356,10985.756,11052.156,11157.556,11222.956,11278.356,11344.756,11309.156,11270.556,11270.956,11213.356,11144.756,11200.156,11209.756,11154.756,11039.067,11091.378,10991.989,10877,10869.1,10840.2,10848.4,10998.4,11019.4,11039.4,10971.4,11066.4,11111.4,11189.4,11179.4,11169.4,11169.4,11189.4,11209.4,11219.4,11159.4,11153.72,,
Cuba,CUB,Agricultural land (sq. km),AG.LND.AGRI.K2,,35500,38050,40380,47550,45480,45100,46210,47270,47450,50220,50730,55810,58510,56310,58100,59970,60380,59480,58620,59370,59380,60830,61790,61420,62220,64510,67260,67880,67720,67410,67550,67750,67300,66860,66840,66150,66870,66740,66600,65540,66560,66540,66380,65280,66370,66300,66200,65670,65138,64612,64078,64056,63423,62788.8,62403,62267,63000,63000,64010,64010,64010,64010,64010,,
Curacao,CUW,Agricultural land (sq. km),AG.LND.AGRI.K2,,,,,,,,,,,,,,,,,,,,,,,,,,,,,,,,,,,,,,,,,,,,,,,,,,,,,,,,,,,,,,,,,,
Cayman Islands,CYM,Agricultural land (sq. km),AG.LND.AGRI.K2,,27,27,27,27,27,27,27,27,27,27,27,27,27,27,27,27,27,27,27,27,27,27,27,27,27,27,27,27,27,27,27,27,27,27,27,27,27,27,27,27,27,27,27,27,27,27,27,27,27,27,27,27,27,27,27,27,27,27,27,27,27,27,27,,
Cyprus,CYP,Agricultural land (sq. km),AG.LND.AGRI.K2,,4040,4020,4050,4030,4020,4000,4010,4010,3990,3980,3960,3940,3942,2870,1803,1779,1761,1743,1725,1715,1759,1820,1830,1820,1628,1632,1624,1614,1614,1606,1592,1596,1587,1434,1431,1432,1422,1442,1442,1415,1400,1400,1540,1560,1670,1570,1472,1156,1276,1145,1163,1169,1088.3,1089.8,1266.8,1093.9,1214.2,1324.469,1253.284,1276.48,1216.063,1230.403,1289.963,,
Czechia,CZE,Agricultural land (sq. km),AG.LND.AGRI.K2,,42820,42820,42820,42820,42820,42820,42820,42820,42820,42820,42820,42820,42820,42820,42820,42820,42820,42820,42820,42820,42820,42820,42820,42820,42820,42820,42820,42820,42820,42820,42820,42820,42820,42840,42800,42800,42800,42840,42820,42800,42780,36520.6,36684.2,36313.9,36054.9,35659.5,35967,35716.1,35458.7,35239.2,35040.4,35258.9,35210,35160,34940,34880,35210,35230,35236.59,35238.71,35297.97,35304.23,35344.14,,
Germany,DEU,Agricultural land (sq. km),AG.LND.AGRI.K2,,193750,193930,194020,194580,195340,195310,194120,192850,192540,190230,189520,189490,188970,188210,187920,187580,187090,186590,185940,185190,184610,183960,183300,182840,182440,182080,181250,180970,180560,180320,171360,169510,171620,173080,173430,173370,173270,173730,171520,170680,170340,169670,170010,170130,170310,169460,169500,169210,168860,167000,167190,166640,166970,167250,167310,166590,166870,166450,166660,165950,165910,165950,165860,,
Djibouti,DJI,Agricultural land (sq. km),AG.LND.AGRI.K2,,13010,13010,13010,13010,13010,13010,13010,13010,13010,13010,13010,13010,13010,13010,13010,13010,13010,13010,13010,13010,13010,13010,13010,13010,13010,13010,13010,13010,13010,12990,13365,13715,14015,14015,14516,14816,15016,15016,15516,16016,16816,17016,17017,17017,17017,17020,17022,17019,17020,17023,17028,17028,17028,17028,17028,17028,17028,17028,17028,17038,17038,17038,17039,,
Dominica,DMA,Agricultural land (sq. km),AG.LND.AGRI.K2,,170,180,180,180,180,190,190,190,190,190,190,190,190,190,190,190,190,190,190,190,190,190,190,190,190,190,190,180,180,180,180,180,180,180,170,170,170,170,190,210,220,220,220,220,220,220,220,220,230,250,250,250,250,250,250,250,250,250,250,250,250,250,250,,
Denmark,DNK,Agricultural land (sq. km),AG.LND.AGRI.K2,,31600,31410,30880,30680,30330,30270,30230,30170,29910,29750,29510,29560,29860,29320,29370,29330,29270,29210,29200,29050,28970,28870,28460,28550,28340,28190,27980,27870,27740,27880,27700,27560,27390,26910,27260,27160,26880,26720,26440,26470,26760,26650,26580,26460,27070,27100,26630,26680,26340,26260,26900,26240,26280,26526.31,26338.99,26251,26313,26325,26259.65,26199.87,26180,26240,26210,,
Dominican Republic,DOM,Agricultural land (sq. km),AG.LND.AGRI.K2,,21900,22050,22200,22350,22500,22650,22800,22900,23300,23350,23440,23700,24050,24250,24550,25100,25400,25650,25900,26200,26250,26300,26300,26300,26300,26370,26370,26370,26270.833,26171.667,26072.5,25973.333,25874.167,25775,25675.833,25576.667,25477.5,25378.333,25249.167,25150,25150,25150,23686.794,23228.812,23329.288,23006.703,23138.457,22697.484,23248.029,22977.653,23196.591,23031.32,24191.334,24285.596,24201.612,25037.114,25307.874,25781.129,25882.924,25219.321,25260.934,26361.485,26679.089,,
Algeria,DZA,Agricultural land (sq. km),AG.LND.AGRI.K2,,454710,449000,445100,441640,441670,441670,442510,442030,442030,442160,454330,453960,443040,443360,437530,440210,438320,438430,438200,438300,391710,391070,392820,396100,390510,386880,387790,388170,387600,386760,386220,388650,388620,396400,396490,396360,396900,398260,397310,400210,401090,398550,399057,411450,412110,411810,412520,413090,413800,413740,413880,413981.9,414316.35,414310,414564,413602,413351.408,413388.496,413160,412880,412770,413264,413447,,
East Asia & Pacific (excluding high income),EAP,Agricultural land (sq. km),AG.LND.AGRI.K2,,5620108.667,5654922.591,5692559.704,5729417.983,5773886.275,5816061.3,5858868.801,5902272.676,5953705.77,6007091.719,6050268.3,6111979.172,6178491.746,6260185.174,6319148.767,6238886.568,6315023.731,6384619.077,6430301.78,6486093.171,6548903.501,6655544.767,6769101.766,6882306.2,7032687.5,7122341,7213627,7288705,7362910,7435235.65,7464162.03,7467426.67,7468886.17,7511564.57,7522147.55,7530149.86,7639917.84,7647157,7673948.73,7689016.8,7710190.144,7724458.619,7582453.983,7596865.864,7609025.894,7640605.875,7664037.555,7680737.006,7696567.928,7697301.432,7703619.406,7700786.859,7702957.366,7697288.937,7711647.041,7708994.018,7702528.423,7707309.903,7706972.974,7706478.785,7712388.7,7708017.311,7654830.864,,
Early-demographic dividend,EAR,Agricultural land (sq. km),AG.LND.AGRI.K2,,11580540.15,11574405.92,11561522.98,11550305.95,11543872.12,11543670.26,11541259.64,11545974.37,11527739.95,11535899.47,11544781.46,11592516.43,11620034.25,11633238.13,11643931.79,11655002.25,11678764.25,11707827.3,11746902.96,11752573.91,11727293.99,11760570.26,11777515.24,11886884.23,11980912.71,12064555.05,12193127.86,12267185.92,12358649.69,12429546.04,12439516.21,12447320.98,12859568.3,12951347.5,13047709.46,13131693.26,13219469.31,13318270.47,13410509.65,13419067.79,13448064.71,13462018.57,13463108.18,13497477.05,13343396.84,13356840.9,13375491.31,13294408.35,13278560.78,13281875.52,13279665.85,13281781.17,13275428.78,13251385.88,13271914.66,13262701.79,13251354.15,13258435.94,13271489.68,13343370.22,13359794.16,13355126.74,13326182.91,,
East Asia & Pacific,EAS,Agricultural land (sq. km),AG.LND.AGRI.K2,,10601458.41,10658017.21,10723040.79,10786591.38,10874611.77,10923597.42,10991722.59,11274673.72,11296358.68,11175366.71,11277677.25,11345131.74,11391910.1,11497869.31,11552860.19,11488155.27,11470836.72,11588126.35,11604187.33,11685096.01,11752748.62,11805452.17,11848681.45,11988128.17,12139506.75,12046157.54,12160680.82,12244846.11,12267913.39,12311001.32,12321033.16,12354142.13,12294262.06,12424970.66,12375333.99,12399166.59,12476455.49,12497795.66,12420418.46,12451207.83,12472402.45,12397471.74,12178182.64,11746432.11,11909534.32,11927863.78,11842375.55,11766645.58,11732733.09,11653263.58,11856067.03,11761228.41,11608993.67,11629472.54,11376346.04,11316829.41,11602419.21,11475713.48,11509196.95,11439277.15,11522391.46,11505435.17,11448691.2,,
Europe & Central Asia (excluding high income),ECA,Agricultural land (sq. km),AG.LND.AGRI.K2,,4071472,4072782,4080012,4079202,4079312,4081222,4079422,4082392,4092762,4088062,4089122,4093982,4093312,4088482,4084402,4083762,4085362,4085572,4094072,4090952,4091272,4077032,4072262,4081242,4086402,4089922,4099362,4097782,4104052,4101962,4105922,4104292,4106516,4108900,4061116,4044428,4046025,4044909,4044317,4048137,4043152,4031518,4018530,4012248,4004586,3991680,3972125,3959377,3951059,4002816,3988894,3995302.25,4000096.8,4008682.85,4010508,4015577.25,4018387.31,4018251.56,4003779,4008675.05,4011917.1,4006834.5,3999084.032,,
Europe & Central Asia,ECS,Agricultural land (sq. km),AG.LND.AGRI.K2,,8619455.32,8618657.32,8619762.32,8611844.32,8604091.32,8602106.32,8598310.32,8592330.32,8602094.32,8575157.32,8555206.32,8552603.32,8544531.32,8534784.32,8524587.32,8518130.32,8516819.32,8516476.32,8519669.607,8509583.886,8505118.202,8488908.714,8472348.37,8479049.882,8479941.844,8479359.337,8486652.278,8479591.361,8479685.586,8470073.623,8451683.46,8440236.108,8403943.896,8390382.823,8313483.81,8291139.115,8304980.611,8290356.174,8280137.011,8265184.495,8235005.076,8197398.646,8162478.079,8142799.149,8130249.721,8106856.577,8063701.376,8059555.263,8037178.083,8072390.857,8048063.956,8045282.655,8046707.691,8038523.718,8037328.625,8034785.461,8038062.699,8031710.06,8031182.642,8012632.988,8012897.729,8007972.73,7979615.185,,
Ecuador,ECU,Agricultural land (sq. km),AG.LND.AGRI.K2,,47100,47100,47200,47200,47300,47300,47400,47350,47950,48550,49150,49750,50350,51680,53850,55550,58350,60050,61900,64780,67590,69600,70950,72550,74200,75800,77210,77260,77530,78460,79140,79530,79750,81290,81080,79870,80120,80270,80750,80660,77850,74900,72500,75270,75000,74440,74120,74450,75344,74977,73461,75069,75130,54750,57890,55160,55900,54480,53300,54200,54700,53480,53500,,
"Egypt, Arab Rep.",EGY,Agricultural land (sq. km),AG.LND.AGRI.K2,,25680,25050,24900,25060,26720,27800,28010,28010,28350,28430,28520,28550,28550,28430,28250,27300,26350,25400,24470,24450,24680,24452.4,24347.4,24582.6,24970,25670,25470,25810,25710,26480,26430,29962.8,30151.8,30126.6,32830,31764.6,32449.2,32596.2,34830,32910,33380,34240,34090,34780,35230,35330,35380,35420,36890,36710,36200,36960,37309.7,37151.9,37898.771,37337.654,38369.688,38630,39220,39710,40310,40580,40580,,
Euro area,EMU,Agricultural land (sq. km),AG.LND.AGRI.K2,,1544010,1543441,1540941,1535435,1531808,1528782,1528404,1520710,1523038,1508486,1488650,1483959,1478225,1475426,1470332,1465042,1463809,1464168,1459799,1453892,1452396,1451280,1440856,1438292,1435881,1432743,1430857,1423048,1422023,1415767,1394691,1389414,1384929,1381513,1365738,1363202,1357293.4,1352508.8,1351458.2,1336468.4,1320047.2,1310350.2,1299805.1,1293838.1,1295877.9,1280885.6,1269013.2,1276480.2,1266864.2,1262457,1250927.7,1247451.2,1243732.5,1227524.2,1226188,1219905.22,1219269.706,1213510.967,1221775.692,1210284.789,1208549.318,1213753.024,1193175.009,,
Eritrea,ERI,Agricultural land (sq. km),AG.LND.AGRI.K2,,,,,,,,,,,,,,,,,,,,,,,,,,,,,,,,,,74000,74060,74070,73380,73600,74670,74670,75300,75320,75320,75670,75000,75220,75720,75720,75720,75920,75920,75920,75920,75920,75920,75920,75920,75920,75920,75920,75920,75920,75920,75920,,
Spain,ESP,Agricultural land (sq. km),AG.LND.AGRI.K2,,332300,332320,331370,327530,326940,321560,323820,321590,325270,321190,326840,325680,322800,320780,319210,315160,315900,314780,313550,312380,312060,311910,307910,306280,307120,306100,306010,305780,307010,304720,303710,302790,300330,301830,297190,301390,300590,299580,297780,297660,295200,294190,291530,290710,291640,286130,280040,281420,279700,275450,270140,269420,267332,265780,265765,262657,262955.3,261833.239,262066.906,261426.381,262284.464,266633.633,247726.62,,
Estonia,EST,Agricultural land (sq. km),AG.LND.AGRI.K2,,13740,13740,13740,13740,13740,13740,13740,13740,13740,13740,13740,13740,13740,13740,13740,13740,13740,13740,13740,13740,13740,13740,13740,13740,13740,13740,13740,13740,13740,13740,13740,13740,13200,11010,9910,10050,10230,10430,10010,9860,8900,6982,8287,7704,8819,8985,9146,9068,9318,9488,9460,9559,9650,9740,9930,10030,9820,9850,9884,9850,9870,9860,9880,,
Ethiopia,ETH,Agricultural land (sq. km),AG.LND.AGRI.K2,,,,,,,,,,,,,,,,,,,,,,,,,,,,,,,,,,305400,304720,305000,305000,304920,304490,305570,305340,305590,304980,316070,331010,335910,342190,350770,345130,349850,356830,363252,364880,367817.46,369552.44,372046.83,373645.94,375401,379030,381900,384761,387703.41,384569.33,384569.33,,
European Union,EUU,Agricultural land (sq. km),AG.LND.AGRI.K2,,2080860,2079011,2073371,2066875,2060348,2056932,2055014,2047430,2047348,2032066,2011540,2005279,1998735,1994596,1989182,1983652,1981599,1981218,1975589,1968782,1965526,1963930,1952806,1950622,1946711,1942913,1940937,1932368,1927253,1920957,1898901,1889924,1885079,1881093,1864448,1860532,1854063.4,1848208.8,1846678.2,1826719.4,1804636.2,1780579.8,1762696.3,1751354,1750504.8,1733196.1,1711879.2,1719884.3,1709564.9,1694173.2,1684479.1,1675265.1,1671303.3,1654751.21,1652680.49,1643015.42,1642336.406,1637289.867,1649591.932,1628770.095,1626281.174,1624547.374,1608329.609,,
Finland,FIN,Agricultural land (sq. km),AG.LND.AGRI.K2,,27657,27851,28065,28256,28415,28594,28734,28861,27655,27242,27037,26137,25821,26054,26138,26119,25976,25851,25675,25360,25167,24877,24504,24257,24084,23934,24080,23732,23858,23930,24248,24065,23837,24119,22440,22180,21500,21920,22014,22180,22220,22360,22460,22530,22738,23008,22949,22964,22965,22919,22866,22851,22585,22671,22734,22750,22700,22720,22740,22700,22680,22660,22620,,
Fiji,FJI,Agricultural land (sq. km),AG.LND.AGRI.K2,,2270,2270,2280,2280,2230,2230,2210,2190,2210,2210,2210,2300,2350,2400,2450,2600,2700,2800,2850,2900,3000,3100,3200,3300,3450,3500,3650,3800,3950,4100,4240,4182,4124,4066,4008,3950,3892,3834,3776,3718,3660,3602,3544,3486,3428,3370,3312,3254,3198,3191,3184,3177,3170,3163,3156,3149,3142,3135,3128,3116,3116,3116,3116,,
France,FRA,Agricultural land (sq. km),AG.LND.AGRI.K2,,345390,344400,343540,341090,340010,338460,336290,331780,331730,324950,326230,325150,324600,324420,323570,320210,319100,319610,318340,317220,316870,316460,315650,315080,314420,313950,313530,308300,307409,305928,304849,303843,302913,302049,301502,300963,300396,299800,299291,298074,297133,296107,295346,294584,293904,293127,292061,291101,290199,289263,288786,288448,287737,287665,287269,287180.21,286974.99,286601,285188.491,284186.56,284251.539,283885.926,282972.45,,
Faroe Islands,FRO,Agricultural land (sq. km),AG.LND.AGRI.K2,,965.32,965.32,965.32,965.32,965.32,965.32,965.32,965.32,965.32,965.32,965.32,965.32,965.32,965.32,965.32,965.32,965.32,965.32,965.32,965.32,965.32,965.32,965.32,965.32,965.32,965.32,965.32,965.32,965.32,965.32,965.32,965.32,965.32,965.32,965.24,965.01,965.01,964.93,964.93,964.93,964.93,965.39,965.39,965.39,965.39,965.39,965.39,965.39,964.1,963.95,964.03,964.03,964.03,964.18,964.18,963.5,963.5,963.35,963.35,960.7,960.7,960,960.7,,
"Micronesia, Fed. Sts.",FSM,Agricultural land (sq. km),AG.LND.AGRI.K2,,225,225,225,225,225,225,225,225,225,225,225,225,225,225,225,225,225,225,225,225,225,225,225,225,225,225,225,225,225,225,55,55,55,55,55,55,55,55,55,55,55,55,55,55,55,55,55,55,50,50,50,50,50,50,50,50,50,50,50,50,50,50,50,,
Gabon,GAB,Agricultural land (sq. km),AG.LND.AGRI.K2,,16773.8,16923.8,17073.8,17223.8,17373.8,17523.8,17673.8,17823.8,17973.8,18123.8,18323.8,18473.8,18673.8,18823.8,19013.8,19363.8,19593.8,19813.8,19833.8,19853.8,19873.8,19893.8,19913.8,19933.8,19953.8,19973.8,19993.8,20013.8,20033.8,20053.8,20115.42,20177.04,20238.66,20300.28,20361.9,20423.52,20485.14,20546.76,20608.38,20670,20720.59,20771.18,20821.77,20872.36,20922.95,20973.54,21024.13,21074.72,21125.31,21175.9,21294.72,21413.54,21532.36,21532.36,21532.36,21532.36,21532.36,21532.36,21532.36,21532.36,21532.36,21532.36,21532.36,,
United Kingdom,GBR,Agricultural land (sq. km),AG.LND.AGRI.K2,,198000,197790,197470,197030,195850,195500,195540,194260,193800,188490,188430,187560,186960,186380,185830,185680,184900,184780,184520,184690,183200,182810,182160,182020,181680,181300,181160,184230,183060,182030,181430,180700,175340,174090,173790,174940,175850,175180,172190,169640,169530,169760,169560,170510,169560,178380,176470,176840,173250,172240,171640,171820,172502,172320,171380,173499.818,174661.525,173508.616,175212.961,172592.981,172151.41,174145.186,170094.506,,
Georgia,GEO,Agricultural land (sq. km),AG.LND.AGRI.K2,,32290,32290,32290,32290,32290,32290,32290,32290,32290,32290,32290,32290,32290,32290,32290,32290,32290,32290,32290,32290,32290,32290,32290,32290,32290,32290,32290,32290,32290,32290,32290,32290,31280,30970,30480,30350,30370,30450,29990,30000,30030,30040,30060,24920,25200,25180,25170,25140,24980,24600,24424,24350,24861,24160,24181,23940,23848,23742,23726,23779,23799,23839,23719,,
Ghana,GHA,Agricultural land (sq. km),AG.LND.AGRI.K2,,117000,117000,117000,117000,117000,117000,117000,117000,117000,117000,117000,117000,117000,117000,118000,118000,118000,119000,119000,119000,119000,120920,120840,122760,123680,123600,124520,125440,125360,126280,127200,127200,128000,129000,131000,133000,135826.95,129852.107,130595.504,127655.201,128980.308,130504.795,125911.292,118695.739,121195.796,120437.923,124722.52,120047.607,123104.654,124004.38,123078.457,123503.384,124630.761,123746.548,124155.145,123579.422,120839.639,122175.416,124799.743,126037.4,126037.4,126037.4,126037.4,,
Gibraltar,GIB,Agricultural land (sq. km),AG.LND.AGRI.K2,,,,,,,,,,,,,,,,,,,,,,,,,,,,,,,,,,,,,,,,,,,,,,,,,,,,,,,,,,,,,,,,,,
Guinea,GIN,Agricultural land (sq. km),AG.LND.AGRI.K2,,138570,138530,138430,138400,138415,138530,138588,138576,138443,138447.5,138582.5,138632.5,138639.7,138600.9,138612.2,138720,138668.5,138632.93,138845.26,138851.38,138833.08,138808.35,138915.68,139004.16,139138.71,138838,138843,139368.45,139281.17,140501.09,139806.33,140200.98,140296.05,140528.45,140426.8,140536.09,140552.53,140656.31,140608.56,140640.57,140624.96,140976.19,141146.26,141199.41,141294.17,142009.015,143301.131,144800.159,143654.275,150599.275,151096.877,155618.124,156498.882,160272.736,162393.15,163426.432,165332.078,167036.823,166872.996,169785.307,173363.621,176792.885,179938.91,,
"Gambia, The",GMB,Agricultural land (sq. km),AG.LND.AGRI.K2,,5240,5250,5260,5270,5280,5290,5310,5310,5330,5340,5370,5420,5470,5740,5680,5670,5740,5810,5700,5630,5850,6060,5870,5730,5730,5800,5850,5980,5780,5820,5820,5480,5470,5570,5570,5570,5570,5670,5670,5060,4840,4910,4710,4780,4850,4960,4960,5660,6220,6440,6440,6440,6440,6440,6440,6440,6340,6340,6340,6340,6340,6340,6340,,
Guinea-Bissau,GNB,Agricultural land (sq. km),AG.LND.AGRI.K2,,4896.7,4896.7,4896.7,4896.7,4896.7,4896.7,4996.7,4996.7,4996.7,4996.7,4996.7,4996.7,5046.7,5096.7,5096.7,5096.7,5106.7,5106.7,5116.7,5146.7,5216.7,5346.7,5446.7,5716.7,5796.7,5466.7,5416.7,5316.7,5686.7,5786.7,5824.5,5824.5,6024.5,6124.5,6208.95,6293.4,6377.85,6462.3,6546.75,6631.2,6715.65,6800.1,6884.55,6969,7053.45,7137.9,7222.35,7306.8,7391.25,7475.7,7560.14,7644.58,7729.02,7813.46,7897.9,7948.454,7948.841,8106.038,8169.532,8249.114,8393.548,8330.244,8405.305,,
Equatorial Guinea,GNQ,Agricultural land (sq. km),AG.LND.AGRI.K2,,1468.5,1448.5,1438.5,1418.5,1408.5,1388.5,1378.5,1358.5,1348.5,1328.5,1318.5,1298.5,1288.5,1268.5,1258.5,1238.5,1228.5,1208.5,1198.5,1178.5,1168.5,1148.5,1138.5,1078.5,1078.5,1078.5,1078.5,1078.5,1078.5,1038.5,1038.5,1048.5,1028.5,1028.5,1028.5,1038.5,1048.5,1028.5,1028.5,1028.5,1028.5,1028.5,1028.5,1028.5,1029.8,1031.1,1032.4,1033.7,1035,1036.3,1037.6,1038.9,1040.2,1041.5,1042.8,1044.1,1045.4,1046.7,1048,1049.2,1049.2,1049.2,1047.2,,
Greece,GRC,Agricultural land (sq. km),AG.LND.AGRI.K2,,89100,89020,90210,89910,86780,90900,91130,91430,91440,91550,91550,91600,91430,91410,91180,91150,91120,91750,91810,91800,92060,92060,91820,92090,91840,91800,91770,91790,92150,92220,91640,91670,91600,91700,91640,91720,89850,87820,86700,85290,84380,83430,82520,80800,80050,78630,77530,76570,75600,74890,73960,72830,71530,62010,61990,61360,60535.408,59436.904,58635.662,56246.605,57119.286,53720.386,53720.387,,
Grenada,GRD,Agricultural land (sq. km),AG.LND.AGRI.K2,,220,220,220,220,220,220,220,220,220,220,220,200,200,200,200,200,200,190,190,160,160,160,160,160,140,140,130,130,130,130,120,120,120,120,110,110,110,110,120,120,130,130,120,120,90,90,90,90,100,100,100,80,80,80,80,80,80,80,80,80,80,80,80,,
Greenland,GRL,Agricultural land (sq. km),AG.LND.AGRI.K2,,2350,2350,2350,2350,2350,2350,2350,2350,2350,2350,2350,2350,2350,2350,2350,2350,2350,2350,2350,2350,2350,2350,2350,2350,2353,2356,2359,2362,2365,2368,2371,2374,2377,2380,2383,2386,2389,2392,2395,2398,2401,2404,2407,2410,2413,2416,2419,2422,2425,2428,2431,2434,2430.7,2430.8,2431,2431.1,2431.1,2431.1,2431.1,2431.1,2431.1,2431.1,2431.1,,
Guatemala,GTM,Agricultural land (sq. km),AG.LND.AGRI.K2,,26460,26580,26700,26820,26940,27060,27280,27400,27420,27550,27670,28000,28430,28750,28880,29300,29930,30050,30160,30500,30670,31040,31190,37850,37850,37850,37850,42850,42850,42850,42850,42850,44820,45120,45120,45120,45744.3,46368.6,46992.9,47617.2,48241.5,48865.8,49490,47230,45620,43154.512,44480,44340,43696,43172,42948,42624,42230,42849,44640,44938,45236,45534,45832,46120,46120,46120,46120,,
Guam,GUM,Agricultural land (sq. km),AG.LND.AGRI.K2,,160,160,170,170,170,170,170,170,170,170,170,170,170,170,170,170,170,170,180,180,200,200,200,200,200,200,200,200,200,200,200,200,200,200,200,200,200,200,200,200,200,200,200,200,200,200,190,190,180,180,180,180,180,180,170,170,170,160,160,160,160,160,160,,
Guyana,GUY,Agricultural land (sq. km),AG.LND.AGRI.K2,,13590,13590,13590,13590,13590,13640,13640,13660,13660,13710,13710,13740,13760,13760,13780,10586.506,10080.256,9574.006,9067.756,8561.506,8055.256,7549.006,7042.756,7072.756,7072.756,7092.756,7092.756,7092.756,7112.756,7112.756,7112.756,7112.756,7112.756,7112.756,7132.756,7142.756,7142.756,7142.756,7142.756,7152.756,7172.756,7177.067,7181.378,7185.689,7190,7190,7190,7190,7190,7190,7190,7190,7190,7190,7190,7190,7190,7190,7190,7190,7200,7200,7200,,
High income,HIC,Agricultural land (sq. km),AG.LND.AGRI.K2,,15853424.07,15843119.94,15844541.4,15846166.72,15856575.81,15859501.44,15880613.11,16116979.37,16083885.23,15926692.31,15943212.27,15921309.89,15876530.67,15877886.46,15871976.74,15886523.43,15787850.56,15809005.6,15769730.92,15783916.23,15780066.58,15755043.12,15673238.81,15748232.61,15795331.85,15657985.55,15684256.86,15739883.22,15734779.73,15748296.05,15709483.99,15712052.32,15654966.54,15777808.75,15746142.17,15785782.85,15820965.36,15898270,15847325,15851677.87,15832498.31,15710842.48,15609067.95,15152154.5,15295521.45,15258111.17,15117161.04,15045745.67,14993451.05,14903451.06,15101832.71,15014461.85,14863410.28,14878636.03,14613676.44,14552302.85,14848542.44,14694993.41,14724506.44,14609020.12,14668158.3,14644078.07,14619496.43,,
"Hong Kong SAR, China",HKG,Agricultural land (sq. km),AG.LND.AGRI.K2,,140,140,140,130,130,130,130,130,130,130,120,120,120,120,100,100,90,80,80,90,90,90,90,90,90,90,90,90,80,80,80,80,80,80,80,80,70,70,70,70,70,70,70,70,70,60,60,60,60,55,55,51,51,51,51,50,51,50,50,40,40,40,40,,
Honduras,HND,Agricultural land (sq. km),AG.LND.AGRI.K2,,29800,29900,29950,30000,30050,30150,30250,30300,30300,30400,30450,30800,30900,30960,31350,31700,32450,32570,32570,32570,32640,32690,32700,32770,32780,32850,32850,32850,33710,33200,33420,33550,35480,35200,34800,34800,33950,33950,33370,29350,29360,30280,31530,31400,31500,31600,31600,31840,31980,32680,33110,33580,33700,33750,33750,34240,34880,35090,35090,35380,35760,35760,35760,,
Heavily indebted poor countries (HIPC),HPC,Agricultural land (sq. km),AG.LND.AGRI.K2,,5177207.58,5182386.52,5197775.15,5209133.56,5216056.89,5221605.42,5226947.38,5241320.85,5249260.58,5252999.74,5273834.91,5282503.39,5287053.07,5289960.61,5306313.43,5312441.546,5324153.226,5339188.916,5346239.806,5355799.386,5374227.096,5384146.046,5396641.986,5413942.471,5434496.476,5454426.92,5458089.945,5471427.6,5477848.885,5498190.279,5518161.194,5540082.431,5954675.478,5980312.401,6016364.685,6046850.746,6079969.013,6096464.381,6134728.077,6161620.39,6187070.04,6206523.486,6240476.945,6259445.748,6339254.88,6365100.82,6400493.861,6422710.53,6463610.78,6510761.015,6548653.479,7708927.561,7756340.181,7787571.136,7824888.166,7843022.387,7873733.548,7917575.724,7938859.519,7959458.717,7981994.035,7995939.514,8007425.064,,
Croatia,HRV,Agricultural land (sq. km),AG.LND.AGRI.K2,,24040,24040,24040,24040,24040,24040,24040,24040,24040,24040,24040,24040,24040,24040,24040,24040,24040,24040,24040,24040,24040,24040,24040,24040,24040,24040,24040,24040,24040,24040,24040,24040,22720,23120,23320,19350,19410,20480,20320,11690,11780,11810,11960,11760,12110,12300,12020,12891,12996,13338,13261,13310,15673,15085,15372,15460,14970,14840,15040,15050,14760,14480,14860,,
Haiti,HTI,Agricultural land (sq. km),AG.LND.AGRI.K2,,16600,16650,16700,16750,16800,16850,16900,16950,17000,17050,17100,15840,15830,15830,15830,15850,15850,15950,15950,16000,16000,16000,16000,16000,16000,16000,16000,15990,15980,15970,15960,15750,15750,15950,15900,15900,16900,16900,16900,16900,16700,16700,16700,16700,17700,17700,17700,17700,18163.3,19840,20090,20240,20680,20680,20680,20680,20100,19950,17900,17900,17950,17950,17950,,
Hungary,HUN,Agricultural land (sq. km),AG.LND.AGRI.K2,,70830,70120,69840,69790,69530,69270,69140,69030,68880,68750,68550,68460,68350,67820,67700,67570,67290,66980,66510,66270,66010,65820,65710,65540,65390,65230,65110,64970,64840,64740,64600,61360,61300,61220,61790,61840,61950,61930,61860,58540,58650,58490,58650,58640,58630,58090,58070,57900,57830,53430,53370,53380,52570,52640,52640,52820,53030,52960,52780,49166.726,50436.886,50760.12,50830.46,,
IBRD only,IBD,Agricultural land (sq. km),AG.LND.AGRI.K2,,22755452.97,22828529.89,22892773,22954150.28,23034718.58,23117898.6,23192410.1,23285197.98,23370889.07,23467794.02,23596059.6,23726708.47,23849955.11,23982264.6,24082912.25,24065629.11,24209267.33,24346251.74,24471303.5,24566179.04,24622421.35,24751844.07,24917299.13,25094373.83,25276247.5,25367437.61,25475750.54,25550291.03,25629237.24,25698534.6,25752740.74,25760157.43,25739520.49,25769550.17,25701849.24,25694758.65,25827738.08,25846740.1,25862906.23,25865744.6,25841005.52,25845499.52,25683402.34,25701752.02,25535574.14,25541791.51,25547465,25483659.21,25469907.12,25538833.4,25524347.65,25526993.79,25543674.01,25500425.04,25525000.05,25503378.67,25466465.46,25453840.7,25439106.75,25488423.68,25494618.18,25449468.65,25362117.35,,
IDA & IBRD total,IBT,Agricultural land (sq. km),AG.LND.AGRI.K2,,30062351.84,30145961.16,30234438.56,30313983.95,30408630.16,30495347.23,30575616.59,30679183.49,30758737.71,30865289.61,30999166.98,31148305.43,31287424.04,31415372.77,31532234.12,31523000.82,31673639.04,31832326.23,31961043.39,32080375.41,32144672.53,32306270.26,32465280.19,32669499.96,32884339.33,32982652.06,33111757.01,33197820.63,33294672.03,33384657.42,33467304.32,33502140.15,33902513.44,33977356.98,33973375.81,33996241.53,34169892.59,34211793.36,34278106.59,34313143.3,34322755.13,34346459.44,34228191.59,34264953.38,34180319.92,34215695.04,34258884.29,34214807.77,34243426.46,34350073.86,34384606.45,35834740.08,35897387.35,35890545.92,35955906.4,35964782.99,35965264.07,35999560.54,35997163.25,36079441.36,36100412.38,36072854.65,35999422.39,,
IDA total,IDA,Agricultural land (sq. km),AG.LND.AGRI.K2,,7306898.876,7317431.271,7341665.554,7359833.663,7373911.58,7377448.633,7383206.49,7393985.516,7387848.643,7397495.586,7403107.377,7421596.961,7437468.936,7433108.176,7449321.868,7457371.714,7464371.707,7486074.485,7489739.884,7514196.371,7522251.18,7554426.185,7547981.052,7575126.137,7608091.836,7615214.447,7636006.467,7647529.597,7665434.794,7686122.816,7714563.58,7741982.717,8162992.946,8207806.813,8271526.565,8301482.876,8342154.507,8365053.267,8415200.358,8447398.697,8481749.61,8500959.928,8544789.247,8563201.359,8644745.781,8673903.534,8711419.29,8731148.561,8773519.341,8811240.461,8860258.802,10307746.29,10353713.35,10390120.88,10430906.35,10461404.32,10498798.61,10545719.84,10558056.5,10591017.69,10605794.2,10623385.99,10637305.04,,
IDA blend,IDB,Agricultural land (sq. km),AG.LND.AGRI.K2,,1891273.976,1896700.471,1900809.204,1909556.713,1921889.63,1925571.733,1926213.59,1926326.616,1916466.093,1921807.056,1922169.327,1926378.011,1940800.786,1939837.826,1950738.568,1952980.808,1959173.091,1966324.049,1972116.008,1986239.215,1981765.544,2006414.029,1989350.566,2007217.666,2020220,2011243.437,2023759.942,2020450.227,2030873.619,2034189.867,2040839.346,2054596.976,2070174.208,2083127.092,2115691.79,2113934.56,2119928.104,2127699.606,2138402.551,2142206.867,2142538.17,2143454.352,2145370.942,2149413.891,2152647.011,2156270.962,2159380.905,2153859.854,2156549.542,2159423.135,2174842.752,2187400.676,2193085.685,2204313.887,2219813.548,2224547.38,2233109.045,2252447.594,2249337.122,2263044.723,2264952.555,2267414.277,2275939.789,,
Indonesia,IDN,Agricultural land (sq. km),AG.LND.AGRI.K2,,312295.267,314160.091,316335.004,317491.783,319946.875,321621,322838.001,326770.676,330626.37,332031.619,335930.5,339658.872,342537.846,345272.474,349264.367,349104.035,351138.664,353968.077,358535.68,362666.171,366409.601,370357.867,372225.366,370520,392785,412920,434850,441370,444350,450830,415240,413560,420160,419710,429780,429680,429680,431180,441180,446180,454410,460410,465410,466326.306,468242.612,479158.918,489075.224,491991.53,498907.836,498824.142,508740.448,508656.754,513573.06,516489.366,518405.672,523321.978,521197.284,533437.59,539792.896,543823.202,548005.508,548980.814,551222.03,,
IDA only,IDX,Agricultural land (sq. km),AG.LND.AGRI.K2,,5415624.9,5420730.8,5440856.35,5450276.95,5452021.95,5451876.9,5456992.9,5467658.9,5471382.55,5475688.53,5480938.05,5495218.95,5496668.15,5493270.35,5498583.3,5504390.906,5505198.616,5519750.436,5517623.876,5527957.156,5540485.636,5548012.156,5558630.486,5567908.471,5587871.836,5603971.01,5612246.525,5627079.37,5634561.175,5651932.949,5673724.234,5687385.741,6092818.738,6124679.721,6155834.775,6187548.316,6222226.403,6237353.661,6276797.807,6305191.83,6339211.44,6357505.576,6399418.305,6413787.468,6492098.77,6517632.572,6552038.385,6577288.707,6616969.799,6651817.326,6685416.05,8120345.617,8160627.662,8185806.989,8211092.801,8236856.939,8265689.564,8293272.244,8308719.379,8327972.962,8340841.64,8355971.715,8361365.249,,
Isle of Man,IMN,Agricultural land (sq. km),AG.LND.AGRI.K2,,325,325,322,318,320,310,311,312,316,316,316,320,324,328,332,337,341,345,349,354,358,363,366,370,374,379,383,387,391,396,400,404,408,413,417,421,425,430,434,438,442,454,457.7,458,461.1,423.6,421.2,442.8,434.2,433.8,426.1,384,388,389,411,402,404,412,402,402,392,407,393.812,,
India,IND,Agricultural land (sq. km),AG.LND.AGRI.K2,,1749520,1764820,1761540,1767120,1771770,1775300,1778070,1783640,1777920,1780520,1778170,1779460,1787510,1792820,1796940,1796490,1795910,1805920,1805800,1802720,1804010,1807710,1804620,1814520,1813400,1811920,1815430,1810910,1815010,1814130,1815860,1813050,1813820,1812910,1809450,1805890,1809810,1808740,1810210,1809750,1804870,1805600,1802490,1803750,1801260,1799060,1796200,1797570,1800680,1795730,1796700,1796420,1796980,1797280,1796750,1795780,1792360,1791160,1790450,1785280,1785423.333,1785566.667,1785710,,
Not classified,INX,Agricultural land (sq. km),AG.LND.AGRI.K2,,,,,,,,,,,,,,,,,,,,,,,,,,,,,,,,,,,,,,,,,,,,,,,,,,,,,,,,,,,,,,,,,,
Ireland,IRL,Agricultural land (sq. km),AG.LND.AGRI.K2,,45580,46137,46169,46596,47078,47537,47826,48029,48160,47943,48240,48274,48420,48488,48355,48520,48808,48853,48962,49315,49091,48952,48765,48934,48836,48449,48170,48005,46767,45374,44448,44162,44073,43936,43887,43418,43556.4,43694.8,43833.2,43961.6,44100,43730,43700,43050,43020,42600,42760,46290,45939.2,45680,45550,45330,44770,44660,44300,44610,44890,45160,45240,45120,43370,43480,41890,,
"Iran, Islamic Rep.",IRN,Agricultural land (sq. km),AG.LND.AGRI.K2,,592710,592900,593500,594100,594700,594800,595500,596000,596700,597000,601540,608000,614810,609600,604400,599500,596930,588670,599080,577130,582800,588670,592100,595400,603700,607000,610300,618710,617000,615000,629970,637870,641520,641570,642080,644270,638320,647870,636870,628840,638230,640440,642650,644860,476310,478520,480730,466850,466862,465394,463926,462458,459540,459540,459540,459540,464350,469150,469880,470280,470670,470670,470670,,
Iraq,IRQ,Agricultural land (sq. km),AG.LND.AGRI.K2,,88000,88550,89100,88650,89200,89250,89800,89850,89900,89930,89990,91600,91700,92800,92850,92850,92850,93890,94390,94390,94390,94500,94500,94500,94650,94827,94662,95105,92314,92378,96281,95420,98727,93235,90653,90703,86475,86389,84801,84952,84861,86841,86849,86295,87754,89784,91337,82012,78458,82187,85263,85681,88853.5,93342,92748,93227,93388,93790,94508,94534,94831,94547,94774,,
Iceland,ISL,Agricultural land (sq. km),AG.LND.AGRI.K2,,21200,21200,21200,21200,21200,21200,21200,21200,21200,20010,19910,19810,19710,19600,19500,19400,19310,19210,19110,19000,19000,19000,19000,19000,19000,19000,19000,19000,19000,19010,19010,19010,19000,19000,18990,18970,18950,18910,18890,18890,18890,18870,18850,18840,18820,18810,18760,18760,18750,18740,18732,18722,18722,18722,18720,18720,18720,18720,18720,18720,18720,18720,16380,,
Israel,ISR,Agricultural land (sq. km),AG.LND.AGRI.K2,,5110,5050,5220,5250,5140,5250,5250,5210,5230,5250,5270,5270,5370,5450,5400,5300,5310,5330,5330,5330,5380,5400,5530,5640,5750,5790,5770,5760,5750,5790,5780,5770,5770,5790,5730,5640,5630,5620,5590,5660,5610,5630,5510,5135,5145,5088,5181,5156,5226,5045,5170,5262,5203,5377,5339,5520,6440,6413,6384,5418,5390,5346,5367,,
Italy,ITA,Agricultural land (sq. km),AG.LND.AGRI.K2,,206830,206520,205100,204620,204400,204050,203790,203550,202270,201800,176490,175080,174820,175020,175170,175290,175010,175890,176080,175620,175510,175360,172600,172440,170950,170420,170120,168390,168500,168400,160540,159780,159100,157020,153330,153490,153450,154840,157990,156370,155020,152730,149070,148830,147360,142030,141620,144572,139824,143278,138526,137290,136300,131620,129450,128120,128265.7,124050,131209.62,125183.7,124030.309,130007.82,130875.57,,
Jamaica,JAM,Agricultural land (sq. km),AG.LND.AGRI.K2,,5330,5350,5350,5330,5070,5170,5170,5170,5170,5070,5070,5070,5070,5070,5070,5070,5070,5070,4970,4970,4970,4870,4770,4770,4770,4770,4770,4770,4770,4760,4760,4760,5030,5000,4970,4940,4890,4840,4820,4790,4790,4740,4740,4720,4670,4670,4640,4490,4460,4213,4205,4198,4188,4179,4170,4170,4170,4170,4170,4170,4170,4170,4170,,
Jordan,JOR,Agricultural land (sq. km),AG.LND.AGRI.K2,,10840,10860,10870,10910,10920,10940,10970,10990,11000,11040,11050,11090,11100,11140,11150,11170,11180,11220,11250,11270,11176,11241,11380,10501,11178,11258,11560,11650,11498,10402,10104,11207,10900,10720,11140,10510,10610,10660,10670,10690,10220,10250,10050,10370,10130,10180,9633,9725,10250,10023,10026,10449,10566,10640,10563,10659.6,10070,10218,10365,10290,10230,10430,10240,,
Japan,JPN,Agricultural land (sq. km),AG.LND.AGRI.K2,,71100,71200,70200,70300,70040,68960,68380,67970,66520,66960,65430,64710,64220,63770,63230,62730,62400,62080,61760,61520,61210,60940,60690,60430,60160,59850,59580,59250,58780,58320,57840,57360,56860,56250,55620,55000,54370,53760,53210,52580,52130,51750,51400,51100,50800,50534,50268,49992,49746,49530,49190,49050,48920,48700,48460,48130,47780,47460,47150,46820,46590,46350,46070,,
Kazakhstan,KAZ,Agricultural land (sq. km),AG.LND.AGRI.K2,,2214630,2214630,2214630,2214630,2214630,2214630,2214630,2214630,2214630,2214630,2214630,2214630,2214630,2214630,2214630,2214630,2214630,2214630,2214630,2214630,2214630,2214630,2214630,2214630,2214630,2214630,2214630,2214630,2214630,2214630,2214630,2214630,2217470,2216510,2171865,2154736,2156918,2153298,2150753,2153933,2144856,2134689,2130014,2126705,2122860,2118765,2114356,2108514,2107833,2171618,2169885,2170121,2169941,2167994,2162597,2162421,2162137,2160361,2139743,2141492,2142657,2142657,2142657,,
Kenya,KEN,Agricultural land (sq. km),AG.LND.AGRI.K2,,250270.21,250352.719,250435.229,250517.739,250600.248,250682.758,250765.268,250847.777,250930.287,251012.797,251095.306,251177.816,251260.326,251342.835,255720,255780,255800,254582.51,254665.019,254747.529,254830.039,254912.548,254995.058,254327.568,262900.077,263172.587,263875.097,266227.606,270220.116,267472.626,268625.135,270657.645,268420.155,272422.664,272365.174,264777.684,266290.193,265012.703,269275.213,267307.723,268390,268180,268740,269920,270020,270540,270663.474,270886.948,273110.421,273867.788,279300.273,282693.798,283391.139,283130.975,283046.441,284586.194,281345.106,285898.261,286666.749,286890.222,286961.01,287435.283,287686.669,,
Kyrgyz Republic,KGZ,Agricultural land (sq. km),AG.LND.AGRI.K2,,100880,100880,100880,100880,100880,100880,100880,100880,100880,100880,100880,100880,100880,100880,100880,100880,100880,100880,100880,100880,100880,100880,100880,100880,100880,100880,100880,100880,100880,100880,100880,100880,101200,103290,105370,106410,106610,106900,107260,107140,107760,107760,108400,107700,107450,107311,107286,107272,106173,106119,106085,105913,105567,105571,105562,105411,105401,103708,103684,103678,103661,105974.5,103588.44,,
Cambodia,KHM,Agricultural land (sq. km),AG.LND.AGRI.K2,,35180,35330,35420,35950,36270,36270,36290,35770,34770,34190,24500,24500,24500,25000,25000,25500,25500,26000,26000,26500,26500,26800,26900,26910,29900,32900,37000,41500,44350,44550,45100,45150,45222.22,45645.51,45631.46,45756.64,45749.6,46300,46400,47700,48900,50000,51000,52300,53560,53550,53550,53550,53287.32,53814.11,54331.958,54987.572,55519.852,55926.141,56479.44,57000.04,57846.239,58583.648,59515.978,60548.817,61252.397,61449.397,61543.397,,
Kiribati,KIR,Agricultural land (sq. km),AG.LND.AGRI.K2,,390,390,430,430,430,430,380,380,380,380,380,380,380,380,380,380,380,380,380,380,380,380,380,390,390,390,390,390,390,390,390,390,370,370,370,370,370,340,340,340,340,340,340,340,340,340,340,340,340,340,340,340,340,340,340,340,340,340,340,340,340,340,340,,
Maldives,MDV,Agricultural land (sq. km),AG.LND.AGRI.K2,,50,50,50,50,50,50,50,50,50,50,60,60,70,70,70,70,70,70,70,70,70,80,80,80,80,80,80,80,80,80,80,80,80,80,80,80,80,80,80,90,100,120,120,110,90,70,70,70,70,69,69,64,64,64,64,64,64,64,64,64,59,59,59,,
"Korea, Rep.",KOR,Agricultural land (sq. km),AG.LND.AGRI.K2,,21130,20810,21000,21910,22780,23150,23360,23430,23370,23240,22990,22700,22710,22680,22720,22700,22670,22630,22520,22470,22450,22430,22360,22290,22200,22170,22190,22140,21970,21790,21610,21360,21180,20960,20480,20080,19830,19690,19540,19730,19450,19190,19020,18930,18810,18580,18400,18170,17950,17730,17561,17880,17687,17483,17360,17008,16767,16520,16370,16210,16030,15840,15680,,
Kuwait,KWT,Agricultural land (sq. km),AG.LND.AGRI.K2,,1350,1350,1350,1350,1350,1350,1350,1350,1350,1350,1350,1350,1350,1350,1350,1350,1350,1350,1350,1350,1360,1360,1360,1370,1370,1380,1380,1410,1410,1410,1410,1410,1420,1420,1420,1430,1430,1430,1440,1480,1510,1510,1510,1500,1500,1500,1510,1510,1515,1520,1525,1520,1536,1521,1494,1500,1514,1500,1500,1500,1500,1500,1500,,
Latin America & Caribbean (excluding high income),LAC,Agricultural land (sq. km),AG.LND.AGRI.K2,,5329810,5366650,5401189,5437348,5469977,5500215,5527844,5563293,5586962,5629951,5686550,5741958,5788607.061,5835455.121,5885745.182,5946274.242,6015513.303,6077242.364,6137562.424,6199606.565,6232494.546,6261203.606,6314762.667,6352602.727,6381813.698,6385024.308,6391279.839,6391379.73,6392168.893,6393909.93,6394456.942,6383873.694,6378889.529,6370455.291,6362715.96,6371848.039,6382941.257,6397486.826,6406533.995,6400733.294,6376264.989,6380503.946,6383483.337,6394447.774,6407923.457,6408167.181,6422879.538,6374014.356,6349156.611,6371108.022,6359397.295,6367876.08,6372809.995,6335785.531,6349915.687,6330834.675,6304192.889,6290742.889,6297175.94,6356020.686,6357132.425,6337625.224,6294604.945,,
Lao PDR,LAO,Agricultural land (sq. km),AG.LND.AGRI.K2,,15500,15500,15000,14500,14500,14600,14600,14700,14720,14770,14820,15120,15320,15550,15680,15800,15900,15980,16050,16060,16090,16170,16200,16300,16350,16380,16400,16500,16520,16600,16620,16640,16650,16900,17000,17000,17560,17650,17730,18060,18410,18760,19110,19460,19850,20250,20630,21040,21680,21935,22198,22578.5,23424,23872,24129,24260,23596,23198,22629,22079,22104,22598,22872,,
Lebanon,LBN,Agricultural land (sq. km),AG.LND.AGRI.K2,,5620,5700,5700,5800,5960,5960,6060,6160,6200,6250,6300,6350,6450,6400,6350,6300,6250,6190,6130,6010,5980,5980,5980,5980,5990,6000,6040,6040,6040,6050,6060,6060,6060,6070,6090,6180,6220,6260,5825,5950,5980,6160,6270,6383,6530,6790,6771,6630,6630,6400,6510,6580,6600,6620,6650,6710,6733.2,6715.5,6713,6741.15,6816.197,6764.85,6742.138,,
Liberia,LBR,Agricultural land (sq. km),AG.LND.AGRI.K2,,11467.6,11447.6,11447.6,11417.6,11417.6,11387.6,11387.6,11367.6,11367.6,11347.6,11347.6,11347.6,11347.6,11347.6,11347.6,11347.6,11397.6,11397.6,11397.6,11397.6,11397.6,11437.6,11487.6,11497.6,11517.6,11607.6,11667.6,11637.6,11637.6,10637.6,10940.2,11239.202,11539.884,11840.682,12145.122,12452.218,12754.76,13067.416,13367.4,13671.162,13972.93,14275.723,14578.479,14881.04,15179.629,15478.004,15771.809,16072.218,16371.311,16670.346,16966.591,17266.362,17565.513,17863.733,18164.532,18464.827,18766.883,19069.038,19230.4,19230.4,19230.4,19230.4,19230.4,,
Libya,LBY,Agricultural land (sq. km),AG.LND.AGRI.K2,,111700,113830,115850,117930,119950,122030,124050,126150,128200,130250,132350,134380,136450,138480,140550,142580,144650,146730,148750,150800,151850,152920,154050,154150,154270,154350,154400,154400,154450,154550,154600,154650,154650,154750,155150,156660,156660,154500,154500,154500,154500,154500,154500,153850,153850,153850,153850,153850,153850,153510,153510,153550,153550,153500,153500,153500,153500,153500,153500,153500,153500,153500,153500,,
Marshall Islands,MHL,Agricultural land (sq. km),AG.LND.AGRI.K2,,120,120,120,120,120,120,120,120,120,120,120,120,120,120,120,120,120,120,120,120,120,120,120,120,120,120,120,120,120,120,85,85,85,85,85,85,85,85,85,85,85,85,85,85,85,85,85,85,85,85,85,75,70,70,70,70,70,70,70,70,70,70,70,,
Latin America & Caribbean,LCN,Agricultural land (sq. km),AG.LND.AGRI.K2,,5678947,5716527,5751956,5789775,5824044,5856082,5885061,5922410,5947799,5992188,6051307,6108975,6159294.061,6210122.121,6263922.182,6328397.748,6396760.559,6457363.37,6516537.18,6577785.071,6609846.802,6637269.612,6689672.423,6727622.483,6755803.454,6757864.064,6760529.595,6759839.486,6759958.649,6758275.686,6757802.878,6744553.45,6737369.285,6728315.047,6718875.716,6726527.795,6736991.013,6751031.582,6758202.751,6753080.05,6728908.745,6736657.013,6738220.715,6753086.763,6765794.457,6763776.281,6776215.438,6725371.102,6699047.113,6713729.16,6699928.28,6701544.811,6704109.482,6664394.764,6674808.545,6649486.728,6618767.127,6600642.359,6602068.321,6656182.355,6654819.322,6634248.551,6592758.303,,
Least developed countries: UN classification,LDC,Agricultural land (sq. km),AG.LND.AGRI.K2,,5356359.9,5361275.8,5376691.35,5387361.95,5393586.95,5398921.9,5403527.9,5415603.9,5419127.55,5422788.53,5427483.05,5434003.95,5431813.15,5427505.35,5435248.3,5440179.4,5440873.36,5454571.43,5454136.12,5463660.65,5474875.38,5481228.15,5493106.73,5499640.715,5518914.08,5534339.254,5541031.769,5555961.614,5564591.419,5581085.193,5601251.478,5613422.985,6014525.982,6042536.965,6064692.019,6091815.56,6122896.697,6143828.798,6181651.547,6215843.873,6246294.376,6261705.714,6305604.635,6325576.04,6398447.974,6424405.649,6456432.865,6484398.1,6526262.145,6571502.946,6609409.593,8044070.233,8084906.901,8112479.441,8138066.456,8164035.157,8193851.615,8221125.248,8234772.468,8252467.702,8266936.37,8282423.715,8288410.109,,
Low income,LIC,Agricultural land (sq. km),AG.LND.AGRI.K2,,3613135.3,3617052.3,3621475.3,3627965.3,3625685.3,3621008.3,3622613.3,3630908.3,3636559.3,3629054.3,3633439.3,3643259.3,3647246.3,3641330.3,3643846,3650694.3,3652055.3,3654707.4,3656437.86,3666368.27,3666455.3,3671144.8,3680972.1,3684750.605,3689482.82,3700734.454,3700863.969,3704751.564,3706782.649,3728231.893,3746174.168,3758763.115,4153796.382,4175845.595,4191151.819,4208420.8,4233144.617,4249535.288,4273877.257,4301429.343,4329668.826,4341916.864,4380339.655,4395113.96,4458809.244,4477261.664,4497348.914,4504729.941,4532577.21,4567656.001,4597614.108,6023400.684,6053784.806,6072035.807,6086101.699,6108556.694,6128565.806,6147969.31,6160450.942,6172311.524,6179287.293,6184974.31,6188064.479,,
Liechtenstein,LIE,Agricultural land (sq. km),AG.LND.AGRI.K2,,90,90,90,90,90,90,90,90,90,90,90,90,90,90,90,90,90,90,90,90,90,90,90,90,90,80,80,80,80,70,70,70,70,70,70,70,70,70,70,70,69,67.7,66.4,65.1,63.8,62.5,61.2,59.9,58.6,57.3,56,54.7,53.4,52.4,52.2,52,51.8,51.8,51.7,51.7,51.7,51.7,51.7,,
Sri Lanka,LKA,Agricultural land (sq. km),AG.LND.AGRI.K2,,17230,17070,20600,21030,21560,22050,22550,23210,23280,23330,23390,23450,23510,23570,23590,23960,24330,24690,23590,23490,23490,22960,23080,23110,23150,23260,23340,23370,23400,23390,23420,23440,23200,23230,23260,23270,23280,23290,23450,23500,23510,23560,23859,22884,24925,24302,23824,25976,26096,26200,27300,27400,27400,27400,27400,27500,27602,28116,28115.728,28120,28120,28120,30069,,
Lower middle income,LMC,Agricultural land (sq. km),AG.LND.AGRI.K2,,7115889.576,7139241.971,7154056.254,7176064.363,7202472.28,7219079.333,7229127.19,7240956.216,7230439.343,7255961.286,7262418.077,7281137.661,7306287.636,7321216.876,7348088.868,7353433.908,7368777.151,7400574.079,7409772.268,7430828.595,7448238.624,7483313.779,7467621.596,7508655.376,7537623.26,7538969.237,7565602.142,7569769.277,7593308.989,7594923.017,7611273.486,7629011.716,7661855.558,7687615.018,7736853.607,7746467.745,7768655.806,7777617.398,7805946.173,7808760.529,7806234.817,7818649.558,7819737.433,7816999.468,7833256.656,7843199.341,7860948.141,7875241.037,7897789.552,7900257.829,7925917.325,7950959.08,7972744.354,7987376.554,8015809.769,8028056.961,8043062.318,8066288.399,8060689.323,8080258.255,8090585.942,8100485.799,8113685.325,,
Low & middle income,LMY,Agricultural land (sq. km),AG.LND.AGRI.K2,,27135846.84,27220733.16,27311053.56,27395498.95,27487824.16,27571584.23,27652138.59,27753750.49,27832555.71,27941062.61,28073174.98,28226123.43,28365847.04,28487568.77,28603855.12,28590365.32,28742607.79,28901991.22,29031588.63,29154068.9,29220431.27,29384878.25,29546111.43,29749310.21,29966059.58,30068035.3,30203028.25,30290872.87,30391708.28,30484806.31,30568745.41,30606600.07,31037899.63,31123799.58,31135183.47,31166313.8,31321904.91,31376195.58,31448419.06,31487172.48,31507981.17,31540559.94,31434518.43,31474512.15,31399210.04,31440103.63,31495677.9,31451291.51,31481121.67,31599853.61,31633845.83,33095549.78,33158411.66,33154996.97,33223369.99,33241230.62,33247324.68,33285505.48,33284560.64,33376969.83,33402566.98,33383841.82,33302210.63,,
Lesotho,LSO,Agricultural land (sq. km),AG.LND.AGRI.K2,,25810,25760,25760,25780,25780,25830,25830,25330,24780,24270,23640,23590,23590,23590,23760,23590,22920,22930,23090,22960,23020,22920,22870,23010,23080,22910,23300,23430,23050,23210,23230,23360,23340,23290,23240,23260,23290,23290,23290,23340,23340,23040,23040,23140,23270,23070,23290,23620,23390,23260,23120,22853,22521,22763,22230,23560,24180,24333,21544,23494,22294,22754,23607.48,,
Late-demographic dividend,LTE,Agricultural land (sq. km),AG.LND.AGRI.K2,,12929460.4,13011526.5,13095100.7,13174259.2,13267841.68,13350228.87,13429795.65,13513527.13,13602262.82,13694788.8,13803225.79,13898289.57,14005868.45,14120789.54,14212039.52,14182382.44,14306486.01,14422139.98,14506954.11,14611279.12,14688375.98,14808372.01,14939309.54,15075062.63,15216034.28,15265611.99,15314501.88,15361727.56,15411975.69,15459201.75,15505346.72,15498632.97,15450391.93,15467949.62,15382211.12,15374545.44,15504087.44,15506138.01,15512654.27,15520121.17,15476748.39,15468494.46,15315954.42,15304132.59,15306886.91,15310640.87,15309204.82,15326441.1,15331836.63,15389745.86,15382102.71,15383148.11,15404321.45,15386762.56,15394852.48,15391207.04,15374324.31,15359596.06,15325958.84,15315679.92,15298628.97,15268367.6,15204383.67,,
Lithuania,LTU,Agricultural land (sq. km),AG.LND.AGRI.K2,,33890,33890,33890,33890,33890,33890,33890,33890,33890,33890,33890,33890,33890,33890,33890,33890,33890,33890,33890,33890,33890,33890,33890,33890,33890,33890,33890,33890,33890,33890,33890,33890,33330,31260,34100,34110,34170,34250,34960,34180,28960,28850,25410,26043,28370,27907,26959,26721,26890,27723,28059,28422,28914,29524,30059,29539,29353,29470,29750,29428,29378,29113,28730,,
Luxembourg,LUX,Agricultural land (sq. km),AG.LND.AGRI.K2,,,,,,,,,,,,,,,,,,,,,,,,,,,,,,,,,,,,,,,,,1280,1280,1280,1280,1280,1290,1290,1310,1310,1307,1310.4,1312.7,1314.2,1308.8,1309.9,1312.7,1306.51,1311.58,1315.59,1315.824,1321.261,1328.018,1325.104,1329.982,,
Latvia,LVA,Agricultural land (sq. km),AG.LND.AGRI.K2,,25300,25300,25300,25300,25300,25300,25300,25300,25300,25300,25300,25300,25300,25300,25300,25300,25300,25300,25300,25300,25300,25300,25300,25300,25300,25300,25300,25300,25300,25300,25300,25300,25140,25400,18320,18740,17720,17490,16170,15880,15810,15950,15820,16420,17340,18550,18390,18250,18330,18050,18160,18410,18770,18720,18845,19310,19330,19380,19600,19690,19700,19700,19710,,
"Macao SAR, China",MAC,Agricultural land (sq. km),AG.LND.AGRI.K2,,,,,,,,,,,,,,,,,,,,,,,,,,,,,,,,,,,,,,,,,,,,,,,,,,,,,,,,,,,,,,,,,,
St. Martin (French part),MAF,Agricultural land (sq. km),AG.LND.AGRI.K2,,,,,,,,,,,,,,,,,,,,,,,,,,,,,,,,,,,,,,,,,,,,,,,,,,,,,,,,,,,,,,,,,,
Morocco,MAR,Agricultural land (sq. km),AG.LND.AGRI.K2,,233700,235800,238500,241100,244200,247380,249380,252380,254290,257050,259330,261700,264250,266300,269170,271500,275000,279180,280040,289300,290900,291770,292730,293840,293980,294970,296660,297440,300640,303430,303550,306160,307110,309640,307490,309660,308950,309760,306930,306520,303700,302830,308760,300410,299890,299460,299600,299810,300026,299883,301038,304030,305850,300825,300470,308750,310465.482,305258.072,296119.07,299112.594,299177.368,293706.111,297882.659,,
Monaco,MCO,Agricultural land (sq. km),AG.LND.AGRI.K2,,,,,,,,,,,,,,,,,,,,,,,,,,,,,,,,,,,,,,,,,,,,,,,,,,,,,,,,,,,,,,,,,,
Moldova,MDA,Agricultural land (sq. km),AG.LND.AGRI.K2,,25600,25600,25600,25600,25600,25600,25600,25600,25600,25600,25600,25600,25600,25600,25600,25600,25600,25600,25600,25600,25600,25600,25600,25600,25600,25600,25600,25600,25600,25600,25600,25600,25570,25570,25560,25560,25560,25560,25570,25440,25390,25340,25280,25220,24990,24830,24850,24810,24720,24650,24620,24600,24610,23150,23180,23179,23173,22571,22616,24711,24690,24650,24400,,
Madagascar,MDG,Agricultural land (sq. km),AG.LND.AGRI.K2,,351450,351700,351950,352200,352450,352700,352950,353200,353500,353700,353900,354200,354400,354750,357590,357640,359290,360000,360200,360400,360750,361000,361350,361600,361950,362200,362400,362700,362950,363250,363500,363700,364900,364800,364800,365960,374900,384900,395000,405000,408430,408430,408430,408430,408930,408930,408930,408950,408950,408950,408950,408950,408950,408950,408950,408950,408950,408950,408950,408950,408950,408950,408950,,
Naoero,NRU,Agricultural land (sq. km),AG.LND.AGRI.K2,,3,3,3,3,4,4,4,4,4,4,4,4,4,4,4,4,4,4,4,4,4,4,4,4,4,4,4,4,4,4,4,4,4,4,4,4,4,4,4,4,4,4,4,4,4,4,4,4,4,4,4,4,4,4,4,4,4,4,4,4,4,4,4,,
"Middle East, North Africa, Afghanistan & Pakistan",MEA,Agricultural land (sq. km),AG.LND.AGRI.K2,,3626200,3627040,3630960,3637300,3648910,3651420,3658950,3659530,3652300,3662060,3680470,3701650,3716092,3711403,3705203,3705480,3706930,3709290,3720510,3719930,3674566,3703203.4,3691607.4,3761403.6,3813238,3849925,3918862,3965475,4018262,4065130,4086750,4106984.8,4191643.8,4265551.979,4338192.494,4413954.655,4480013.866,4571157.592,4628360.499,4622688.715,4632489.657,4638236.482,4647000.604,4648253.696,4479535.861,4486153.188,4489297.057,4459488.416,4455147.335,4458652.219,4467317.566,4470840.313,4476037.11,4472136.808,4472264.125,4483980.616,4495109.736,4495594.144,4481694.903,4491378.41,4484509.82,4477303.446,4480261.214,,
Mexico,MEX,Agricultural land (sq. km),AG.LND.AGRI.K2,,983160,981790,981090,980490,979790,979140,978390,977690,977090,976350,969380,971500,974000,975510,975510,975510,976010,981980,979980,981800,982100,983150,1010200,1010310,1012355,1014410,1025500,1030510,1040500,1051510,1061540,1061770,1061800,1061900,1061950,1063100,1063100,1063250,1063260,1063300,1065500,1065500,1065500,1065700,1065700,1065700,1067000,1033550,1026820,1018070,1013220,1005120,994860,987480,986800,983380,969460,965160,961060,1001424.756,1001258.815,988889.75,985454.116,,
Papua New Guinea,PNG,Agricultural land (sq. km),AG.LND.AGRI.K2,,5070,5170,5210,5500,5500,5470,5680,5870,6070,6240,6480,6580,6770,7040,7260,7450,7580,7830,7930,7970,8030,7950,7920,8070,8280,8560,8620,8870,9060,9280,9330,9420,9710,9780,9940,10160,10230,10640,10810,10880,10930,11030,11080,11230,11330,11510,12120,12450,12670,12670,12860,12860,12860,13050,13220,13280,14050,14050,14050,14050,14050,14050,14050,,
Middle income,MIC,Agricultural land (sq. km),AG.LND.AGRI.K2,,23522711.54,23603680.86,23689578.26,23767533.65,23862138.86,23950575.93,24029525.29,24122842.19,24195996.41,24312008.31,24439735.68,24582864.13,24718600.74,24846238.47,24960009.12,24939671.02,25090552.49,25247283.82,25375150.77,25487700.63,25553975.97,25713733.45,25865139.33,26064559.6,26276576.76,26367300.85,26502164.28,26586121.31,26684925.63,26756574.42,26822571.24,26847836.95,26884103.25,26947953.98,26944031.65,26957893,27088760.29,27126660.29,27174541.8,27185743.13,27178312.34,27198643.07,27054178.77,27079398.19,26940400.8,26962841.97,26998328.99,26946561.57,26948544.46,27032197.6,27036231.72,27072149.09,27104626.85,27082961.16,27137268.29,27132673.92,27118758.87,27137536.17,27124109.7,27204658.31,27223279.69,27198867.51,27114146.15,,
North Macedonia,MKD,Agricultural land (sq. km),AG.LND.AGRI.K2,,13070,13070,13070,13070,13070,13070,13070,13070,13070,13070,13070,13070,13070,13070,13070,13070,13070,13070,13070,13070,13070,13070,13070,13070,13070,13070,13070,13070,13070,13070,13070,13070,12970,12960,12870,12900,12830,12910,12820,12350,12420,13340,13010,12620,12280,12240,10760,10630,10130,11190,11180,12670,12600,12610,12620,12650,12660,12640,12650,12620,12600,12570,12510,,
Mali,MLI,Agricultural land (sq. km),AG.LND.AGRI.K2,,316980,317030,317080,317130,317180,317220,317280,317280,317280,317780,317780,317780,317780,318280,318780,320770,320750,320750,320800,320800,320830,320830,320830,320830,321030,321060,321060,321230,321230,321280,321430,322530,331600,352700,354190,366500,376500,376500,376500,386650,393090,396840,407260,396910,403920,404660,405970,408309.703,410561.075,410754.446,412530.663,414445.518,416286.88,417958.601,419533.454,422258.43,423894.459,425988.366,428150.378,430088.653,432366.83,432754.121,432794.888,,
Malta,MLT,Agricultural land (sq. km),AG.LND.AGRI.K2,,180,170,160,150,140,140,140,140,140,140,140,140,140,140,130,130,140,140,140,130,130,130,130,130,130,130,130,130,130,130,130,130,130,130,110,110,100,90,90,90,100,100,104,100,93,93,93,93,93,103.3,103.3,103,102.3,102.3,102.3,103.8,103.8,103.8,103.8,91.1,87.5,87.5,82.91,,
Myanmar,MMR,Agricultural land (sq. km),AG.LND.AGRI.K2,,104300,104700,105070,106200,105830,107400,107670,107680,107670,108010,108050,108050,103220,103330,103470,103620,103560,103670,103770,103850,104210,104410,104380,104220,104290,104350,104220,103730,103950,104280,104160,103980,104460,104210,104500,105040,105190,105130,106090,108120,109390,109250,109820,110820,112630,115970,119840,122770,124410,125260,125580,125490,125870,126320,127489.999,127600,130536,130713,129794,129800,129800,129800,129973.32,,
"Middle East, North Africa, Afghanistan & Pakistan (excluding high income)",MNA,Agricultural land (sq. km),AG.LND.AGRI.K2,,2744820,2745530,2749070,2755090,2766600,2768770,2776080,2776320,2768720,2777970,2795890,2816550,2830342,2824843,2818243,2817940,2818810,2820600,2831270,2830110,2784126,2812183.4,2798337.4,2816433.6,2816088,2801075,2817992,2813045,2814212,2808630,2828100,2847254.8,2861453.8,2865214.896,2867808.327,2873603.405,2869635.532,2880832.175,2866537.998,2859500.131,2869266.089,2874034.831,2882077.969,2882723.978,2714063.159,2720958.403,2724076.289,2694347.564,2691503.5,2695459,2704153.364,2707934.327,2713287.841,2710097.455,2710221.789,2721783.696,2731832.633,2732297.857,2718224.683,2728683.14,2721759.335,2714596.961,2717481.797,,
Montenegro,MNE,Agricultural land (sq. km),AG.LND.AGRI.K2,,5150,5150,5150,5150,5150,5150,5150,5150,5150,5150,5150,5150,5150,5150,5150,5150,5150,5150,5150,5150,5150,5150,5150,5150,5150,5150,5150,5150,5150,5150,5150,5150,5150,5150,5150,5150,5150,5150,5150,5150,5150,5150,5150,5150,5150,5150,5140,5130,5140,5120,5130,5130,2231.3,2303.2,2314,2557,2563,2568,2570,2579.5,2555.6,2540,2635.2,,
Mongolia,MNG,Agricultural land (sq. km),AG.LND.AGRI.K2,,1406830,1406830,1406830,1406810,1406830,1406830,1406830,1406830,1406520,1406840,1406830,1406830,1406830,1406830,1406830,1255520,1259750,1259170,1247130,1245870,1245190,1245250,1249760,1246070,1245870,1245310,1248890,1252340,1255320,1256560,1261300,1235900,1191240,1184690,1184690,1184690,1288910,1291320,1302820,1304700,1301295,1301180,1142714,1141527,1139278,1147273,1146800,1145070,1142700.562,1142100.3,1141878,1140679.033,1140302.8,1136820,1136644.1,1135607.9,1134671.9,1134330,1131569,1124815.669,1124195.695,1120000,1074672.457,,
Northern Mariana Islands,MNP,Agricultural land (sq. km),AG.LND.AGRI.K2,,40,40,40,40,40,40,40,40,40,40,40,40,40,40,40,40,40,40,40,40,40,40,40,40,40,40,40,40,40,40,40,40,40,40,40,40,40,30,30,30,30,30,30,30,30,30,17,17,17,17,17,17,17,17,17,17,17,5.4,5.4,5.4,5.4,5.4,5.4,,
Mozambique,MOZ,Agricultural land (sq. km),AG.LND.AGRI.K2,,342290,342400,342500,342580,342680,342740,343000,344000,345040,345890,345890,346080,346600,346600,346800,346800,346800,346800,346800,346800,347300,348100,348100,349100,349600,350100,351100,351600,352100,352600,354790,356980,359170,361360,363550,365740,367930,370120,372310,374500,376715.86,378931.72,381147.58,383363.44,385579.3,387795.16,390011.02,392226.88,394442.74,396658.6,398722.88,400787.16,403182.44,405152.72,407527,410870.1,413478,415013.32,415192.32,415046.32,415006.32,414993.32,415123.32,,
Mauritania,MRT,Agricultural land (sq. km),AG.LND.AGRI.K2,,395220,395220,395230,395230,395230,395230,395230,395230,395330,395330,394930,394930,394800,394500,394460,394490,394500,394460,394490,394640,394840,395040,395240,395350,395550,395750,395950,396150,396350,396560,396660,396780,396900,397100,397100,397100,397100,397100,397100,397100,397100,397100,397100,397100,397100,397100,397100,397100,397100,397100,397100,397100,397100,397100,397100,397100,397100,397100,397100,397100,397100,397100,397100,,
Mauritius,MUS,Agricultural land (sq. km),AG.LND.AGRI.K2,,990,1000,1000,1000,1010,990,1050,1110,1110,1120,1120,1130,1130,1130,1130,1140,1140,1140,1140,1140,1140,1140,1140,1140,1140,1140,1140,1130,1117.447,1106.17,1094.894,1090,1070,1054.894,1034.681,1013.191,998.085,1006.809,984.255,996.809,1020,1000,990,980,960,940,920,910,910,910,890,870,860,860,860,860,860,860,860,860,860,860,859.574,,
Malawi,MWI,Agricultural land (sq. km),AG.LND.AGRI.K2,,32000,33000,33500,34000,36030,36530,36050,37070,37570,37070,38570,39070,39570,39600,39100,39120,39150,39680,39700,38300,39300,40300,39400,39900,40050,41050,41100,41150,41650,42180,43200,42700,42700,40700,42800,43800,44300,45800,46800,47300,48300,48300,49800,49800,51800,52850,52850,54350,54850,54850,54850,54850,55450,56510,57060,57620,58170,58730,59280,59840,60500,60500,60500,,
Malaysia,MYS,Agricultural land (sq. km),AG.LND.AGRI.K2,,30847.4,31509.5,32758.7,33380.2,34973.4,35081.3,35716.8,37003,37559.4,38850.1,39587.8,40800.3,41608.9,42214.7,43541.4,44396.2,45707.4,47300,48391.1,49170,50447.9,51077.9,52054.4,52161.2,54157.5,57199,60734,63838,67217,67566,67945,68065,68914,69909,69660,69611,69587,69447,69471,69387,69470,70375,71162.4,71317,71344.1,70752,71072,71504,72200,73893,75306,78292,80593,80890,85699.7,85710,85710,85710,85710,85710,85710,85710,85710,,
North America,NAC,Agricultural land (sq. km),AG.LND.AGRI.K2,,5093524,5062713,5041603,5021664,4994644,4992514,4988734,4992263,4987433,5024945,5000332,4977369,4955406,4932623,4932893,4933172.9,4931163,4905733,4901983,4898233,4894533,4926113,4925333,4924553,4923773,4922981.92,4879733,4880993,4882253,4883513,4884815.464,4868943,4843453,4824683,4814004,4774984,4761004,4758274,4751504,4756864,4762525.608,4751554,4749691.2,4747828.4,4745965.6,4734832.8,4728660,4743131.236,4757603.472,4772075.707,4786504.943,4807450.179,4816698.828,4825947.477,4835206.125,4844394.774,4851109.423,4839920.073,4826500.723,4809391.373,4796722.024,4786176.674,4784156.674,,
Namibia,NAM,Agricultural land (sq. km),AG.LND.AGRI.K2,,386420,386420,386420,386460,386460,386460,386490,386490,386490,386510,386530,386530,386530,386530,386530,386550,386550,386560,386560,386570,386570,386570,386620,386620,386620,386620,386620,386620,386620,386620,386620,386620,387000,387500,388200,388200,388200,388200,388200,388200,388200,388200,388200,388200,388200,388200,388080,388080,388080,388090,388090,388090,388090,388090,388100,388100,388110,388110,388110,388110,388120,388120,388120,,
New Caledonia,NCL,Agricultural land (sq. km),AG.LND.AGRI.K2,,2610,2610,2610,2620,2620,2620,2620,2630,2630,2630,2630,2640,2640,2640,2640,2650,2650,2650,2650,2650,2650,2720,2800,2900,2780,2670,2560,2460,2360,2320,2290,2300,2300,2310,2330,2350,2380,2400,2430,2450,2480,2500,2436,2366,2301,2246,2181,2106,2056,1986,1903,1840.34,1837.3,1837.3,1840.3,1840.3,1840.3,1840.3,1840.3,1840.3,1840.3,1840.3,1840.3,,
Niger,NER,Agricultural land (sq. km),AG.LND.AGRI.K2,,315000,315000,315000,315000,315000,315000,315000,321770,321760,312000,312300,311770,308140,297800,297800,297800,297800,297800,299580,307200,302800,303600,310100,307800,307800,312800,310120,313000,314050,330470,341050,350000,350000,350000,360000,360000,360000,360000,370000,370000,380000,380000,384120,384720,429650,429890,437820,437820,437820,439820,444820,447820,456820,456820,456950,463950,465950,465950,465950,465977,465985,465991,465985,,
Nigeria,NGA,Agricultural land (sq. km),AG.LND.AGRI.K2,,541760,543230,544710,546180,547650,548130,545600,547080,549550,551520,553000,554470,555940,557420,558890,560360,559160,560240,563320,565410,566490,567580,568660,571730,574820,576900,577730,579640,581010,587140,594350,605960,609570,619180,640790,642400,644000,652110,653600,655080,655710.404,657057.273,658399.125,659607.441,661933.737,660287.34,663550.067,664199.899,667688.418,668889.495,669338.249,671740.606,669856.869,671188.418,673283.3,675363.704,677040.673,680680.101,682210.404,686894.646,689142.862,691874.343,693982.088,,
Nicaragua,NIC,Agricultural land (sq. km),AG.LND.AGRI.K2,,34300,34300,34680,34880,35180,35800,35800,35800,35850,35850,36050,36100,36200,36300,36300,36300,37300,37350,37400,37450,38270,38290,38300,38830,38550,38570,38890,39400,39930,40250,40600,41200,41900,42200,45530,46540,48080,49130,50180,51410,51750,51990,52170,52250,52500,52080,51750,51320,50890,50500,50709,50730,50730,50730,50730,50730,50810,50840,50840,50910,50910,50910,50910,,
Netherlands,NLD,Agricultural land (sq. km),AG.LND.AGRI.K2,,22969,22873,22769,22578,22473,22481,22417,22347,22182,22013,21364,21217,21080,20991,20871,20799,20658,20503,20368,20372,20305,20274,20088,20149,20198,20180,20143,20154,20059,20180,19695,19638,19669,19504,19647,19506,19633,19158,19726,19596,19227,19401,19137,19494,19377,19196,19144,19293,19174,18723,18584,18417,18476,18391,18460,18150,18190,18230,18168,18144.5,18120,18040,18030,,
Norway,NOR,Agricultural land (sq. km),AG.LND.AGRI.K2,,10340,10310,10280,10190,10110,10050,10000,9940,9860,9540,9310,9100,9040,9010,8980,8960,8990,9000,9540,9360,9360,9420,9450,9540,9570,9690,9700,9760,9910,9760,10100,10030,10130,10300,11270,11320,10380,10470,10380,10420,10470,10460,10400,10400,10360,10350,10320,10248,10142.6,10059,9990,9928,9871.428,9867.6,9860.3,9836.61,9851.12,9862.8,9842.54,9859.62,9850,9850,9820,,
Nepal,NPL,Agricultural land (sq. km),AG.LND.AGRI.K2,,35530,35530,35630,35530,35530,35530,35670,35670,35670,37020,37020,38220,39530,39940,40090,40250,40400,40550,40700,40850,41030,41066,41102,41138,41164,41320,41346,41382,41408,41444,41470,41582,41694,41806,41918,42030,42142,42254,42366,42491,42590,42410,42270,42180,42020,41850,41660,41520,41400,41260,41266,40876.453,40561.921,40378.167,40086.468,39752.701,39478.703,38666.261,38381.798,37989.328,37729.584,37445,37441,,
St. Kitts and Nevis,KNA,Agricultural land (sq. km),AG.LND.AGRI.K2,,200,200,200,200,200,200,200,200,180,150,150,150,150,150,150,150,150,150,150,150,150,140,140,130,130,120,120,120,120,120,120,120,120,100,100,90,90,90,100,95,93,81,81,80.3,50,50.1,50.9,51,55,57,60,60,60,60,60,60,60,60,60,60,60,60,60,,
New Zealand,NZL,Agricultural land (sq. km),AG.LND.AGRI.K2,,131630,132480,132880,133160,132520,132330,132470,132480,130910,130880,130860,134858,134816.5,134775,139435,143535,142762,144979,144430,145910,151875,146200,145915,144730,143930,143890,142740,141900,141005,139170,137585.833,136012.539,134435.345,132857.919,131280.648,129703.315,128126.617,126549.997,124973.449,123397.124,121820.813,120244.045,118580,118900,117120,113750,114870,113740,114900,114080,113710,112094,111060,111160,107120,106140,106440,104980,103450,101540,101750,97470,97110,,
OECD members,OED,Agricultural land (sq. km),AG.LND.AGRI.K2,,14059937.45,14059514.32,14072868.78,14077547.1,14097265.91,14101484.26,14119997.64,14357906.61,14333552.19,14172871.99,14203934.67,14188971,14147059.5,14144966,14137092,14151383.9,14056334,14083363,14051211.29,14065040.57,14062271.88,14024041.39,13963034.05,13995596.56,13998218.52,13815067.94,13809622.96,13815716.04,13777848.27,13745787.3,13716522.62,13717702.33,13620411.92,13685554.42,13586628.22,13567106.42,13513430.22,13534468.24,13421558.53,13422839.69,13383906.07,13266331.1,13166396.19,12728848.96,12876963.03,12834278.09,12694487.89,12585738.56,12524731.46,12424661.95,12603536.95,12524224.39,12381521.08,12391796.2,12125076.73,12063507.44,12331495.85,12177761.28,12201607.61,12133687.73,12183838.71,12150623.21,12107023.84,,
Oman,OMN,Agricultural land (sq. km),AG.LND.AGRI.K2,,10350,10350,10350,10360,10360,10360,10380,10400,10400,10420,10420,10440,10450,10460,10470,10480,10490,10510,10510,10510,10510,10510,10550,10590,10610,10670,10700,10730,10770,10800,10800,10830,10720,10720,10710,10710,10700,10710,10710,11730,11736,12734,13730,14720,14650,14630,14650,14572,14544,14432,14368,14238,14195,14198,14340,14360,14509.2,14588.9,14588.9,14589.3,14662.2,14662.2,14717.3,,
Other small states,OSS,Agricultural land (sq. km),AG.LND.AGRI.K2,,81170,81270,81250,81300,81380,81440,81570,81670,81620,80650,80500,80620,80582,79160,76343,76889,77051,77073,76525,76015,76019,76140,76320,76330,76328,76812,76864,76644,76351.447,76202.17,77081.894,77401,77202,74963.894,74861.681,75351.191,75746.085,75944.809,75992.255,76417.809,76352,74640,76076,75495,76729,76567,76399,75631,76024,75996.733,75986.3,76061,73154.865,73375.8,73729.6,73830.2,73661.5,73791.769,73709.584,73720.58,73692.663,73716.403,71582.147,,
Pakistan,PAK,Agricultural land (sq. km),AG.LND.AGRI.K2,,357300,358400,358800,363550,372350,374150,374700,371700,357000,358650,354850,355050,364000,357400,360350,357120,359130,364170,363370,374160,365040,385090,364090,375000,371180,355710,366710,353470,358600,352060,352700,353800,357500,357900,360260,361720,366690,367600,367560,366980,369720,368840,368420,360450,359650,361350,360130,353130,352770,352420,359360,360630,362800,362520,362020,367940,370030,369530,362740,366730,360140,359470,359950,,
Panama,PAN,Agricultural land (sq. km),AG.LND.AGRI.K2,,16240,16340,16440,16480,16580,16680,16690,16790,16870,16840,17130,17430,17630,17850,18060,18270,18490,18500,18520,18550,18820,19140,19410,19660,19950,20200,20450,20700,21000,21240,21340,21500,21500,21350,21320,21320,21400,21490,21570,22300,22404,22378,22352,22326,22300,22244,22318,22292,22316,22663.9,22630,22530,22430,22330,22230,22130,22030,21930,21830,21741,21813.16,21813.16,21899.662,,
Peru,PER,Agricultural land (sq. km),AG.LND.AGRI.K2,,170850,172280,177280,177470,178290,177540,177630,178090,178480,179420,179510,185650,187930.061,190210.121,192490.182,194770.242,197050.303,199330.364,201610.424,203890.485,206170.546,208450.606,210730.667,213010.727,215290.788,217570.848,219850.909,222130.97,224411.03,226691.091,225892.818,225094.545,224296.273,223498,224444.794,225391.587,226338.38,227285.174,228231.967,229178.761,230125.554,231072.348,232019.141,232965.935,233912.728,234859.522,235806.315,236753.109,237699.902,238646.696,239593.489,240540.283,240201.642,240074.002,243138.04,240000,242501.08,240945.89,238632.9,244809.895,250986.89,243855.6,243855.6,,
Philippines,PHL,Agricultural land (sq. km),AG.LND.AGRI.K2,,77130,77920,78720,81520,81320,81300,83050,82810,82530,83100,82790,84300,85960,88620,91920,96740,100900,101400,103940,106250,106700,107400,107800,108200,109100,109800,110200,110600,111000,111400,111570,111150,110650,110150,110150,111050,113350,112850,112350,112340,111840,111350,112400,114700,113550,115800,117900,120100,121000,121000,122600,124300,124690,124980,125270,125560,125900,126130,126360,126590,126830,126402,127226,,
Palau,PLW,Agricultural land (sq. km),AG.LND.AGRI.K2,,43,43,43,43,43,43,43,43,43,43,43,43,43,43,43,43,43,43,43,43,43,43,43,43,43,43,43,43,43,43,43,43,43,43,43,43,43,43,43,43,43,43,43,43,43,43,43,43,43,43,43,43,43,43,43,43,43,43,43,43,43,43,43,,
St. Lucia,LCA,Agricultural land (sq. km),AG.LND.AGRI.K2,,170,170,180,180,180,180,190,190,190,190,200,200,200,199,200,200,200,200,202,205,208,210,212,215,218,212,210,210,210,209,198,197,197,195,180,174,170,155,154,142,139,131,124,111,109,101,99.3,99.4,99.4,99.4,99.4,99.4,99.4,99.4,99.4,99.4,99.4,99.4,99.4,99.4,99.4,99.4,99.4,,
Poland,POL,Agricultural land (sq. km),AG.LND.AGRI.K2,,203220,202620,201840,201300,199460,199470,198190,197770,195570,195430,195080,193710,193260,192570,192240,191990,191590,191110,190480,190070,189100,188910,188790,189390,189140,188790,188690,188200,188070,187930,187530,187430,187150,187070,186220,184740,184570,184430,184350,184130,177880,168990,161690,163270,159060,159570,154690,156010,156190,144490,147790,145290,144100,144240,143710,143740,144620,145120,145230,147330,144997,141760,145800,,
Pre-demographic dividend,PRE,Agricultural land (sq. km),AG.LND.AGRI.K2,,5987566.29,5995657.739,6013888.879,6025299.799,6033405.638,6038346.678,6041251.148,6056737.127,6064839.367,6069891.037,6086988.716,6093469.706,6098921.896,6097951.945,6112961.93,6120593.54,6124061.47,6138565.92,6143925.569,6155243.909,6168280.379,6177288.088,6190722.788,6201995.783,6233702.297,6250062.251,6253312.786,6269405.95,6274668.745,6297526.649,6325283.073,6359805.82,6467248.377,6501175.809,6548358.603,6568147.174,6593373,6621239.721,6660504.53,6690730.656,6714132.88,6733390.397,6768568.9,6780139.261,6850386.621,6869643.559,6897170.726,6919680.137,6957607.554,7001338.329,7044902.477,8491984.162,8536643.696,8572389.416,8609023.232,8631116.648,8661752.838,8706509.88,8725543.28,8745932.171,8766502.055,8786650.548,8802589.325,,
Puerto Rico (US),PRI,Agricultural land (sq. km),AG.LND.AGRI.K2,,6160,6010,6050,5850,6090,5810,5680,5660,5620,5520,5300,5150,4920,4940,4930,4930,4910,4950,4860,4750,4670,4670,4660,4640,4610,4630,4620,4620,4500,4350,4200,4100,3110,3090,3090,3090,2910,2725,2599,2472,2347,2220,2156,2090,2024,1958,1890,1907,1923,1939,1955,1968,1922,1876,1830,1784,1738,1689,1689,1689,1689,1689,1689,,
"Korea, Dem. People's Rep.",PRK,Agricultural land (sq. km),AG.LND.AGRI.K2,,22251,22258,22261,22261,22271,22284,22289,22294,22295,22320,22475,22455,23010,23053,23218,23268,23316,23346,23370,24372,24491,24584,24701,24830,24970,24973,24981,24982,24986,25044.65,25257.03,25279.67,25185.95,26314.06,26208.09,25242.22,25246.74,25251,25266.23,25291.8,25323.7,25335.73,25343.25,25388.78,25904.96,25945.29,25966.22,26562.92,26662.21,26732.88,26321,26313,26313,26291.43,26305.93,26030,25970,25980,25950,25965,25960,25952,25953,,
Portugal,PRT,Agricultural land (sq. km),AG.LND.AGRI.K2,,38750,38810,38870,38930,38990,39050,39110,39130,39230,39290,39350,39410,39460,39510,39560,39610,39660,39710,39760,39790,39820,39850,39880,39910,39940,39970,40010,40050,40050,39630,39200,38780,39590,39520,39240,37300,35820,37225,38630,39563.8,38538.2,38777.2,38136.8,38696.1,38238.9,37576.6,36609.2,37258.6,36955.8,36541.7,36493.6,36644.1,37011,36638.8,36387.8,36190.3,36733.928,37367.665,39505.205,39542.556,39622.955,39197.575,39699.597,,
Paraguay,PRY,Agricultural land (sq. km),AG.LND.AGRI.K2,,104110,105040,106040,107180,108230,109300,110120,110900,111720,112540,113360,114180,114990,116970,118990,121010,122930,124950,126870,128890,130970,132130,133350,134570,135729.84,137087.46,138237.33,139399.76,140630.63,142534.372,144272.424,147421.216,148917.089,151904.891,154815.533,156293.585,157776.477,161733.719,164287.561,166353.333,168829.935,171348.798,173602.402,175751.027,177929.441,180151.666,182154.91,185473.03,186307.869,188508.384,190656.148,192846.633,195022.397,197196.472,199244.289,201303.366,203356.673,205441.98,207531.067,209591.654,211646.411,214270,214270,,
West Bank and Gaza,PSE,Agricultural land (sq. km),AG.LND.AGRI.K2,,4790,4790,4790,4790,4790,4800,4820,4820,4820,4840,4840,4840,4850,4860,4860,4890,4910,4930,4930,4940,4980,5000,5020,5030,5020,5020,5020,5020,5030,5010,4990,4970,4970,4668.296,4749.327,4699.805,4685.332,4700.975,4475.998,4682.131,4649.089,4687.831,4654.969,4658.978,4672.159,4664.403,4673.289,4691.564,4297.5,3749,3872.364,4006.427,4144.291,4204.555,4304.018,4344.182,4297.545,4287.909,4253.273,4078.636,3912,3912,3912,,
Pacific island small states,PSS,Agricultural land (sq. km),AG.LND.AGRI.K2,,5501,5521,5581,5581,5672,5682,5612,5602,5642,5707,5712,5812,5862,5922,6042,6222,6362,6472,6577,6642,6802,6942,7068,7202,7372,7486,7629,7842,7784,7962,7927,7899,7841,7793,7805,7767,7699,7661,7631,7555,7524,7486,7468,7400,7490,7447,7434,7352,7307,7275,7369,7426,7488,7578,7668.2,7598.1,7534,7471.7,7405.1,7401.1,7444.1,7428.1,7441.3,,
Post-demographic dividend,PST,Agricultural land (sq. km),AG.LND.AGRI.K2,,12477707.45,12468227.32,12471019.78,12477711.1,12485147.91,12484657.26,12506231.64,12740297.61,12707272.19,12552978.99,12567214.67,12549017,12503449.5,12499158,12492577,12504563.9,12406766,12428130,12389229.29,12404655.57,12402380.88,12379649.39,12297719.05,12319592.56,12316757.52,12131818.94,12112382.96,12118381.04,12067141.27,12032847.3,11994180.44,11999062.33,11901830.92,11967340.42,11889273.22,11863950.42,11812255.82,11815155.44,11698387.33,11695250.09,11687868.07,11573851.1,11482331.19,11031381.96,11180599.63,11147685.59,11017631.89,10943185.81,10893302.76,10817093.41,11015793.57,10939984.95,10792350.59,10810000.67,10548158.77,10495415.79,10795342.21,10642886.21,10673019.63,10567955.56,10632778.93,10612695.24,10583483.44,,
French Polynesia,PYF,Agricultural land (sq. km),AG.LND.AGRI.K2,,440,440,440,440,437.284,434.567,431.851,429.134,426.418,423.701,420.985,418.268,415.552,412.835,410.119,407.403,404.686,401.97,399.253,396.537,393.82,391.104,388.387,385.671,382.954,380.238,367.521,364.805,362.089,359.372,356.656,353.939,351.223,348.506,345.79,343.073,340.357,337.64,334.924,332.208,329.491,346.775,344.058,341.342,338.625,335.909,333.192,330.476,322.759,320.043,327.326,324.61,319.705,314.799,309.894,304.988,310.083,315.177,310.272,315.366,310.461,305.555,300.65,,
Qatar,QAT,Agricultural land (sq. km),AG.LND.AGRI.K2,,510,510,510,510,510,510,510,510,510,510,510,510,510,520,520,520,520,520,530,550,560,570,580,590,590,600,610,610,600,610,610,640,650,650,650,660,660,660,660,660,663,657,662,652,646,653,660,667,674,681,688,695,702,710,710,710,720,740,740,740,740,740,740,,
Romania,ROU,Agricultural land (sq. km),AG.LND.AGRI.K2,,146010,146880,147240,147420,147910,148350,148380,149720,149680,149300,149350,149430,149040,149290,149460,149550,149600,149650,149670,149640,149480,149630,149810,149920,150200,150380,150930,151090,147580,147690,147980,147900,147930,147980,147970,147820,147980,147470,147810,148570,147980,148180,148000,141300,141800,140390,136300,136340,136210,141560,139820,137330,139050,138300,138580,135210,133780,134140,138260,130490,130790,126780,127150,,
Russian Federation,RUS,Agricultural land (sq. km),AG.LND.AGRI.K2,,2216310,2216310,2216310,2216310,2216310,2216310,2216310,2216310,2216310,2216310,2216310,2216310,2216310,2216310,2216310,2216310,2216310,2216310,2216310,2216310,2216310,2216310,2216310,2216310,2216310,2216310,2216310,2216310,2216310,2216310,2216310,2216310,2187950,2177110,2164000,2161110,2179890,2172870,2167900,2171620,2168610,2166510,2162770,2159800,2156800,2154880,2154630,2154940,2154940,2154940,2154940,2154940,2154940,2154940,2154940,2154940,2154940,2154940,2154940,2154940,2154940,2154940,2157010,,
Rwanda,RWA,Agricultural land (sq. km),AG.LND.AGRI.K2,,13150,13250,13350,13450,13550,13650,13750,13830,13970,14040,14480,15080,15050,15840,16120,16390,16650,16800,16970,17150,17600,17750,17900,18080,18190,18300,18420,18530,18540,18780,18750,18350,17550,15500,15500,16010,16510,16710,17170,18260,18970,18880,18860,18830,18810,18840,18780,18800,19060,19220,19430,19590,19800,20060,20070,20050,20050,19490,19040,19586,20044.6,19745.073,18831.31,,
South Asia,SAS,Agricultural land (sq. km),AG.LND.AGRI.K2,,1900740,1915870,1916250,1922580,1928940,1933110,1936970,1942960,1937370,1941710,1939410,1944950,1954360,1960210,1964650,1964730,1964620,1975100,1974040,1971130,1972540,1975776,1972822,1983888,1982504,1981430,1985996,1984612,1988848,1987444,1989070,1978682,1978304,1976696,1974098,1970240,1974682,1974424,1976686,1975611,1970890,1971020,1967849,1967994,1967335,1963852,1960044,1962879,1965906,1960869,1961811,1961156.453,1961281.921,1961368.167,1961178.868,1960228.801,1956508.003,1955159.261,1956111.526,1950918.328,1950711.917,1950695.667,1952539,,
Saudi Arabia,SAU,Agricultural land (sq. km),AG.LND.AGRI.K2,,861700,861900,862120,862410,862620,862840,863040,863400,863750,864200,864670,865170,865700,866400,866840,867500,868040,868560,869090,869620,870130,870680,872700,924230,976250,1027800,1079800,1131300,1182900,1234810,1236720,1237460,1307850,1377807.083,1447834.167,1517831.25,1587808.334,1667735.417,1738072.501,1737999.584,1737886.668,1737813.751,1737770.835,1737787.918,1737775.002,1737752.085,1737709.168,1737656.252,1737623.335,1737400.419,1737337.502,1737234.586,1737131.669,1736221.753,1736145.836,1736082.92,1736071.003,1736052.087,1736168.52,1736377.87,1736374.17,1736374.17,1736374.17,,
Sudan,SDN,Agricultural land (sq. km),AG.LND.AGRI.K2,,,,,,,,,,,,,,,,,,,,,,,,,,,,,,,,,,,,,,,,,,,,,,,,,,,,,1114659.6,1114533.6,1114449.6,1117498.8,1120548,1123597.2,1126650,1126650,1126650,1126650,1126650,1126650,,
Senegal,SEN,Agricultural land (sq. km),AG.LND.AGRI.K2,,86470,86470,87470,87470,88470,88470,89470,91170,89030,88640,89460,89460,89960,90460,90460,90450,88440,88430,88420,88410,88400,88390,88380,88370,88360,88340,88320,88300,88270,88690,87090,87800,88180,89150,88150,89070,86280,83900,91120,90270,87990,87500,86320,86870,87760,84900,85030,92750,92780,92780,89650,89650,89680,89720,93280,92880,93230,93580,93950,94300,95110,95110,95110,,
Singapore,SGP,Agricultural land (sq. km),AG.LND.AGRI.K2,,140,140,130,130,130,130,130,120,120,120,100,110,110,90,80,80,80,80,80,80,70,60,60,60,50,40,30,30,20,20,12,12,12,12,12,12,12,12,12,12,12,12,8,8,7.6,7.5,8,7,7,7.4,7.3,7.3,6.7,6.6,6.6,6.6,6.6,6.6,6.6,6.6,6.6,6.6,6.6,,
Solomon Islands,SLB,Agricultural land (sq. km),AG.LND.AGRI.K2,,550,550,550,550,550,550,550,550,550,550,550,550,550,550,550,550,560,570,590,590,590,620,620,640,640,660,650,670,680,680,690,710,710,720,730,730,730,740,760,760,770,790,830,830,968,971,1012,1003,1030,939,975,974,983,1005,1011,1016,1027,1040,1038,1046,1089,1073,1092,,
Sierra Leone,SLE,Agricultural land (sq. km),AG.LND.AGRI.K2,,26120,26170,26240,26290,26340,26390,26440,26540,26590,26640,26690,26740,26790,26840,26890,26940,26990,27090,27190,27240,27290,27440,27490,27640,28140,28190,28240,28250,28250,28250,28250,28150,28110,28100,28100,28100,28090,28090,28040,28100,30015.2,32300.8,35666.7,37727.3,38120.2,40298.8,36237.2,37122.3,38009.7,39303.8,40176.3,38366.5,39486.5,39490,39490,39490,39490,39490,39490,39490,39490,39490,39490,,
El Salvador,SLV,Agricultural land (sq. km),AG.LND.AGRI.K2,,12520,12520,12519,12438,12347,12235,12134,12023,11952,11881,12260,12238,12257,12306,12355,12224,12263,12622,13070,13119,12668,12327,12236,12285,12433,12582,12531,12680,12629,12708,12837,13015,12964,12943,12902,12461,12410,12698,12957,12867,12777,12637,12547,12807,12186,12169,12413,12375,12337,12299,12260,12222,12184,12142,12230,12141,12052,11957,11957,11957,11957,11957,11957,,
San Marino,SMR,Agricultural land (sq. km),AG.LND.AGRI.K2,,10,10,10,10,10,10,10,10,10,10,10,10,10,10,10,10,10,10,10,10,10,10,10,10,10,10,10,10,10,10,10,10,10,10,10,10,10,10,10,10,10,10,10,10,10,10,10,10,10,10,10,10,10,10,23,23,23,23,23,23,23,23,23,,
"Somalia, Fed. Rep.",SOM,Agricultural land (sq. km),AG.LND.AGRI.K2,,439050,439100,439150,439200,439250,439300,439350,439400,439450,439500,439550,439600,439650,439700,439750,439800,439850,439900,439950,440000,440050,440100,440150,440200,440250,440300,440350,440390,440400,440420,440420,440430,440440,440500,440560,440610,440660,440670,440670,440670,440710,440900,441090,441570,441260,440760,440260,441260,441260,441260,440260,440260,441260,441260,441260,441260,441267,441266,441279,441281,441280,441290,441292,,
Serbia,SRB,Agricultural land (sq. km),AG.LND.AGRI.K2,,35370,35370,35370,35370,35370,35370,35370,35370,35370,35370,35370,35370,35370,35370,35370,35370,35370,35370,35370,35370,35370,35370,35370,35370,35370,35370,35370,35370,35370,35370,35370,35370,35370,35370,35370,35370,35370,35370,35370,35370,35370,35370,35370,35370,35370,35370,35729,36036,35180,35216,35282,34626,34912,35064,34810,34560,34190,34640,34600,34820,34850,34690,33960,,
Sub-Saharan Africa (excluding high income),SSA,Agricultural land (sq. km),AG.LND.AGRI.K2,,7468896.176,7464978.571,7471972.854,7471860.963,7469108.88,7472205.933,7472953.79,7486512.816,7493035.943,7496277.886,7511934.677,7516704.261,7520734.236,7518393.476,7531666.168,7538772.508,7543278.751,7558857.779,7564342.428,7576177.165,7591095.224,7603138.479,7618825.596,7632837.681,7666564.38,7688242.991,7694771.411,7715349.141,7729517.385,7757624.73,7787034.438,7825070.901,8243850.13,8290968.821,8347297.63,8376044.491,8408703.276,8431386.58,8480395.337,8514174.25,8538217.944,8559024.541,8600124.139,8620232.53,8696276.531,8714840.174,8752515.52,8779936.581,8826928.631,8872300.151,8915970.764,10362493.81,10407977.73,10441774.03,10479898.6,10503812.18,10533875.42,10581744.01,10602296.52,10626193.84,10648657.5,10666072.16,10683670,,
South Sudan,SSD,Agricultural land (sq. km),AG.LND.AGRI.K2,,,,,,,,,,,,,,,,,,,,,,,,,,,,,,,,,,,,,,,,,,,,,,,,,,,,,284979.125,284626.25,284273.375,283920.5,283567.625,283214.75,282509,282509,282507,282527,282527,283472.333,,
Sub-Saharan Africa,SSF,Agricultural land (sq. km),AG.LND.AGRI.K2,,7468946.176,7465028.571,7472022.854,7471910.963,7469158.88,7472255.933,7473003.79,7486562.816,7493085.943,7496327.886,7511984.677,7516754.261,7520784.236,7518443.476,7531716.168,7538822.508,7543328.751,7558907.779,7564392.428,7576227.165,7591145.224,7603198.479,7618885.596,7632897.681,7666624.38,7688302.991,7694831.411,7715399.141,7729567.385,7757664.73,7787074.438,7825110.901,8243890.13,8291008.821,8347337.63,8376084.491,8408743.276,8431426.58,8480435.337,8514214.25,8538257.944,8559064.541,8600164.139,8620272.53,8696316.531,8714880.174,8752545.52,8779966.581,8826957.631,8872324.151,8915985.764,10362508.81,10407993.23,10441789.53,10479914.1,10503827.68,10533890.92,10581759.51,10602312.02,10626209.34,10648673,10666087.66,10683685.5,,
Small states,SST,Agricultural land (sq. km),AG.LND.AGRI.K2,,103681,103811,103881,103981,104162,104272,104332,104442,104462,103587,103542,103772,103924,102581,99875,97427.506,97263.256,96959.006,96051.756,95093.506,94744.256,94431.006,94102.756,94289.756,94490.756,95152.756,95452.356,95471.756,95187.603,95321.726,96231.85,96578.356,96387.756,94066.05,93937.237,94389.147,94658.441,94750.565,94823.411,95182.565,95030.756,93165.067,94635.378,93886.989,95096,94883.1,94673.2,93831.4,94329.4,94291.133,94394.7,94458.4,91709.265,92065.2,92587.2,92607.7,92364.9,92432.869,92304.084,92331.08,92356.163,92303.903,90177.167,,
Sao Tome and Principe,STP,Agricultural land (sq. km),AG.LND.AGRI.K2,,350,350,350,350,360,360,360,360,360,360,370,370,370,370,370,370,370,370,370,370,370,330,340,290,300,300,300,310,300,290,300,300,300,310,280,280,270,310,350,360,360,360,360,350,340,340,340,340,340,330,340,350,350,370,370,400,410,420,420,420,430,430,430,,
Suriname,SUR,Agricultural land (sq. km),AG.LND.AGRI.K2,,410,420,410,460,470,440,430,430,470,480,520,530,560,570,580,590,610,620,640,690,730,750,750,770,810,840,880,880,880,880,890,890,890,890,890,890,880,880,880,880,860,740,805,775,728,728,700,708,804,783,800,732,832,882,870,870,840,840,840,800,780,720,714.32,,
Slovak Republic,SVK,Agricultural land (sq. km),AG.LND.AGRI.K2,,24460,24460,24460,24460,24460,24460,24460,24460,24460,24460,24460,24460,24460,24460,24460,24460,24460,24460,24460,24460,24460,24460,24460,24460,24460,24460,24460,24460,24460,24460,24460,24460,24460,24460,24460,24440,24450,24430,24430,24400,22550,22370,22360,19340,19410,19390,19300,19370,19300,19447,19297,19274,18934,18894,18886,18860,18790,18890,18850,18830,18560,18490,18250,,
Slovenia,SVN,Agricultural land (sq. km),AG.LND.AGRI.K2,,5640,5640,5640,5640,5640,5640,5640,5640,5640,5640,5640,5640,5640,5640,5640,5640,5640,5640,5640,5640,5640,5640,5640,5640,5640,5640,5640,5640,5640,5640,5640,5640,5600,5490,5380,5250,4950,4900,5000,5180,5100,5050,5100,4920,5090,4910,4980,6185.6,6251.2,6238.6,6206.1,6117.9,6102.1,6148.4,6164.9,6174.8,6150.4,6120,6122.8,6104.9,6109.6,6107.2,6112,,
Sweden,SWE,Agricultural land (sq. km),AG.LND.AGRI.K2,,42370,41720,39810,39430,38490,37970,37850,37210,37450,37530,37580,37340,37180,37350,37260,37350,37220,37280,37110,37040,36750,36600,36360,36110,34940,34760,34550,34370,34180,34130,33580,33440,33560,33560,32670,32970,32590,32310,31940,29741,30539,31399,31287,31532,32012,31501,31209,30758,30672,30737,30631,30315,30360.8,30360.7,30283.5,30209.2,30113.7,30003.9,30050,30060,30030,29950,29820,,
Eswatini,SWZ,Agricultural land (sq. km),AG.LND.AGRI.K2,,14680,14780,14740,14770,14840,14930,14970,14980,14940,14940,14940,15130,15130,14820,13130,13710,13930,13930,13400,12910,12840,12860,12880,12690,12840,13290,13070,12850,12640,12380,12270,12230,12220,12220,12220,12220,12230,12230,12230,12230,12240,12240,12240,12240,12240,12230,12230,12230,12240,12210.433,12210,12200,12187.465,12160,12120,12080,12040,12010,11970,11950,11950,11950,11950,,
Sint Maarten (Dutch part),SXM,Agricultural land (sq. km),AG.LND.AGRI.K2,,,,,,,,,,,,,,,,,,,,,,,,,,,,,,,,,,,,,,,,,,,,,,,,,,,,,,,,,,,,,,,,,,
Seychelles,SYC,Agricultural land (sq. km),AG.LND.AGRI.K2,,50,50,50,50,50,50,50,50,50,50,50,50,50,50,50,50,50,50,50,50,50,60,60,60,60,60,60,50,50,40,40,40,40,40,40,40,40,40,40,40,40,40,40,40,40,40,30,30,29,24,15,15,15.5,15.5,15.5,15.5,15.5,15.5,15.5,15.5,15.5,15.5,15.5,,
Syrian Arab Republic,SYR,Agricultural land (sq. km),AG.LND.AGRI.K2,,149410,149700,150410,148540,142990,136300,136300,134210,134450,134590,134580,141610,144780,145170,141070,142130,140400,140090,139600,140620,141150,141130,139910,139730,139510,139200,139070,137330,134920,134950,135120,136130,136420,137860,137890,137900,138040,137540,137670,137110,137230,137590,138130,139050,138280,138770,138970,138980,139080,139080,139150,139210,139210,139190,139170,139161.26,139200.31,139176.88,139113.34,139133.76,137709.77,136060,136060,,
Turks and Caicos Islands,TCA,Agricultural land (sq. km),AG.LND.AGRI.K2,,10,10,10,10,10,10,10,10,10,10,10,10,10,10,10,10,10,10,10,10,10,10,10,10,10,10,10,10,10,10,10,10,10,10,10,10,10,10,10,10,10,10,10,10,10,10,10,10,10,10,10,10,10,10,10,10,10,10,10,10,10,10,10,,
Chad,TCD,Agricultural land (sq. km),AG.LND.AGRI.K2,,479000,479000,479000,479000,479000,479000,479000,479000,479000,479000,479000,479000,479100,479200,480000,481000,481000,481500,481500,481500,481500,481500,481500,481500,481550,482050,482050,482300,482500,483000,483500,483700,484000,484200,484500,484300,486300,486300,486300,486300,487300,487300,488300,488300,489300,489300,489310,489310,490350,492350,493350,496850,500360,502360,502370,503380,503380,503380,503380,503380,503380,503380,503373,,
East Asia & Pacific (IDA & IBRD countries),TEA,Agricultural land (sq. km),AG.LND.AGRI.K2,,5597903.667,5632710.591,5670344.704,5707202.983,5751662.275,5793824.3,5836626.801,5880025.676,5931457.77,5984818.719,6027840.3,6089571.172,6155528.746,6237179.174,6295977.767,6215665.568,6291754.731,6361320.077,6406978.78,6461768.171,6524459.501,6631007.767,6744447.766,6857523.2,7007764.5,7097415,7188693,7263770,7337971,7410238,7438952,7442194,7443747.22,7485297.51,7495986.46,7504954.64,7614718.1,7621953,7648729.5,7663772,7684913.444,7699169.889,7557157.733,7571524.084,7583167.934,7614707.585,7638118.335,7654221.086,7669952.718,7670615.552,7677345.406,7674520.859,7676691.366,7671044.507,7685388.111,7683011.018,7676605.423,7681376.903,7681069.974,7680560.785,7686475.7,7682112.311,7628924.864,,
Europe & Central Asia (IDA & IBRD countries),TEC,Agricultural land (sq. km),AG.LND.AGRI.K2,,6717782,6719482,6726372,6725992,6724962,6727412,6724972,6729042,6738582,6733242,6733992,6737692,6735782,6731072,6726002,6727632,6728962,6728792,6736632,6732822,6731992,6717742,6712982,6722622,6727782,6731102,6740992,6739042,6741732,6739522,6743392,6741512,6713476,6705770,6644266,6619088,6639905,6626609,6621487,6619967,6604382,6580258,6556210,6541678,6527006,6510720,6480925,6470568,6461695,6507664,6495585,6497402.25,6503809.8,6511017.85,6513229,6515137.25,6516992.51,6517591.56,6507619,6506955.05,6507874.1,6495014.5,6493933.932,,
Togo,TGO,Agricultural land (sq. km),AG.LND.AGRI.K2,,30700,30700,30700,30700,30750,30750,30750,30750,30750,30750,28800,28800,28800,28800,28800,28800,28800,29800,30300,30350,30350,30350,30350,30850,30900,30900,31100,31400,31400,31600,31850,32050,32300,32500,32700,32900,33300,33500,33700,34000,34200,34400,34600,34800,35200,35700,35950,36350,36550,36650,36650,38500,38200,38200,38200,38200,38200,38200,38200,38200,38200,38200,38200,,
Thailand,THA,Agricultural land (sq. km),AG.LND.AGRI.K2,,116530,119800,124600,126900,129400,132100,134600,137000,139200,142480,143990,152300,160800,168830,172200,175480,179650,183760,187020,189380,193410,197790,198980,200510,205770,207750,212400,213300,213370,213830,215160,213740,212450,213380,214310,215240,216170,217090,218020,218950,219880,220810,221740,222670,223600,224530,225450,226380,227310,228240,228280,228320,228362.654,228420,228460,228420,228470,228456.965,230000,232718.997,235000,235000,223760,,
Tajikistan,TJK,Agricultural land (sq. km),AG.LND.AGRI.K2,,44890,44890,44890,44890,44890,44890,44890,44890,44890,44890,44890,44890,44890,44890,44890,44890,44890,44890,44890,44890,44890,44890,44890,44890,44890,44890,44890,44890,44890,44890,44890,44890,45430,44700,45820,45850,45620,45470,45680,45730,45730,45710,45960,46500,46720,47350,47290,47270,47594,38082,37520,36690,37029,37196,37579,37979,38417,38546,38640,38627,38568,38962,38787,,
Turkmenistan,TKM,Agricultural land (sq. km),AG.LND.AGRI.K2,,353500,353500,353500,353500,353500,353500,353500,353500,353500,353500,353500,353500,353500,353500,353500,353500,353500,353500,353500,353500,353500,353500,353500,353500,353500,353500,353500,353500,353500,353500,353500,353500,354500,354500,355000,355000,355000,355000,355400,355000,355000,353500,351900,350500,348800,347000,345500,343500,342050,340000,338380,345756.25,353132.5,360508.75,367885,375261.25,382637.5,390013.75,397390,397367,397343,397343,395782.392,,
Latin America & the Caribbean (IDA & IBRD countries),TLA,Agricultural land (sq. km),AG.LND.AGRI.K2,,5636950,5672130,5705169,5735998,5772097,5804775,5832784,5869093,5894342,5936061,5994890,6047628,6095477.061,6148485.121,6200505.182,6263100.748,6331073.559,6392536.37,6452660.18,6513258.071,6545389.802,6571362.612,6622825.423,6661165.483,6688596.454,6688347.064,6688272.595,6686972.486,6687371.649,6686168.686,6685705.878,6672356.45,6666612.285,6658038.047,6648628.716,6656970.795,6666894.013,6681249.582,6688706.751,6684761.05,6659694.745,6667600.013,6669387.715,6685419.763,6697103.457,6695241.281,6707848.438,6657517.102,6631709.113,6646891.16,6633598.28,6635223.811,6638467.482,6599432.964,6610278.545,6585138.728,6553732.127,6535663.359,6536079.321,6590193.355,6588830.322,6568259.551,6526769.303,,
Timor-Leste,TLS,Agricultural land (sq. km),AG.LND.AGRI.K2,,2300,2300,2300,2300,2300,2300,2320,2320,2330,2430,2430,2450,2500,2500,2550,2580,2620,2710,2760,2790,2820,2840,2860,2890,2920,2950,2990,3030,3050,3180,3300,3300,3350,3400,3400,3420,3430,3410,3370,3370,3366,3362,3338,3334,3330,3326,3322,3368,3384,3380,3386,3391,3396,3401,3406,3411,3416,3421,3414,3414,3414,3414,3414,,
"Middle East, North Africa, Afghanistan & Pakistan (IDA & IBRD)",TMN,Agricultural land (sq. km),AG.LND.AGRI.K2,,2740030,2740740,2744280,2750300,2761810,2763970,2771260,2771500,2763900,2773130,2791050,2811710,2825492,2819983,2813383,2813050,2813900,2815670,2826340,2825170,2779146,2807183.4,2793317.4,2811403.6,2811068,2796055,2812972,2808025,2809182,2803620,2823110,2842284.8,2856483.8,2860546.6,2863059,2868903.6,2864950.2,2876131.2,2862062,2854818,2864617,2869347,2877423,2878065,2709391,2716294,2719403,2689656,2687206,2691710,2700281,2703927.9,2709143.55,2705892.9,2705917.771,2717439.514,2727535.088,2728009.948,2713971.41,2724604.504,2717847.335,2710684.961,2713569.797,,
Tonga,TON,Agricultural land (sq. km),AG.LND.AGRI.K2,,270,280,290,290,300,310,310,310,330,320,320,330,330,340,340,330,330,330,330,340,340,340,330,330,330,330,330,330,320,320,320,320,320,320,330,330,310,310,310,300,300,300,300,300,300,310,310,310,320,320,320,330,330,340,350,350,350,350,350,350,350,350,350,,
South Asia (IDA & IBRD),TSA,Agricultural land (sq. km),AG.LND.AGRI.K2,,1900740,1915870,1916250,1922580,1928940,1933110,1936970,1942960,1937370,1941710,1939410,1944950,1954360,1960210,1964650,1964730,1964620,1975100,1974040,1971130,1972540,1975776,1972822,1983888,1982504,1981430,1985996,1984612,1988848,1987444,1989070,1978682,1978304,1976696,1974098,1970240,1974682,1974424,1976686,1975611,1970890,1971020,1967849,1967994,1967335,1963852,1960044,1962879,1965906,1960869,1961811,1961156.453,1961281.921,1961368.167,1961178.868,1960228.801,1956508.003,1955159.261,1956111.526,1950918.328,1950711.917,1950695.667,1952539,,
Sub-Saharan Africa (IDA & IBRD countries),TSS,Agricultural land (sq. km),AG.LND.AGRI.K2,,7468946.176,7465028.571,7472022.854,7471910.963,7469158.88,7472255.933,7473003.79,7486562.816,7493085.943,7496327.886,7511984.677,7516754.261,7520784.236,7518443.476,7531716.168,7538822.508,7543328.751,7558907.779,7564392.428,7576227.165,7591145.224,7603198.479,7618885.596,7632897.681,7666624.38,7688302.991,7694831.411,7715399.141,7729567.385,7757664.73,7787074.438,7825110.901,8243890.13,8291008.821,8347337.63,8376084.491,8408743.276,8431426.58,8480435.337,8514214.25,8538257.944,8559064.541,8600164.139,8620272.53,8696316.531,8714880.174,8752545.52,8779966.581,8826957.631,8872324.151,8915985.764,10362508.81,10407993.23,10441789.53,10479914.1,10503827.68,10533890.92,10581759.51,10602312.02,10626209.34,10648673,10666087.66,10683685.5,,
Trinidad and Tobago,TTO,Agricultural land (sq. km),AG.LND.AGRI.K2,,970,970,980,980,980,980,980,980,980,980,1010,1010,1100,1110,1060,1060,1060,1060,1060,1010,950,880,740,740,710,710,710,720,720,770,810,810,810,810,760,760,710,660,670,670,600,600,600,550,540,540,540,540,540,540,540,540,540,540,540,540,540,540,540,540,540,540,540,,
Tunisia,TUN,Agricultural land (sq. km),AG.LND.AGRI.K2,,86480,86460,86440,87260,87240,87220,87200,87180,88680,90530,90580,91560,92440,92920,93600,94280,94730,93570,92930,90610,91280,92160,93210,93420,92880,91940,92060,91700,92190,91910,92100,93550,94220,92830,93480,93240,93470,94200,95260,95510,94990,97630,97840,98300,98240,98060,98050,98810,97890,100380,100720,99220,99430,97610,98340,97026,97429,97005,97005,97005,97005,97005,97005,,
Turkiye,TUR,Agricultural land (sq. km),AG.LND.AGRI.K2,,365170,366480,373700,372920,372960,374840,373000,376010,386430,381780,383140,388260,387870,383280,379620,379030,380290,380450,388920,385790,386130,371910,367180,376130,381300,384830,394270,392630,398970,396770,400670,399040,399130,401490,394930,393640,392420,399190,403020,404790,409680,411960,406440,412100,412230,404930,395050,391220,389110,390120,382470,384070,384230,385540,385510,383280,379640,378020,377160,377620,380890,385010,385880,,
Tuvalu,TUV,Agricultural land (sq. km),AG.LND.AGRI.K2,,20,20,20,20,20,20,20,20,20,20,20,20,20,20,20,20,20,20,20,20,20,20,20,20,20,20,20,20,20,20,20,20,20,20,20,20,20,20,20,20,17,17,17,17,17,17,18,18,18,18,18,18,18,18,18,18,18,18,18,18,18,18,18,,
Tanzania,TZA,Agricultural land (sq. km),AG.LND.AGRI.K2,,260000,260000,270000,270000,270000,270000,270000,270000,270000,280000,290000,290000,290000,290000,290000,290000,290000,300000,300000,300000,310000,310000,310000,310000,320000,320000,320000,320000,320000,311899.9,315619.9,319339.9,323059.9,326779.9,330499.9,334219.9,337030,338000,339000,340000,341000,342000,342700,347571,353142,358713,364184,369744,371867,373990,376113,374975.94,380359,382482,384605,386728,388851,390974,393097,395212,395212,395212,395212,,
Uganda,UGA,Agricultural land (sq. km),AG.LND.AGRI.K2,,90180,91140,92580,98730,98710,98850,98880,99250,99500,99800,100300,101000,101800,102640,104070,105380,105380,106100,106100,106800,107600,108400,113000,115000,116000,118170,118170,118170,118620,119620,120320,120520,120820,121020,121220,121720,121720,122420,122620,125120,126120,128120,131120,132620,132620,134627.5,136635,139142.5,141150,142650,143650,144150,144150,144150,144150,144150,144150,144150,144150,144150,144150,144150,144150,,
Ukraine,UKR,Agricultural land (sq. km),AG.LND.AGRI.K2,,419290,419290,419290,419290,419290,419290,419290,419290,419290,419290,419290,419290,419290,419290,419290,419290,419290,419290,419290,419290,419290,419290,419290,419290,419290,419290,419290,419290,419290,419290,419290,419290,418900,418610,418530,418400,418540,416110,414530,414060,413850,413960,413550,413540,413040,412840,412660,412920,412760,412670,412810,412970,415260,415110,415080,415150,414890,413290,413110,413110,413110,413110,413110,,
Upper middle income,UMC,Agricultural land (sq. km),AG.LND.AGRI.K2,,16406821.97,16464438.89,16535522,16591469.28,16659666.58,16731496.6,16800398.1,16881885.98,16965557.07,17056047.02,17177317.6,17301726.47,17412313.11,17525021.6,17611920.25,17586237.11,17721775.33,17846709.74,17965378.5,18056872.04,18105737.35,18230419.67,18397517.73,18555904.23,18738953.5,18828331.61,18936562.14,19016352.03,19091616.64,19161651.4,19211297.76,19218825.23,19222247.69,19260338.97,19207178.04,19211425.25,19320104.48,19349042.9,19368595.63,19376982.6,19372077.52,19379993.52,19234441.34,19262398.72,19107144.14,19119642.63,19137380.85,19071320.53,19050754.91,19131939.78,19110314.4,19121190.01,19131882.5,19095584.61,19121458.52,19104616.96,19075696.55,19071247.77,19063420.38,19124400.05,19132693.75,19098381.71,19000460.83,,
Uruguay,URY,Agricultural land (sq. km),AG.LND.AGRI.K2,,163540,162490,161410,160840,159730,159150,158420,157220,156480,154810,154410,154000,153600,153210,152810,152400,152010,151610,151210,150810,150530,150210,149920,149620,149330,148950,148580,148390,148220,149170,149210,149250,149300,149340,149380,149410,149450,149500,149540,149580,149620,149230,149270,148290,148320,146950,145500,146740,148140,144330,145260,142370,143467,144751,144676,142653,142229,141908,141273,140634,140700,141544.85,142386,,
United States,USA,Agricultural land (sq. km),AG.LND.AGRI.K2,,4475090,4439910,4414430,4390120,4358730,4355500,4353070,4357950,4354470,4393332,4370099,4346866,4324633,4301580,4301580,4301580,4303310,4281630,4281630,4281630,4281630,4313990,4313990,4313990,4313990,4313990,4269480,4269480,4269480,4269480,4269480,4254290,4229480,4211390,4201390,4163060,4148850,4145880,4138870,4143990,4149440,4130640,4130227.2,4129814.4,4129401.6,4128988.8,4128576,4148808.236,4169040.472,4189272.707,4209504.943,4229737.179,4238275.828,4246814.477,4255353.125,4263891.774,4272430.423,4261025.073,4249619.723,4238214.373,4226809.024,4215403.674,4215403.674,,
Uzbekistan,UZB,Agricultural land (sq. km),AG.LND.AGRI.K2,,277240,277240,277240,277240,277240,277240,277240,277240,277240,277240,277240,277240,277240,277240,277240,277240,277240,277240,277240,277240,277240,277240,277240,277240,277240,277240,277240,277240,277240,277240,277240,277240,276470,276400,276430,276400,276370,273340,273310,273280,273250,270460,268650,266840,265030,263220,261410,259600,257790,255980,254170,252360,250600,255420,255480,255457,255332,255203,255553,256825,256906,257690,255820,,
St. Vincent and the Grenadines,VCT,Agricultural land (sq. km),AG.LND.AGRI.K2,,100,100,110,110,110,110,110,110,110,110,110,110,100,100,100,100,110,110,120,120,120,110,120,120,120,130,116.6,113,109.4,105.8,102.2,98.6,95,91.4,87.8,84.2,80.6,77,73.4,70,70,70,70,70,70,70,70,70,70,70,70,70,70,70,70,70,70,70,70,70,70,70,70,,
"Venezuela, RB",VEN,Agricultural land (sq. km),AG.LND.AGRI.K2,,192320,193020,193720,194440,195140,195840,196660,197580,198400,199330,200260,200650,201790,202440,202980,204700,206840,207400,209000,210200,210400,211600,212800,213900,216400,218500,219600,220100,218100,218600,218570,216070,216030,216060,216160,216260,216360,216360,216330,216350,216380,216380,215400,215900,215950,215550,215590,216000,215000,215000,215000,215000,215000,215000,215000,215000,215000,215000,215000,215000,215000,215000,215000,,
British Virgin Islands,VGB,Agricultural land (sq. km),AG.LND.AGRI.K2,,60,60,60,60,60,80,80,80,80,80,80,80,80,80,80,80,80,80,80,80,80,90,90,90,90,90,90,90,90,80,80,80,80,80,80,80,80,80,70,70,70,70,70,70,70,70,70,70,70,70,70,70,70,70,70,70,70,70,70,70,70,70,70,,
Virgin Islands (U.S.),VIR,Agricultural land (sq. km),AG.LND.AGRI.K2,,120,120,140,160,160,160,150,150,150,150,150,150,150,150,150,150,150,150,150,160,160,150,140,140,120,120,120,110,110,100,100,100,100,90,80,80,80,80,70,70,70,60,60,60,60,40,40,40,40,40,40,40,40,40,40,40,40,33,33,33,33,33,33,,
Viet Nam,VNM,Agricultural land (sq. km),AG.LND.AGRI.K2,,62920,62970,63020,63070,63120,63170,63420,63670,63820,64170,64220,64470,64820,65070,65120,67220,68120,68360,68500,68580,68760,68840,69020,69100,67500,67250,67100,67100,67150,67260,67510,70250,70870,71400,70790,76820,78440,80550,84130,87800,94830,94550,95370,97956,100541,100780,100626,102408,102920,107601,107686,107933,108528,108737,121478,121722,121688,121405,123880,123600,123600,123150,122910.36,,
Vanuatu,VUT,Agricultural land (sq. km),AG.LND.AGRI.K2,,1050,1050,1050,1050,1130,1130,1130,1130,1130,1200,1200,1200,1200,1200,1260,1260,1270,1270,1280,1280,1310,1320,1350,1350,1370,1410,1430,1470,1490,1520,1540,1570,1590,1600,1650,1670,1680,1720,1730,1750,1770,1780,1800,1810,1830,1850,1870,1870,1870,1870,1870,1870,1870,1870,1870,1870,1870,1870,1870,1870,1870,1870,1870,,
World,WLD,Agricultural land (sq. km),AG.LND.AGRI.K2,,42989270.91,43063853.1,43155594.96,43241665.66,43344399.97,43431085.68,43532751.7,43870729.86,43916440.94,43867754.91,44016387.25,44147433.32,44242377.72,44365455.23,44475831.86,44476888.75,44530458.35,44710996.82,44801319.55,44937985.13,45000497.85,45139921.38,45219350.24,45497542.82,45761391.43,45726020.85,45887285.11,46030756.09,46126488.01,46233102.36,46278229.4,46318652.39,46692866.17,46901608.33,46881325.64,46952096.64,47142870.26,47274465.59,47295744.06,47338850.34,47340479.48,47251402.42,47043586.38,46626666.64,46694731.49,46698214.8,46612838.94,46497037.18,46474572.72,46503304.67,46735678.54,48110011.63,48021821.94,48033633,47837046.43,47793533.46,48095867.11,47980498.89,48009067.08,47985989.95,48070725.28,48027919.89,47921707.07,,
Samoa,WSM,Agricultural land (sq. km),AG.LND.AGRI.K2,,560,570,570,570,620,620,620,630,630,635,640,640,640,640,650,690,710,710,735,740,770,770,776,780,780,784,767,770,542,540,540,520,520,510,510,510,510,510,508,480,480,470,450,430,420,402,385,370,349,415,480,545,610,675,756.2,688.1,620,551.7,494.1,494.1,494.1,494.1,488.3,,
Kosovo,XKX,Agricultural land (sq. km),AG.LND.AGRI.K2,,,,,,,,,,,,,,,,,,,,,,,,,,,,,,,,,,,,,,,,,,,,,,,,,,,,,,,,,,,,,,,,,,
"Yemen, Rep.",YEM,Agricultural land (sq. km),AG.LND.AGRI.K2,,233370,233480,233600,233700,233800,233910,233980,234030,234130,234180,234260,234370,234420,234470,234600,234600,234600,234620,234630,234630,234650,234650,234650,234650,234700,234700,234790,234790,234810,236260,236310,234810,237250,237300,237360,237550,237200,236800,236680,236690,235950,236560,234950,235570,235230,236270,236270,235170,234520,235790,234520,235010,234990,234516,234326,233858,234520,234520,234520,234520,234520,234520,234520,,
South Africa,ZAF,Agricultural land (sq. km),AG.LND.AGRI.K2,,1013350,1001350,989950,977500,966100,964240,961480,959270,956960,954650,952340,950080,947720,945560,943050,940690,940580,940670,940560,940550,940440,940330,940330,940330,940330,944000,946500,949000,953000,956000,960050,964730,969360,972650,975200,978900,979450,979880,980580,981250,980130,980280,979280,976080,974830,968880,968900,971080,969880,968910,963740,963410,963410,963410,963410,963410,963410,963410,963410,963410,963410,963410,963410,,
Zambia,ZMB,Agricultural land (sq. km),AG.LND.AGRI.K2,,193070,193600,194040,194590,195130,196070,196610,197350,198040,198740,200530,200930,201440,202020,202370,202650,202740,201550,197800,198460,199530,200390,201360,202220,203290,204240,205210,206170,207600,208110,208260,210650,212020,214730,216530,218340,220070,221740,223540,225260,225550,226160,229090,228970,227620,230480,229840,230870,235860,234360,236360,238360,237370,237380,237390,237390,238390,238390,238390,238390,238390,238390,238390,,
Zimbabwe,ZWE,Agricultural land (sq. km),AG.LND.AGRI.K2,,99956.086,100687.032,101690.175,102377.364,103169.442,103315.455,104348.842,104891.889,106142.776,107133.049,108322.161,109710.755,110640.54,111910.731,112833.438,113635.168,114783.481,115508.059,116443.059,117409.456,119011.045,120306.591,122459.008,123208.098,124108.283,125633.94,124946.825,126384.391,129131.393,130446.111,132312.051,131028.041,133340.093,137362.838,138425.446,141123.606,141275.101,143080.183,146993.668,151173.584,151961.166,154271.169,156099.177,159574.17,160555.164,162515.152,161487.144,163894.117,162383.113,161368.109,163372.11,161901.722,161874.492,161853.264,161829.035,161809.808,161787.58,161768.353,161779.134,161768.909,161738.679,161694.444,161671.216,,
