Data Source,World Development Indicators,,,,,,,,,,,,,,,,,,,,,,,,,,,,,,,,,,,,,,,,,,,,,,,,,,,,,,,,,,,,,,,,,,,,
,,,,,,,,,,,,,,,,,,,,,,,,,,,,,,,,,,,,,,,,,,,,,,,,,,,,,,,,,,,,,,,,,,,,,
Last Updated Date,7/13/2026,,,,,,,,,,,,,,,,,,,,,,,,,,,,,,,,,,,,,,,,,,,,,,,,,,,,,,,,,,,,,,,,,,,,
,,,,,,,,,,,,,,,,,,,,,,,,,,,,,,,,,,,,,,,,,,,,,,,,,,,,,,,,,,,,,,,,,,,,,
Country Name,Country Code,Indicator Name,Indicator Code,1960,1961,1962,1963,1964,1965,1966,1967,1968,1969,1970,1971,1972,1973,1974,1975,1976,1977,1978,1979,1980,1981,1982,1983,1984,1985,1986,1987,1988,1989,1990,1991,1992,1993,1994,1995,1996,1997,1998,1999,2000,2001,2002,2003,2004,2005,2006,2007,2008,2009,2010,2011,2012,2013,2014,2015,2016,2017,2018,2019,2020,2021,2022,2023,2024,2025
Aruba,ABW,"Agriculture, forestry, and fishing, value added (% of GDP)",NV.AGR.TOTL.ZS,,,,,,,,,,,,,,,,,,,,,,,,,,,,,,,,,,,,0.505922166,0.48582996,0.429978118,0.407916806,0.383268482,0.018607536,0.018617487,0.018053934,0.018010582,0.017566258,0.017327777,0.017507704,0.017838596,0.016997399,0.019906853,0.020492088,0.020394903,0.021468749,0.017817463,0.014812973,0.012519791,0.018611754,0.023918579,0.022253007,0.018419333,0.02155386,0.029903188,0.034174938,0.039529461,,
Africa Eastern and Southern,AFE,"Agriculture, forestry, and fishing, value added (% of GDP)",NV.AGR.TOTL.ZS,,,,,,,,,,,,,,,,,,,,,,,,,,,,,,,18.02725406,19.58454735,12.86780123,13.18811854,12.64673922,12.32657864,12.76480367,13.33689607,13.50966502,12.68814566,12.9160509,12.81189318,12.92378309,11.16104506,10.05176607,9.964362886,10.25603674,11.16495639,12.3879448,12.65479082,11.41599706,10.54617206,11.0093306,11.52451966,12.23067661,12.99678042,13.30765379,12.88812036,11.96773406,12.93022232,14.71942323,14.15163918,15.1040322,15.30593328,15.17912862,15.41729547
Afghanistan,AFG,"Agriculture, forestry, and fishing, value added (% of GDP)",NV.AGR.TOTL.ZS,,,,,,,,,,,,,,,,,,,,,,,,,,,,,,,,,,,,,,,,,,,38.62789186,37.41885544,29.72106714,31.11485491,28.63596858,30.10501136,24.89227001,29.29750105,26.21006854,23.74366399,24.39087363,22.81066274,22.13704137,20.63432272,25.74031404,26.42019908,22.04289675,25.77397074,29.97558252,33.59761887,33.70143232,34.74324714,34.2931005,
Africa Western and Central,AFW,"Agriculture, forestry, and fishing, value added (% of GDP)",NV.AGR.TOTL.ZS,,,,,,,,,,,,,,,,,,,,,,15.59685056,16.40715783,17.19105335,18.54159138,18.14233658,22.5964841,24.64838857,26.33443174,25.56753073,24.29892256,24.40882319,24.19272832,24.13219542,25.11413793,25.4665329,25.50597627,26.31863495,26.98055772,23.53557706,20.70025154,22.81973873,29.69436116,27.51226389,23.85237875,23.37334345,22.34713652,22.05242074,22.60364278,23.70547516,22.13212592,20.51952496,20.33878452,19.61966635,19.19329248,20.17859605,20.62400593,20.4016018,20.55041886,23.44928473,25.4033896,25.64737622,25.37487268,24.32138103,22.78133398,21.92979281
Angola,AGO,"Agriculture, forestry, and fishing, value added (% of GDP)",NV.AGR.TOTL.ZS,,,,,,,,,,,,,,,,,,,,,,,,,,,,,,,,,,,,,,,,,,,9.386790604,10.00007685,10.36359145,8.565367317,8.441008978,8.616240422,7.818318033,10.36614746,10.09130686,9.556306022,9.696979324,10.3295507,11.47821589,13.66377233,14.45584244,14.70994169,13.19339173,12.32105082,15.10976747,16.8317968,19.43011702,20.90933694,21.55267099,25.24098539
Albania,ALB,"Agriculture, forestry, and fishing, value added (% of GDP)",NV.AGR.TOTL.ZS,,,,,,,,,,,,,,,,,,,,,,,,,,,,,,,,,,,,32.83744976,33.56166119,28.94131451,26.26104283,23.6225673,22.17901395,20.45240541,19.76391647,19.80762033,18.56307999,17.1247179,16.04157503,15.53254945,15.4221004,15.27922173,16.35860819,16.72022295,17.59136855,18.92481742,19.23775892,18.74716028,19.16719075,18.07907821,17.91555582,18.16039737,18.80613786,17.79322498,16.98447545,16.27423883,15.45190313,14.79726075
Andorra,AND,"Agriculture, forestry, and fishing, value added (% of GDP)",NV.AGR.TOTL.ZS,,,,,,,,,,,,,,,,,,,,,,,,,,,,,,,,,,,,,,,,,0.517055748,0.441953155,0.385887246,0.419117893,0.414741998,0.380576808,0.353522338,0.368796684,0.406917964,0.418928933,0.466508602,0.490560827,0.601164454,0.585558984,0.537623493,0.51342011,0.521999648,0.559538513,0.546367883,0.522633248,0.55944277,0.531844879,0.487491862,0.478492136,0.49084155,0.484029293
Arab World,ARB,"Agriculture, forestry, and fishing, value added (% of GDP)",NV.AGR.TOTL.ZS,,,,,,,,,15.62796518,15.02799253,15.53503952,14.76379016,14.62280671,12.47114663,7.758087295,7.989929368,7.397086946,7.008889155,7.357440525,5.650906596,4.788616078,5.185887378,6.08795643,6.807123079,7.453221951,8.057224332,9.435554306,9.667766935,10.59357668,11.2314876,10.48982646,12.2222895,8.867597736,9.017306023,9.962408894,9.246949825,8.955631345,8.470919004,9.354865635,8.414933782,7.343282661,7.802194392,7.819513004,7.455833087,6.617140139,5.826876321,5.599184403,5.605331922,5.097258997,6.161219108,5.669337864,5.197917113,4.614440635,4.782799296,4.969828891,5.612936774,5.570416109,5.145317084,4.623715876,4.791670739,5.605484123,5.029685974,4.626745984,4.958130673,5.350567247,5.945453376
United Arab Emirates,ARE,"Agriculture, forestry, and fishing, value added (% of GDP)",NV.AGR.TOTL.ZS,,,,,,,,,,,,,,,,0.540660329,0.545058453,0.484661839,0.628854954,0.546916808,0.490293732,0.548185738,0.640528,0.730614821,0.842292487,0.925778897,1.18433041,1.142892582,1.197424691,1.192992066,1.058554049,1.297813402,1.378862939,1.481066382,1.830214611,1.787167081,1.792524323,2.003863309,2.180940774,2.33324699,2.262541493,2.238281794,2.203431425,1.927649692,1.665448142,1.395439991,1.094288859,0.976706776,0.82730549,1.036859999,0.732325154,0.650181657,0.627730308,0.631291108,0.625619165,0.716283676,0.740828105,0.753711715,0.705621194,0.73460048,0.962972913,0.890366137,0.740907379,0.764071418,0.769443753,
Argentina,ARG,"Agriculture, forestry, and fishing, value added (% of GDP)",NV.AGR.TOTL.ZS,,,,,,12.90416299,10.27875747,9.980386317,9.721276985,9.185809648,9.637560964,10.86588238,10.98486987,11.95252249,10.23083775,6.583910492,8.152170712,8.087142114,7.504427478,7.796277359,6.353505005,6.475522961,9.596156046,8.658324961,8.345976837,7.634307257,7.80040264,8.094358464,8.977868218,9.616065096,8.123676208,6.71649176,5.990787091,5.136826482,5.082668,5.351464616,5.610866113,5.221972109,5.25272257,4.457826102,4.679910944,4.568589609,10.20664671,10.32816694,8.362486613,7.938754274,6.935572294,7.452353945,7.318954597,5.273623466,7.132167448,6.998733771,5.781744207,6.052918437,6.712703513,5.156685903,6.26456582,5.231622377,4.537878897,5.318555997,6.357033676,7.291282496,6.541569405,5.846778604,5.806017109,5.532653881
Armenia,ARM,"Agriculture, forestry, and fishing, value added (% of GDP)",NV.AGR.TOTL.ZS,,,,,,,,,,,,,,,,,,,,,,,,,,,,,,,,,,,,,,,,,,,,,,,,,,,,,17.91268195,18.43476288,18.07203635,17.22312003,16.39047353,14.99426012,13.94231166,11.52561074,11.34980516,11.34354842,10.14670393,8.102237992,7.805886218,7.934681773
American Samoa,ASM,"Agriculture, forestry, and fishing, value added (% of GDP)",NV.AGR.TOTL.ZS,,,,,,,,,,,,,,,,,,,,,,,,,,,,,,,,,,,,,,,,,,,,,,,,,,,,,,,,,,,,,,,,,,
Antigua and Barbuda,ATG,"Agriculture, forestry, and fishing, value added (% of GDP)",NV.AGR.TOTL.ZS,,,,,,,,,,,,,,,,,,4.969656425,4.45921501,3.514582136,2.98920642,2.858559564,2.592345349,2.548383219,1.921533038,1.996392063,1.741305917,1.761804087,1.615996111,1.543569005,1.599176815,1.582568976,1.584077412,1.517720931,1.353305051,1.395986389,1.359561101,1.427678094,1.367454031,1.353741406,1.289097344,1.28987886,1.361733715,1.360225324,1.241027899,1.329115563,1.23269847,1.179054416,1.130389502,1.1120312,1.214648813,1.415185263,1.377019461,1.484000402,1.441231857,1.445683176,1.458503753,1.660911511,1.626791912,1.646712046,2.278940657,2.080800048,1.965613726,2.215086025,1.611060583,1.485792309
Australia,AUS,"Agriculture, forestry, and fishing, value added (% of GDP)",NV.AGR.TOTL.ZS,,,,,,,,,,,,,,,,,,,,,,,,,,,,,,,4.176773821,3.158256671,3.030138602,3.239308708,3.321734441,2.999401932,3.368146066,3.225279939,3.02751532,3.043423121,3.106306762,3.501870863,3.944251239,2.887335849,3.058219166,2.889214935,2.740113192,2.212810342,2.354179108,2.314235706,2.218248373,2.304859623,2.273178565,2.290768133,2.226957693,2.376643915,2.413002323,2.720983197,2.471917526,2.124249112,2.015127154,2.305378755,2.672427,2.571698319,2.035652652,2.266582748
Austria,AUT,"Agriculture, forestry, and fishing, value added (% of GDP)",NV.AGR.TOTL.ZS,,,,,,,,,,,,,,,,,5.16882898,4.464122979,4.46865634,4.341429656,4.379365898,4.015497492,3.690672426,3.453980125,3.626202786,3.173544544,3.266466173,3.236635811,3.085779963,3.048421412,3.135033921,2.845696878,2.48336784,2.231427043,2.400577569,2.18502137,1.976498915,1.967026235,1.838467347,1.781025497,1.670896012,1.708255273,1.592234263,1.486930756,1.493176275,1.282394983,1.327517968,1.461963403,1.385041148,1.176553064,1.29288596,1.461306481,1.417681343,1.277849921,1.275558018,1.143628542,1.149282641,1.199902031,1.10911414,1.044634137,1.071381133,1.215238866,1.346495965,1.24176172,1.216633758,1.256948096
Azerbaijan,AZE,"Agriculture, forestry, and fishing, value added (% of GDP)",NV.AGR.TOTL.ZS,,,,,,,,,,,,,,,,,,,,,,,,,,,,,,,26.50068213,30.48278443,26.05962532,27.10955414,32.3456632,25.3444559,24.96157506,20.12791692,18.14799744,18.3995126,16.08486467,14.83745955,13.95463918,12.42566291,10.98801904,9.147534438,7.091037117,6.540082157,5.570891841,6.121933065,5.544566113,5.076225951,5.139769508,5.36626448,5.319406718,6.177638838,5.605111775,5.607369011,5.212380762,5.69538025,6.738947424,5.725983657,4.612208308,5.510588946,5.58264743,5.925217284
Burundi,BDI,"Agriculture, forestry, and fishing, value added (% of GDP)",NV.AGR.TOTL.ZS,,,,,,,,,,,65.33139351,64.76177131,60.77312761,63.31363862,61.03422277,61.30360423,59.47548325,55.58015512,53.96401695,53.8322492,57.57193562,58.14259605,52.61267683,53.48218721,54.65985733,55.95197095,52.51958805,50.55635032,48.21563002,47.12209253,51.05685018,48.59791032,48.00452171,47.16981169,40.73232545,42.02269313,53.38092151,42.42186415,44.53870405,47.63530413,44.10704011,43.84314206,43.33361124,42.8412837,41.90260497,40.84812339,40.63768227,34.93417192,38.0048233,36.85324037,38.43054529,36.70435151,35.51041599,38.36711826,34.95782384,35.24773918,35.55531583,37.403435,35.35390255,34.2483546,31.1053894,33.99378462,35.33120845,34.03723993,35.05122234,34.28972311
Belgium,BEL,"Agriculture, forestry, and fishing, value added (% of GDP)",NV.AGR.TOTL.ZS,,,,,,,,,,,,,,,,,,,,,,,,,,,,,,,,,,,,1.306623478,1.32831141,1.340821012,1.255675473,1.076235331,1.17600528,1.109350298,1.033134143,1.029444503,1.022910541,0.840639974,0.907269381,0.88752394,0.712338067,0.718679661,0.847918635,0.726239843,0.844574695,0.764565478,0.716518219,0.750617272,0.673190544,0.729532583,0.664625571,0.718789584,0.712818024,0.654899385,0.670989189,0.775221748,0.792093359,0.730169515
Benin,BEN,"Agriculture, forestry, and fishing, value added (% of GDP)",NV.AGR.TOTL.ZS,46.15772309,46.19378573,44.70927268,43.71836971,45.52815226,44.61942503,45.14781983,42.0810132,38.868069,38.49666283,36.32785238,34.35773601,34.23102234,33.62392031,31.53369577,30.53866655,33.19650626,31.85508538,34.54214391,34.99288604,35.43268847,32.66465235,32.50119968,33.1576443,33.31156053,31.54554889,33.67105902,33.27995076,34.38009319,37.85688479,34.65494536,35.0437735,33.94190414,34.1194608,32.29399457,33.09015959,35.70530039,35.78193016,36.57664979,24.53433491,23.54123399,25.04816274,25.38272928,24.45398374,26.52084928,26.6894285,26.63180343,26.97108697,26.82615619,26.97895538,25.8411355,25.79700083,25.76897583,25.27540464,25.61845297,26.39208509,27.7536355,28.48901653,28.06477391,26.87580163,27.10917504,28.52895061,26.8966788,25.40197237,24.23172295,22.91915864
Burkina Faso,BFA,"Agriculture, forestry, and fishing, value added (% of GDP)",NV.AGR.TOTL.ZS,38.48453334,38.30700833,37.85878292,38.49363408,38.68111026,35.41478443,36.26719737,33.41198115,31.59393267,32.01766365,30.51186979,30.59941113,31.90210367,29.39852092,30.82462345,28.86615892,29.01546487,28.42248651,30.12059514,29.37995092,28.44634498,29.80398029,27.5193113,27.61483086,28.4988398,33.90416781,29.36042761,27.81632517,28.54669613,27.62770832,27.95002227,29.79326533,28.80981128,30.23105157,32.94777027,33.21721709,36.37917327,33.7387787,36.56355608,27.25228666,24.91403646,26.92043043,26.37244848,25.96097682,23.38143845,26.77091903,25.22897616,21.83948741,27.31428025,23.20484713,24.14338662,23.04365045,23.75600502,23.64109279,23.69377277,22.64649849,21.71471783,20.58558722,20.99747328,18.22052455,17.91516357,17.29021575,20.62975854,19.01084502,20.92463812,19.94294108
Bangladesh,BGD,"Agriculture, forestry, and fishing, value added (% of GDP)",NV.AGR.TOTL.ZS,57.47431238,57.98823595,57.01857402,57.14666817,53.35683665,52.81869477,53.94737058,55.85247837,53.55573997,55.41281892,54.56149999,51.03131121,59.609906,56.638853,56.63655312,61.95413913,51.91445693,48.89805693,54.2503083,52.45201206,32.82389185,31.95151692,31.44169633,31.04603046,34.69863208,33.00673157,32.36915289,32.66390093,31.3191778,30.56164284,30.4898331,31.67702324,30.51752524,27.32108582,26.72553755,27.3043698,23.26620805,23.24614375,22.58741576,22.65841112,22.71814808,21.84834058,20.58413442,19.8127183,19.26695957,18.57103955,18.03401651,17.80653678,17.59569554,17.10462905,17.00118126,16.80998676,16.17756317,15.493278,15.3516209,14.78299644,13.46479232,12.95727604,12.48007719,11.97532314,11.99968686,11.63285843,11.21760104,11.00369002,11.16480143,11.42402225
Bulgaria,BGR,"Agriculture, forestry, and fishing, value added (% of GDP)",NV.AGR.TOTL.ZS,,,,,,,,,,,,,,,,,,,,,14.4168057,16.62916608,17.17791411,14.47877714,15.81027668,11.86918692,12.92045455,11.7952562,11.4613619,10.9414381,17.74464601,15.39082431,11.61773587,9.934758567,11.49147257,9.218218419,9.592529863,20.47684278,13.41156544,12.95862123,10.97047467,10.60325346,9.71056752,9.095630061,8.452186229,7.283682032,6.096285606,4.651784083,5.869626461,4.235786488,4.032500046,4.6613693,4.430139626,4.515418159,4.558717429,4.061973677,4.054899602,4.043177034,3.404615032,3.202056553,3.436000266,4.328947729,3.711364095,2.522447317,2.351056898,2.474986073
Bahrain,BHR,"Agriculture, forestry, and fishing, value added (% of GDP)",NV.AGR.TOTL.ZS,,,,,,,,,,,,,,,,,,,,,,,,,,,,,,,,,,,,,,,,,,,,,,,0.268763501,0.29227169,0.264810237,0.337284357,0.285542784,0.279873968,0.265180259,0.264280047,0.287965784,0.301911232,0.315996685,0.277074646,0.275112317,0.268674382,0.303155114,0.268626041,0.246160469,0.251492807,0.244977878,0.240579157
"Bahamas, The",BHS,"Agriculture, forestry, and fishing, value added (% of GDP)",NV.AGR.TOTL.ZS,,,,,,,,,,,,,,,,,,,,,,,,,2.043016021,1.904597833,1.811931244,1.827560863,,2.012508165,2.208528111,2.833734041,2.663010614,2.461287193,2.675084382,2.834149898,2.646910502,1.561818974,1.378559449,1.26759042,1.344646857,1.198629931,1.513315828,1.347224211,1.16175186,1.064435453,1.170424648,1.093391246,1.043131294,0.909640992,1.097490432,1.092304713,1.072721167,0.927897053,0.838487849,0.815199027,0.877037935,0.770472969,0.677109336,0.534759358,0.77582214,0.454432167,0.41448391,0.454447231,0.514754181,
Bosnia and Herzegovina,BIH,"Agriculture, forestry, and fishing, value added (% of GDP)",NV.AGR.TOTL.ZS,,,,,,,,,,,,,,,,,,,,,,,,,,,,,,,,,,,35.85332285,20.69999851,20.70000031,17.51804573,15.96041002,13.26299203,9.001463763,9.120580702,8.873506362,8.105021141,8.583494076,8.297368254,8.054289273,7.70495341,7.207272012,7.076601635,6.796762159,6.757745396,6.137671554,6.841390871,5.951057525,6.037568176,6.165590621,5.431048796,5.718782507,5.450041561,5.91443909,5.019318418,4.826249271,4.653222306,4.495965904,4.355901022
Belarus,BLR,"Agriculture, forestry, and fishing, value added (% of GDP)",NV.AGR.TOTL.ZS,,,,,,,,,,,,,,,,,,,,,,,,,,,,,,,22.86374134,22.22222222,22.82608696,17.15736041,13.58961389,15.76649671,15.0985983,13.41793201,12.06176361,12.70055756,12.09682717,10.35042974,10.12843222,8.635627708,8.850251441,8.518590809,8.578727592,8.303169959,8.666253694,8.130898936,8.891930229,8.001887744,8.130942683,6.809092448,7.303056977,6.283207583,6.895280624,7.565802538,6.590107726,6.794668828,7.077239769,6.706618649,8.041818717,7.248599571,7.040923597,6.899279755
Belize,BLZ,"Agriculture, forestry, and fishing, value added (% of GDP)",NV.AGR.TOTL.ZS,,,,,,,,,,,,,,,,,,,28.98019076,28.06324111,18.02641803,17.04697987,14.24260712,13.78981499,13.34596177,13.03515489,13.2905297,14.6995419,14.03487958,13.3272246,13.39001737,12.23991804,11.84240001,11.1918609,11.40779542,11.9836023,11.81870268,11.32775597,10.64244866,11.06477004,10.64363806,9.509411817,9.178796041,10.46150471,10.34581439,9.740172003,9.519922216,8.692707781,8.334363943,8.545702632,8.746761842,8.864258865,10.37446726,10.07937607,10.17954842,9.613885198,7.703485831,8.561662901,7.164568517,6.556091322,8.357169785,7.895503851,7.748581217,8.137116342,7.947878093,
Bermuda,BMU,"Agriculture, forestry, and fishing, value added (% of GDP)",NV.AGR.TOTL.ZS,,,,,,,,,,,,,,,,,,,,,,,,,,,,,,,,,,,,,0.799999258,0.799999454,0.69999885,0.699999068,0.668952155,0.69232761,0.795458124,0.821851058,0.844158465,0.801641532,,,,,0.286094289,0.312941026,0.281396535,0.328283344,0.211116703,0.227889497,0.307018453,0.274700811,0.234985525,0.220961505,0.255496878,0.291068482,0.218128901,0.191993825,0.178160876,
Bolivia,BOL,"Agriculture, forestry, and fishing, value added (% of GDP)",NV.AGR.TOTL.ZS,,,,,,,,,,,19.50835954,19.84480639,19.25239234,20.12108262,21.24637129,20.84459038,20.6138987,20.17776126,18.49551874,18.05010531,16.94874123,17.27928452,16.0862105,19.45814259,21.54583213,19.01562798,16.93318079,16.29614564,15.73538112,15.26314014,15.35359927,15.54209575,14.40420431,14.64796229,15.24428673,14.85929911,14.18467938,14.91825923,12.62543138,13.25799158,12.96581188,13.25565367,12.95511863,13.42723696,13.32238364,11.79272153,10.93754805,10.01115567,10.44240412,11.15240745,10.3899057,9.769585882,9.812161915,9.966979477,9.740217538,10.23949411,11.17187542,7.677137225,7.450354,7.632882645,9.124055868,8.810019123,8.660284813,9.310980098,8.826258843,
Brazil,BRA,"Agriculture, forestry, and fishing, value added (% of GDP)",NV.AGR.TOTL.ZS,0,0,0,0,0,0,0,0,0,0,0,0,0,0,0,0,0,0,0,0,0,11.45080061,5.649053903,10.05610079,11.85733206,11.14536401,10.36363867,9.361520211,9.797236604,8.441587377,6.963436719,6.841389377,6.806084884,6.778109239,8.721989375,5.011666465,4.768411211,4.685047029,4.750044784,4.64598154,4.750459976,4.801043016,5.475274893,6.167184386,5.665311576,4.651168823,4.370043779,4.416915436,4.56785118,4.476773992,4.115756488,4.342034128,4.168328224,4.506886183,4.325610539,4.31914943,4.891353588,4.600591696,4.420399304,4.205014095,5.711485115,6.558762612,5.767474908,6.023060235,5.752276409,6.086216956
Barbados,BRB,"Agriculture, forestry, and fishing, value added (% of GDP)",NV.AGR.TOTL.ZS,,,,,,,,,,,,,,,,11.50668172,8.792197637,9.229922239,8.246291642,8.143588222,7.475442043,5.751004016,5.211448099,5.454545455,5.138427464,4.867724868,4.702858978,5.005834306,4.742183214,3.722428748,3.44452681,3.457185039,3.436382218,3.219277108,2.440489947,3.202511774,3.334034497,2.672636816,1.994352277,2.33451238,1.995424089,2.118186283,1.889586351,1.978501324,1.643199303,1.586595104,1.450162679,1.347022578,1.295864964,1.437558476,1.677480446,1.589936608,1.731714961,1.820456063,1.732939589,1.630030842,1.695896294,1.753160765,2.168493549,2.25994788,3.093760133,1.98021547,1.448181973,1.652415195,1.554758001,
Brunei Darussalam,BRN,"Agriculture, forestry, and fishing, value added (% of GDP)",NV.AGR.TOTL.ZS,,,,,,,,,,,,,,,0.175712068,0.200844809,0.155831059,0.136117368,0.137555642,0.097424207,0.051571191,0.069544684,0.111028528,0.135781364,0.138438734,0.166982527,0.342778524,0.390456867,0.524939407,0.578052221,0.574692028,0.59098444,0.645461651,0.744869395,0.856251609,0.725955289,0.892474457,0.943620597,1.150348437,1.080557227,1.068790585,1.188192671,1.154490011,1.237258337,1.170494809,0.974611268,0.754742504,0.726342513,0.692166127,0.979917546,0.733349877,0.572775314,0.655156684,0.68493744,0.862827317,1.103212501,1.203654626,1.086450903,1.017641959,0.98605513,1.217502836,1.256290223,1.096160289,1.173122222,1.174476666,1.181365709
Bhutan,BTN,"Agriculture, forestry, and fishing, value added (% of GDP)",NV.AGR.TOTL.ZS,,,,,,,,,,,,,,,,,,,,,39.82935289,37.6180728,38.33846722,38.10902581,38.46886328,39.4862012,38.28657562,33.01187337,34.84718631,32.41395808,31.6107341,30.16669159,30.49299525,28.59046256,30.39006234,27.84782989,27.17742711,27.29147898,25.83867751,24.13997485,21.62060287,20.88358856,20.81998145,19.78684239,19.37851496,18.03393468,17.34129923,14.90624102,14.48769288,14.005455,12.41285896,11.79963406,11.57298955,11.85263024,12.06378224,11.99507054,12.00237175,12.92979241,13.55092004,12.93395278,15.70307556,15.794784,14.67101196,14.99310869,14.1490576,13.68067602
Botswana,BWA,"Agriculture, forestry, and fishing, value added (% of GDP)",NV.AGR.TOTL.ZS,43.2229603,41.92589506,40.67604614,39.7267916,38.57224696,33.84146341,39.29539295,41.2608949,43.68421053,38.70387039,32.99492386,32.9845815,33.00550747,33.07760401,31.78648714,27.5461641,24.66769706,22.6035503,18.43746804,14.47171506,12.7038991,12.3706177,10.27223578,7.971380799,6.89302008,5.921874632,5.286789713,6.244885589,5.631953348,4.696992862,4.526150858,4.376895524,4.632785011,4.521192563,3.756143634,4.637720944,3.690994049,3.542705617,3.166864256,2.990765494,2.794699789,2.59029062,2.425615993,2.722386955,2.25958535,1.828380524,1.738935094,1.926684358,2.140070276,2.375984196,2.091040919,2.118923007,2.314811083,1.993543223,1.819598353,1.947764868,1.975887574,1.841993949,2.117310832,2.083429494,2.208069058,1.788592929,1.579789822,1.676518166,1.762100109,1.781162538
Central African Republic,CAF,"Agriculture, forestry, and fishing, value added (% of GDP)",NV.AGR.TOTL.ZS,,,,,,,,,,,,,,,,,,,,,,,,,,,,,,,,,,,,,,,,,,,,,,,,,,38.33386816,37.3635796,37.56902278,36.81416647,32.25890625,33.98562172,31.52738103,31.91899149,32.79017123,31.24133151,28.34183246,29.49593723,35.75533,36.21711,28.61105552,27.89863679,27.60725155
Canada,CAN,"Agriculture, forestry, and fishing, value added (% of GDP)",NV.AGR.TOTL.ZS,,,,,,,,,,,,,,,,,,,,,,,,,,,,,,,,,,,,,,2.307431062,2.368006396,2.300678625,2.129806349,2.10312485,2.044502379,1.992119508,2.02399446,1.747134361,1.58933158,1.587224117,1.76826928,1.549890316,1.493230703,1.765655509,1.811352683,1.894245453,1.586546487,1.869834067,1.862224054,1.889990218,1.699890056,1.697075686,1.839786826,1.597988495,1.932752894,,,
Central Europe and the Baltics,CEB,"Agriculture, forestry, and fishing, value added (% of GDP)",NV.AGR.TOTL.ZS,,,,,,,,,,,,,,,,,,,,,,,,,,,,,,,,,,,,6.81718309,6.414820038,6.199276819,5.517955726,4.752786785,4.43595855,4.647414697,4.127141606,3.974391582,4.405581945,3.731667818,3.520254772,3.340069315,3.294293647,3.051270331,2.960575089,3.398864734,3.154731669,3.40490472,3.279210564,2.93241545,2.939562273,3.076495971,2.80864406,2.715925592,2.806042872,2.795504426,2.931301518,2.675507041,2.435115802,2.436172157
Switzerland,CHE,"Agriculture, forestry, and fishing, value added (% of GDP)",NV.AGR.TOTL.ZS,,,,,,,,,,,,,,,,,,,,,,,,,,,,,,,2.078538707,1.951005378,1.784095492,1.632423695,1.498026656,1.381617439,1.209641559,1.243547017,1.169355965,1.08863977,1.055322307,0.918818366,0.929053938,0.832692201,0.932719534,0.8146681,0.749026027,0.770668451,0.78188616,0.721425305,0.660915423,0.676018757,0.633709414,0.660494449,0.704200948,0.616778703,0.654422805,0.635414917,0.631437161,0.642940292,0.69655462,0.613989168,0.597977913,0.609392603,0.609491824,0.644624329
Channel Islands,CHI,"Agriculture, forestry, and fishing, value added (% of GDP)",NV.AGR.TOTL.ZS,,,,,,,,,,,,,,,,,,,,,,,,,,,,,,,,,,,,,,,,,,,,,,,,,,,,,,,,,0.775090603,0.807953279,0.767487166,0.747910703,0.650715184,0.726325617,0.650383058,0.598873412,,
Chile,CHL,"Agriculture, forestry, and fishing, value added (% of GDP)",NV.AGR.TOTL.ZS,10.25192263,9.85867421,8.986971794,7.782809439,8.417282546,8.739598621,9.145265406,8.501335437,7.576585739,6.781334471,6.695753458,8.011001729,8.149115989,6.505387043,5.560413095,6.422340305,8.290575512,9.619039659,7.42390436,7.12394292,7.090426241,6.341409088,6.2303022,5.811173545,7.03812744,7.378831642,8.435382385,8.655612132,8.438888483,8.259438296,8.164882547,9.162728308,9.089227023,7.929479703,7.44478423,6.967403126,5.01955589,5.006553395,5.394230748,5.294041809,5.082962168,4.062421048,4.065032309,4.094776874,3.758267487,3.922210901,3.712045303,3.550570642,3.424432278,3.697125335,3.478284163,3.626182567,3.274933329,3.473374892,3.946620539,3.709403809,4.199089921,4.28097139,3.927435905,3.987477256,4.044447003,3.503841903,3.236047048,3.390831523,3.825284942,3.452907544
China,CHN,"Agriculture, forestry, and fishing, value added (% of GDP)",NV.AGR.TOTL.ZS,23.12495758,35.71949146,38.90272173,39.77136462,37.95749304,37.47985264,37.1141649,39.73517303,41.56461028,37.45230707,34.74205133,33.57851105,32.36456092,32.87328842,33.37334934,31.90224354,32.30558525,28.94267986,27.63960494,30.65284667,29.58158602,31.25942404,32.72328223,32.50562668,31.47958791,27.88241065,26.58969086,26.27448812,25.19451253,24.56828044,26.53266912,23.96299005,21.24988568,19.22851861,19.38470759,19.49813597,19.21924566,17.78152423,17.02546318,15.92159174,14.52725195,13.82210696,13.12949383,12.17576009,12.72884294,11.48281235,10.47586237,10.09341946,10.00997707,9.472995817,9.166499061,9.033845859,8.965056735,8.784421316,8.482429409,8.224013595,7.900650175,7.328392393,6.917142892,7.006215758,7.540181985,7.089352516,7.147886928,6.889519411,6.797574184,6.658690706
Cote d'Ivoire,CIV,"Agriculture, forestry, and fishing, value added (% of GDP)",NV.AGR.TOTL.ZS,47.90792295,46.40683488,45.90405268,44.16710415,39.80135978,39.6184607,37.44038089,34.75976223,35.56115871,33.56880415,31.86676514,30.88032896,29.80047164,31.04990114,25.46684645,28.24445816,24.4793521,24.2658516,25.88063721,26.40238586,25.88027326,26.53399835,24.12531339,21.88195713,24.13447098,26.53757892,28.4615445,29.18235257,32.03932189,32.71644011,32.49842767,33.29394293,34.00968692,28.21520627,25.26363051,24.7276058,16.52672526,15.1463001,15.54161877,15.2177671,16.19515451,17.27709755,18.73731416,20.77602022,16.64001898,16.06518536,15.94479491,15.57874633,16.18548418,15.24958164,17.48891707,18.48667149,16.37514988,15.34290194,15.24175553,18.36204169,17.43496841,16.94098715,17.8526014,15.68804808,16.93341548,16.18055296,16.58433321,15.94425784,15.85943438,16.76368255
Cameroon,CMR,"Agriculture, forestry, and fishing, value added (% of GDP)",NV.AGR.TOTL.ZS,,,,,,32.73182909,31.85079416,31.13330046,31.5057857,30.72351081,31.36392018,31.00412862,31.96496947,30.7928263,29.53976576,29.11971329,27.61010709,33.64508248,31.35335451,30.82360287,28.67678483,27.1765767,27.0057545,23.19327904,21.97183072,20.59052903,21.62962795,23.98643534,23.9424312,25.50675999,23.99487034,24.25902647,26.57966518,18.23672719,19.6097542,19.14485372,18.32231925,18.96788778,19.0010005,18.97879034,18.11774246,18.62095827,18.2716804,17.47378423,17.56095272,16.73417685,15.62508179,15.85753191,16.00119189,16.38719035,17.26971088,16.69739074,16.65724017,16.72366119,16.82583818,17.2094159,17.19266239,16.69294182,16.4988007,16.80228356,17.49686505,16.95920354,16.54616441,17.09963728,18.46163844,16.84663074
"Congo, Dem. Rep.",COD,"Agriculture, forestry, and fishing, value added (% of GDP)",NV.AGR.TOTL.ZS,,,,,,,,,,,,,,,,,,,,,,,,,,,,,,,,,,,56.54402804,56.54398926,33.26198154,47.50000059,46.49996743,52.36616493,31.97235827,32.87090402,26.58377932,26.05383881,23.87935949,19.84465109,20.38590275,18.26525908,18.23296256,17.21505396,28.85585063,15.74154447,15.32325807,13.67387612,12.48868936,12.4560538,12.2895509,12.25910598,12.30219367,13.1512157,13.74610664,11.31570625,10.33700747,10.37739516,10.08301752,8.92986514
"Congo, Rep.",COG,"Agriculture, forestry, and fishing, value added (% of GDP)",NV.AGR.TOTL.ZS,23.60046332,20.49180087,19.80472225,20.95408198,21.10970788,19.13580059,19.18819188,19.8630171,19.61414791,17.70683176,17.89473684,17.13640909,16.42512077,15.72847682,15.11710433,14.47688564,13.47753744,15.42553191,16.03630862,14.31372549,11.68146781,7.882591841,7.85915493,7.582582583,6.91704747,7.447436135,12.08970312,11.93728588,13.8670698,12.9345403,12.86089239,11.31780929,11.52756311,11.24851993,10.31393786,10.4525658,8.986689236,9.139190086,10.95556908,8.355757952,5.304252999,5.799931651,6.261580123,6.275223939,5.509406303,6.104237867,4.813146418,4.919811081,4.248150972,5.279933275,4.038534521,3.983936192,3.798774923,4.260082188,4.557654743,5.810588931,6.763650352,7.30993972,6.788392554,7.346991708,10.69042431,9.096748689,8.041910694,8.952115876,9.44033974,10.1087565
Colombia,COL,"Agriculture, forestry, and fishing, value added (% of GDP)",NV.AGR.TOTL.ZS,,,,,,27.28640391,26.60844648,26.89221812,26.85938498,25.86728483,25.08737045,23.51911012,24.13060217,24.12896858,24.38210333,23.88646978,23.62860954,25.04703022,23.04046127,21.46587742,19.3599007,19.24774041,18.76512134,18.71389528,17.40892977,16.9906943,17.47692531,18.06373867,16.74929428,16.05719099,17.066781,17.45479816,16.79394339,14.96782924,14.83153787,14.01806597,12.76881903,12.60647115,13.23578965,13.00077152,8.305719533,8.320972677,8.510005177,8.328774165,7.910983162,7.527266702,7.186769531,6.934558676,6.68738485,6.689740696,6.324853876,6.091696108,5.582687054,5.392714954,5.446957215,5.980424808,6.606412266,6.389663553,6.22570969,6.410720822,7.508480467,7.771873014,8.831544737,8.795866935,9.495679723,9.945764303
Comoros,COM,"Agriculture, forestry, and fishing, value added (% of GDP)",NV.AGR.TOTL.ZS,,,,,,,,,,,,,,,,,,,,,29.37529273,29.375492,29.37683988,29.37551356,29.37648692,29.3762234,29.37623465,29.376565,29.3759771,29.37585488,29.37590835,29.37656196,29.37653841,29.37584807,29.37626963,29.37647064,29.37611056,29.37599898,29.3758435,29.37635894,29.37631993,29.37628658,29.37601244,29.37612726,29.37601993,29.3762739,29.37634062,28.95664626,29.13891501,30.0330064,30.41597819,30.56427311,30.17308993,30.78986207,30.01145309,30.59862821,31.36847203,31.89888687,33.72015306,35.62009799,35.79740358,35.2409488,35.16432412,34.15511381,36.06742632,36.57762198
Cabo Verde,CPV,"Agriculture, forestry, and fishing, value added (% of GDP)",NV.AGR.TOTL.ZS,,,,,,,,,,,,,,,,,,,,,18.5600465,15.77264812,12.58012028,12.05682004,11.85648906,12.98960838,13.63127287,17.64634416,17.69673267,16.21087187,14.39070453,13.39300681,11.79420025,10.13642607,12.85895303,13.68056848,12.44848107,11.68065177,10.94724964,13.64336994,12.8717827,11.41576602,10.35147125,10.14369825,9.863467719,9.001187323,8.318712135,6.094687071,5.315782419,6.026322466,5.82909277,5.39925327,5.790887585,5.823591256,5.735069239,6.408286376,6.313522774,5.375335026,4.522768674,4.437360867,6.191327455,5.971474059,4.954048689,4.854838333,4.946625828,5.037151039
Costa Rica,CRI,"Agriculture, forestry, and fishing, value added (% of GDP)",NV.AGR.TOTL.ZS,26.35203451,25.86624173,25.8268969,24.46389466,24.56903447,23.52042645,23.1811409,23.20075912,23.27813259,23.14996511,22.519734,20.42454899,20.09420872,20.22750511,19.41932716,20.33847887,20.37619223,21.8854801,20.41372629,18.50140494,17.80463914,23.01905144,24.49471891,21.99746354,21.20790696,18.86663184,20.89773959,18.07063775,17.94864683,17.22039385,15.78742116,11.94455281,11.90014497,11.82823204,12.31996582,12.75812939,12.1024942,12.50309246,12.61896945,11.10969341,9.248822765,8.379535959,8.427750582,8.840078367,8.852408606,8.622236461,8.429827991,7.91531077,6.976960733,7.049629455,6.485189438,5.599872002,5.130841754,4.783351026,4.887883959,4.749110273,4.91435593,4.699776283,4.473250831,4.18025789,4.315798691,4.345587112,4.029521412,3.733264423,3.425033737,3.365806651
Caribbean small states,CSS,"Agriculture, forestry, and fishing, value added (% of GDP)",NV.AGR.TOTL.ZS,,,,,,,10.14369744,9.765340298,9.225422647,8.88878796,8.588414542,8.75517545,8.946484955,7.666750727,9.576051749,10.12396206,8.425337246,7.355142965,6.947517823,6.331438414,5.514032584,5.041292468,4.490804588,4.260087224,3.654388795,4.35128468,5.071853888,5.164891373,5.210867422,4.779465875,4.754067504,4.787341827,4.975107171,5.155190744,5.127508798,5.494390413,5.399235351,4.453358978,3.866991849,3.667041664,3.299317148,3.080901842,3.169751635,2.933777329,2.628369932,2.254964809,3.792745928,3.454946045,3.328901367,4.072010419,3.923900334,3.573289097,3.731385153,3.794510895,3.687365523,4.061446415,3.703012172,3.966357115,3.594944546,3.316031028,3.865740252,3.551752844,3.325090147,3.518943992,3.407154385,
Cuba,CUB,"Agriculture, forestry, and fishing, value added (% of GDP)",NV.AGR.TOTL.ZS,,,,,,,,,,,12.12135728,12.1190412,12.11891375,12.12324247,12.13259545,12.11299192,12.10746511,12.11827635,12.14488293,12.17936285,12.01497227,12.07983093,12.17233028,12.27791869,12.35176141,11.19302154,12.40412282,12.63482772,12.80586019,12.72097417,13.04054905,12.7759468,12.42661938,9.571153019,7.899807702,6.883297723,7.133444054,7.186811498,6.117422051,6.124179679,6.601255014,6.379567205,5.945728703,5.745211859,5.47443918,4.363652218,3.405014523,3.908101679,3.817038695,3.930412371,3.614289268,3.604870271,3.850097756,3.924923524,3.93770589,3.835754159,3.938338881,3.800181012,3.782372948,3.567326323,2.761942023,0.882032508,0.800672255,1.405787401,1.239746372,
Curacao,CUW,"Agriculture, forestry, and fishing, value added (% of GDP)",NV.AGR.TOTL.ZS,,,,,,,,,,,,,,,,,,,,,,,,,,,,,,,,,,,,,,,,,0.547435712,0.854068446,0.617357971,0.588146487,0.559760349,0.588865493,0.557540406,0.63715195,0.643381307,0.458352592,0.441001801,0.309495091,0.188964281,0.227823204,0.207328309,0.205942605,0.169567208,0.166280974,0.214779296,0.231767605,0.268419351,0.259156338,0.266175017,0.268253249,0.278843437,
Cayman Islands,CYM,"Agriculture, forestry, and fishing, value added (% of GDP)",NV.AGR.TOTL.ZS,,,,,,,,,,,,,,,,,,,,,,,,,,,,,,,,,,,,,,,,,,,,,,,0.233902026,0.249991704,0.26235547,0.31423332,0.312850352,0.329023759,0.330634393,0.340974026,0.357974783,0.378694096,0.399458774,0.418315712,0.408587365,0.414317853,0.435397889,0.454181073,0.469402852,0.407922278,0.452648656,
Cyprus,CYP,"Agriculture, forestry, and fishing, value added (% of GDP)",NV.AGR.TOTL.ZS,,,,,,,,,,,,,,,,15.7198437,15.90295915,13.21200322,10.91807019,10.241347,9.588316752,9.25799218,9.269194977,7.900060927,8.942722755,7.488869054,7.327126823,7.431750415,7.174707202,6.929860066,6.859176782,6.191348558,5.723677562,5.612727121,5.067521817,4.776126012,4.57820895,3.920338547,4.334531781,3.898943232,3.647263649,3.860796453,3.788267748,3.352901592,3.083331427,2.738527815,2.275975996,2.023532809,2.093312095,1.98881944,2.057660895,2.14531861,2.001280099,2.036335667,1.844876212,1.867984518,2.143762199,1.852632982,1.718138099,1.748205354,1.825335692,1.502502717,1.186076126,1.154959184,1.155128121,1.115412533
Czechia,CZE,"Agriculture, forestry, and fishing, value added (% of GDP)",NV.AGR.TOTL.ZS,,,,,,,,,,,,,,,,,,,,,,,,,,,,,,,,,,4.223501469,4.240741631,4.005247603,3.869048266,3.466666801,3.485479168,3.196612674,3.230237113,3.187715265,2.646252532,2.431034623,2.408043068,2.281257707,2.162933411,2.0887153,1.920365844,1.7588623,1.52258197,1.963932309,2.231626662,2.347583156,2.392695645,2.258925713,2.148097369,2.105459688,1.968562247,1.891517709,1.943991388,1.758866665,2.076349755,2.141219154,1.898883095,1.949826867
Germany,DEU,"Agriculture, forestry, and fishing, value added (% of GDP)",NV.AGR.TOTL.ZS,,,,,,,,,,,,,,,,,,,,,,,,,,,,,,,,1.069985738,0.988835539,0.97784151,0.993351541,1.032248557,1.067169287,1.036102441,0.977446583,0.960890412,0.996168402,1.083337508,0.901338515,0.829342961,0.948871367,0.726057849,0.716599758,0.822076768,0.837028054,0.670417046,0.775984032,0.924638958,0.911412935,0.927130139,0.915606456,0.708512713,0.730531014,0.860007621,0.742451289,0.833126018,0.728659526,0.753895621,0.994638278,0.929156663,0.914397651,0.871426941
Djibouti,DJI,"Agriculture, forestry, and fishing, value added (% of GDP)",NV.AGR.TOTL.ZS,,,,,,,,,,,,,,,,,,,,,,,,,,,,,,,,,,,,,,,,,,,,,,,,,,,,,,1.193923047,1.224110233,1.059007526,0.99558772,1.294240952,1.41671102,1.519352298,1.997444736,3.007162262,2.631017922,2.502022353,2.511947686,2.271995451
Dominica,DMA,"Agriculture, forestry, and fishing, value added (% of GDP)",NV.AGR.TOTL.ZS,,,,,,,,,,,,,,,,,,24.6805674,25.83520148,22.56619309,21.46028985,20.87536478,19.62077962,18.76183419,18.27027164,18.37940779,20.11747454,19.75718352,18.87135356,15.49083939,16.34244107,15.68187947,14.82214064,14.16007965,14.40579426,12.16659246,12.97185651,12.54415881,12.06534101,12.1373151,11.90399502,11.21620959,10.62840559,11.25143855,11.53932333,11.91469634,10.95002756,10.99321201,12.35792934,13.29219851,12.16711076,13.13986997,12.52847056,14.07109578,13.58108589,13.54138881,13.50041105,11.74378394,9.647695518,10.1167002,12.25291461,14.01510665,12.94381996,12.10972171,12.22432499,12.103335
Denmark,DNK,"Agriculture, forestry, and fishing, value added (% of GDP)",NV.AGR.TOTL.ZS,,,,,,,6.689240609,5.754938969,5.404248592,5.621527116,4.60433455,4.557773695,4.786184604,5.278381912,5.161597777,4.420345369,4.304067216,4.670393412,4.71236807,3.971868554,4.09267655,4.35894876,4.677935801,4.052226461,4.672064709,4.233292941,3.891893369,3.458814823,3.162306799,3.504234982,3.280739984,3.016597074,2.770482903,2.666686792,2.581250294,2.830848384,2.76583528,2.613583999,2.123145588,1.920438519,2.149530126,2.309814109,1.754845458,1.587003572,1.596823347,1.130563888,1.146808717,1.17038367,0.84168285,0.806945931,1.188439349,1.268328074,1.617582199,1.256640415,1.353427202,0.908318061,0.928797805,1.259858067,0.997044887,1.241227412,1.337520087,1.081031209,1.002285337,1.03787057,0.927722262,1.169380054
Dominican Republic,DOM,"Agriculture, forestry, and fishing, value added (% of GDP)",NV.AGR.TOTL.ZS,,,,,,23.24062606,21.91279602,20.33243139,20.32249096,21.30028444,23.23796701,22.23822382,20.57965181,22.22790856,22.15196363,21.4714381,19.04846261,20.06714482,18.7204292,18.67316505,19.7595137,17.85407271,17.06703559,16.10524152,16.51716491,13.10040823,17.36714528,11.8686287,15.7470973,13.82777652,13.42282387,12.50573116,12.01283711,10.78149619,9.994485201,9.81477761,9.193402464,9.144299035,8.991809962,7.821030714,6.718342047,6.997518613,6.805119218,6.693849844,7.020472993,7.211935284,6.85871932,6.511573911,6.270991801,6.01021374,5.874931785,5.4136207,5.138927058,4.994105884,4.837803033,5.058832344,5.027045106,4.837609341,4.571473239,4.32511957,4.522528402,4.215675903,4.153719842,4.29425304,4.453984482,4.602719176
Algeria,DZA,"Agriculture, forestry, and fishing, value added (% of GDP)",NV.AGR.TOTL.ZS,,,,,,,,,,,,,,,,,,,,,,,,,,,,,,,,,,,,,,,,11.10697987,8.395048495,8.886179657,8.413026448,8.456719507,7.722174034,6.55927137,6.366002714,6.326018784,5.54975092,8.011217415,7.531715615,7.083525122,8.026971674,9.120074642,9.407074409,10.5327897,11.06831305,11.03188093,11.24383014,11.47917989,12.83416939,11.23543456,10.64706386,13.36924504,13.95970615,14.5120041
East Asia & Pacific (excluding high income),EAP,"Agriculture, forestry, and fishing, value added (% of GDP)",NV.AGR.TOTL.ZS,29.40718421,41.67237244,45.21250856,45.72047543,43.91962825,43.63201838,43.40092566,45.44864756,46.30430537,42.45992114,39.96882811,38.69804229,37.44003965,37.59014276,36.48607691,34.87482511,33.80595751,30.44964828,28.13408677,30.99114766,28.25345982,28.17411579,28.52101941,29.76489506,29.25337858,27.29923052,25.77607475,25.63966535,24.9013245,23.23911484,23.26755193,21.39055577,19.78022736,17.59248729,17.78601878,17.94547944,17.64346574,16.83819181,16.85754548,15.96824416,14.39697417,13.80581646,13.38297721,12.67979416,12.95369839,11.81220581,11.05122463,10.86948551,10.95615279,10.50940602,10.19752391,10.09294217,9.885878189,9.614997469,9.250815225,8.906227735,8.622294631,8.086377271,7.614149843,7.66632809,8.239128694,7.780889491,7.780859115,7.565896213,7.521369308,7.424643064
Early-demographic dividend,EAR,"Agriculture, forestry, and fishing, value added (% of GDP)",NV.AGR.TOTL.ZS,,,,,,30.80543173,28.93755933,29.97202494,28.64751243,28.01581852,27.10512606,25.9424495,24.83595295,24.35516905,21.27811946,21.00089902,18.60827695,18.99278492,18.68422025,17.57690665,15.48151092,15.09000304,15.4850452,15.82726654,15.77983764,16.23893433,16.98325237,16.6757725,17.02687805,16.85539358,15.80018619,14.49482342,13.71937255,12.73308349,12.78087783,12.77588568,12.85033452,12.07003913,12.01311425,11.41639759,10.53289838,10.26693043,10.63772119,10.77925958,10.07852408,9.642881032,9.310685175,9.567962279,9.392511959,10.21165712,10.29228696,10.12149593,9.882818607,10.07789642,10.29262466,10.58062555,10.83295079,10.71473355,10.40144683,10.80680331,12.01921452,11.38611241,11.18990012,11.01673041,11.11773719,10.73264279
East Asia & Pacific,EAS,"Agriculture, forestry, and fishing, value added (% of GDP)",NV.AGR.TOTL.ZS,24.26906061,28.83988256,28.00702689,28.05518018,26.8869448,27.32438056,26.61290258,24.96861576,23.42524557,21.08634427,19.30372184,18.13015761,16.11794548,15.39090965,14.85518403,14.6281427,13.47452801,11.9255585,8.89496354,10.34707097,9.685779416,9.430758586,10.13151807,10.28271266,10.18568865,9.849271583,7.181691353,6.164017981,5.669741468,5.612070936,5.683853829,4.987587565,4.724155124,4.168931449,4.432318462,4.490231439,4.938529722,4.875678564,4.912535316,4.68451598,4.34128783,4.52456218,4.691679579,4.510096824,4.690071983,4.548107373,4.705015878,5.030777688,5.407527414,5.441646238,5.487479136,5.671718682,5.746449316,6.000798454,5.949631466,5.952978921,5.727054985,5.523385366,5.292304053,5.345443478,5.763858302,5.637487259,5.754695975,5.594680781,5.589459789,5.528580847
Europe & Central Asia (excluding high income),ECA,"Agriculture, forestry, and fishing, value added (% of GDP)",NV.AGR.TOTL.ZS,,,,,,,,,,,,,,,,,,,,,,,,,,,,20.20036773,19.92031951,20.55713498,21.76036764,20.97828154,19.475473,18.47785002,17.29364373,13.69190187,13.76960585,12.70697146,13.502186,12.48774447,11.78322885,11.21014134,11.38260674,10.5589675,10.04687612,9.518843119,8.399469241,7.753120019,7.601233504,8.139147576,8.902943147,8.605493144,8.216285397,7.717543645,7.920022003,8.439137826,8.199887939,7.637661815,7.306739343,7.583675457,8.030494892,7.490175843,7.64912257,7.054658468,6.582748944,6.220227086
Europe & Central Asia,ECS,"Agriculture, forestry, and fishing, value added (% of GDP)",NV.AGR.TOTL.ZS,,,,,,,,,,,,,,,,,,,,,,,,,,,,,,,4.678532544,4.154278308,3.324691182,3.255681022,2.939364823,2.871299282,2.850820943,2.768537612,2.631212636,2.431934773,2.384325585,2.339085452,2.267214183,2.195906892,2.201433852,2.022140042,1.927614381,1.961438657,1.991032658,1.901359525,2.06229889,2.131269085,2.107395309,2.120855621,2.116678935,2.08663206,2.029676454,2.05315185,1.92086256,1.956597249,2.032350026,1.971416934,2.099085488,2.003477727,1.976924388,1.995168719
Ecuador,ECU,"Agriculture, forestry, and fishing, value added (% of GDP)",NV.AGR.TOTL.ZS,33.65485954,34.0353983,35.25290298,34.19574995,31.83585665,31.31307882,28.03374593,28.40553806,29.28189425,26.25217999,26.02927792,25.25878165,25.83565188,25.37549905,24.09384278,22.35518223,20.11773009,18.70307224,18.20012391,16.02256886,16.11089455,15.76643949,15.92606537,16.90084513,18.61334038,18.87894981,20.81149147,21.34757163,22.01080362,22.40069086,20.52100539,20.86307683,18.922117,23.40315896,22.14594596,21.91216882,20.7500581,20.10877373,17.47594546,17.57135182,12.40117542,10.47014849,9.4340039,9.050128131,7.968919516,7.726325546,7.719678652,7.648394217,7.349375701,8.61225542,8.330210259,7.908539175,6.99944109,6.963208805,7.40439967,8.020496297,8.072125859,7.90222041,7.645059948,7.786764599,8.385749059,8.079999833,7.393039924,8.051374684,9.235704155,9.702954822
"Egypt, Arab Rep.",EGY,"Agriculture, forestry, and fishing, value added (% of GDP)",NV.AGR.TOTL.ZS,27.64882578,27.15307948,24.62782577,24.42186213,23.1990232,25.69410726,24.88447225,24.15575193,25.38007089,25.54367995,24.10982009,22.93154013,23.74968725,26.5749312,28.80749229,27.66554856,26.01497479,24.81881631,23.39454237,20.05644264,16.58186085,21.62056567,18.04862843,19.04511278,18.10759494,17.10455764,17.39002268,19.63300893,18.04545503,18.69480494,18.5125262,16.9866672,15.58590942,15.73904639,15.71428571,15.71078431,16.11508282,15.75103422,15.88448156,15.90864759,15.53807704,15.35126847,15.40485616,15.28670659,14.26993612,13.98168988,13.23720253,13.42012621,12.63024009,12.99794665,13.34075916,13.8691051,11.27276527,11.2743496,11.33770892,11.39406277,11.76931608,10.98638064,10.83024902,10.69713545,11.16682394,11.43693266,10.94575352,10.60031116,13.71211288,16.55192251
Euro area,EMU,"Agriculture, forestry, and fishing, value added (% of GDP)",NV.AGR.TOTL.ZS,,,,,,,,,,,,,,,,,,,,,,,,,,,,,,,,2.678772026,2.510515435,2.307232493,2.347028407,2.329193093,2.360655468,2.339382633,2.247595225,2.13317551,2.085080705,2.085636693,1.958427721,1.893602007,1.869983394,1.65875252,1.545826207,1.595139231,1.53423665,1.398609193,1.516710984,1.562913775,1.567458495,1.580657258,1.561562588,1.524097677,1.47617068,1.557342218,1.495204398,1.474555811,1.495326349,1.489067023,1.596341926,1.536556762,1.54037234,1.546426634
Eritrea,ERI,"Agriculture, forestry, and fishing, value added (% of GDP)",NV.AGR.TOTL.ZS,,,,,,,,,,,,,,,,,,,,,,,,,,,,,,,,,27.3517172,19.43513447,21.91316561,18.81166707,16.22737377,15.11534275,23.36708701,22.72233597,12.59042177,15.1638444,13.60181006,11.82992122,10.6422743,22.60000021,24.5999999,24.26598059,16.77630738,14.12422744,,,,,,,,,,,,,,,,
Spain,ESP,"Agriculture, forestry, and fishing, value added (% of GDP)",NV.AGR.TOTL.ZS,,,,,,,,,,,,,,,,,,,,,,,,,,,,,,,,,,,,3.874557586,4.379624744,4.294844991,4.144834302,3.813238985,3.744311417,3.674257231,3.482121898,3.420777567,3.11780936,2.758365818,2.400753849,2.494661456,2.353671955,2.249601581,2.417408984,2.362518598,2.397766718,2.609462079,2.526976781,2.723270463,2.81522075,2.803446767,2.701282546,2.51980123,2.784680317,2.768249271,2.36964,2.606223556,2.753005965,2.682330934
Estonia,EST,"Agriculture, forestry, and fishing, value added (% of GDP)",NV.AGR.TOTL.ZS,,,,,,,,,,,,,,,,,,,,,,,,,,,,,,,,,,,,4.130641262,4.128131479,4.088736458,5.051827973,3.628147187,3.885009588,3.496445707,3.5524871,3.459288078,3.618699256,3.286685525,3.143820467,3.925342042,3.401261526,2.471048733,3.170929453,3.665668629,3.284322905,3.047429737,3.114961617,2.806421529,2.071597861,2.338855966,2.0493847,2.265648963,1.931815274,1.943537713,2.4464086,1.715581259,1.76684783,1.646870168
Ethiopia,ETH,"Agriculture, forestry, and fishing, value added (% of GDP)",NV.AGR.TOTL.ZS,,,,,,,,,,,,,,,,,,,,,,53.4066119,51.96007707,53.05338064,46.73226262,51.29852166,49.74519624,47.9289168,47.41014458,47.21292569,48.28647385,57.23794394,62.27747888,58.48603924,51.41657915,50.66069174,49.91984083,52.71375206,47.86758522,44.37820248,44.66601795,42.34057112,38.69237169,37.28505541,38.67975495,41.17449856,42.52417012,42.26501219,45.18455837,45.88269426,41.44682007,41.24996386,44.33094275,41.23950553,38.52044969,36.05697539,34.69695645,33.77928134,31.21880665,33.63332469,35.55827004,37.57911376,37.64222684,35.78648079,34.7737782,32.8186147
European Union,EUU,"Agriculture, forestry, and fishing, value added (% of GDP)",NV.AGR.TOTL.ZS,,,,,,,,,,,,,,,,,,,,,,,,,,,,,,,,,,,,2.521115505,2.531649098,2.494671861,2.377603388,2.225419885,2.175960047,2.205100899,2.048730083,1.979217803,1.989715599,1.747346907,1.64504041,1.694769846,1.633709658,1.489053193,1.605969858,1.68519086,1.670649315,1.695181271,1.669394664,1.604597534,1.564503136,1.662948345,1.582299376,1.567262183,1.59114669,1.573557495,1.682874851,1.631734836,1.615559875,1.630714678
Finland,FIN,"Agriculture, forestry, and fishing, value added (% of GDP)",NV.AGR.TOTL.ZS,,,,,,,,,,,,,,,,9.79828845,9.30399746,8.660449754,8.252694614,8.130926409,8.579916815,7.664013032,7.772480838,7.568711245,7.245237828,6.880206097,6.559129491,5.282595208,5.196261195,5.221482137,5.396640429,4.824364594,4.277828887,4.377993225,4.191028837,3.800759746,3.452739343,3.424397819,2.900416006,2.886797806,2.954848738,2.764620055,2.673133926,2.536351293,2.379977448,2.278551735,2.001608229,2.380532345,2.205371346,2.253831128,2.366766411,2.258986618,2.188363992,2.211826219,2.217580336,2.060497069,2.089775029,2.068035566,2.114227809,2.189771841,2.24039393,2.159074464,2.241343679,2.331092837,2.466729229,2.610756674
Fiji,FJI,"Agriculture, forestry, and fishing, value added (% of GDP)",NV.AGR.TOTL.ZS,,,,37.84046693,33.00359712,30.30821918,29.0726817,26.52905199,26.40603567,24.35655995,25.13034411,21.56677678,22.04362801,22.37658221,23.33333333,23.47083509,23.57659515,21.40585733,20.09399032,19.71368223,20.28057128,17.96401515,18.57804922,16.62659634,13.90065083,16.38536919,18.95847301,20.89578215,17.63164525,19.64294163,17.95793434,18.25670421,17.57598559,17.01225768,17.91828963,17.1749612,17.30717729,14.81641039,14.37052824,16.40491859,14.98754304,13.01281233,13.31090991,12.51435385,12.34989666,12.07433135,12.37265712,11.88291024,10.69749506,10.0884444,9.381897376,9.217715572,9.675778707,10.11310699,8.098522702,7.871624085,10.66433364,10.53182736,10.90656398,12.40051615,15.69183453,17.25367241,14.19289488,12.82459102,13.1900277,14.04577354
France,FRA,"Agriculture, forestry, and fishing, value added (% of GDP)",NV.AGR.TOTL.ZS,10.1484984,8.718111046,9.424351114,8.461066443,7.651349556,7.455188828,7.256255948,7.229121709,6.999298057,6.367074152,6.323508897,5.792885423,6.468016697,6.456719392,5.130523038,4.554828286,4.305573836,4.080423234,3.949692108,3.915124974,3.415637851,3.339266778,3.840650716,3.395548637,3.165938506,3.152218039,3.058187801,2.922567926,2.693051756,2.959853208,2.977945445,2.471775426,2.459342886,2.171612774,2.270707519,2.313383134,2.275260497,2.215459592,2.235557197,2.116721667,1.984496551,2.002260157,1.903783897,1.745606643,1.720185575,1.582704032,1.427064094,1.516727358,1.420306747,1.232415775,1.500880403,1.551372762,1.525944689,1.361401379,1.461546001,1.50360116,1.337984726,1.434960065,1.531101705,1.408284855,1.460434266,1.463345415,1.72017137,1.484757963,1.299794558,1.40317576
Faroe Islands,FRO,"Agriculture, forestry, and fishing, value added (% of GDP)",NV.AGR.TOTL.ZS,,,,,,,,,,,,,,,,,,,,,,,,,,,,,,,,,,,,,,,17.94345306,16.11287657,17.98483584,17.98026241,15.44330204,12.00590239,11.87821778,11.54363688,13.7781593,12.38523824,9.517319615,10.0025185,14.81371338,14.42546422,12.2216295,14.80160175,14.99254042,15.66437605,19.41050364,17.97885857,16.32000318,17.05140622,13.71848239,14.21483695,18.73582988,17.75536496,16.06669315,
"Micronesia, Fed. Sts.",FSM,"Agriculture, forestry, and fishing, value added (% of GDP)",NV.AGR.TOTL.ZS,,,,,,,,,,,,,,,,,,,,,,,,53.38225129,,,,,,,,,,,,24.0858455,23.57282056,23.34992847,25.52731703,23.94059086,24.49672672,23.48726266,23.69079794,23.59249786,22.37969144,22.7097166,22.64428,25.34173913,26.40068966,25.30205776,25.20017123,26.80519481,28.57209877,26.84754777,25.22218354,26.52394231,27.00076453,27.47686981,22.39791878,23.19562025,22.04813749,22.18451953,23.26759272,23.3320526,22.3304809,24.1626903
Gabon,GAB,"Agriculture, forestry, and fishing, value added (% of GDP)",NV.AGR.TOTL.ZS,32.18653896,35.211844,35.88546586,44.08357341,30.18042888,26.30630631,25.16556708,24.10181138,18.38133926,18.6215506,18.54749306,13.7963844,13.0875576,11.60769708,8.205542104,6.401386246,5.006257822,5.462184874,6.509643917,7.446478436,6.757355674,6.117198666,6.1233081,6.500037143,6.104613803,6.751082972,9.244930856,10.9925986,10.07617545,8.685885436,7.324447735,7.623666432,8.25138827,8.48423088,9.086015128,8.031674208,7.09283164,7.217522756,7.020793951,7.293625914,6.213624522,6.143932582,5.743861639,6.004020935,5.467291043,4.984638611,4.911200315,4.957830803,4.229842032,5.044169793,3.914454417,3.43228978,3.353697777,3.329080651,3.62120477,4.311629044,4.97313691,5.265764844,5.435952803,5.55443087,6.616197613,6.76982281,6.506169416,6.669425635,6.55914438,6.752325356
United Kingdom,GBR,"Agriculture, forestry, and fishing, value added (% of GDP)",NV.AGR.TOTL.ZS,,,,,,,,,,,,,,,,,,,,,,,,,,,,,,,1.274406381,1.250163743,1.239873544,1.250892991,1.293137779,1.230055175,1.070698734,0.946023062,0.9348786,0.8567659,0.805152979,0.75842516,0.899764449,0.831206604,0.741442331,0.547158772,0.575070362,0.553318266,0.669821878,0.680900728,0.565712302,0.704214809,0.624786549,0.64089092,0.737947358,0.633552834,0.590496096,0.606135164,0.563097756,0.576929649,0.683760684,0.698210494,0.681106058,0.64818085,0.640268323,0.639963472
Georgia,GEO,"Agriculture, forestry, and fishing, value added (% of GDP)",NV.AGR.TOTL.ZS,,,,,,,,,,,,,,,,,,,,,23.06191236,23.58107009,21.56500308,22.03479979,24.19412225,24.14944243,24.78676095,22.50826475,22.49182116,21.59676745,30.06815448,26.70157068,52.3458445,,,,33.15238465,27.5066412,26.24400151,24.7217175,20.6020089,20.96194186,19.24087983,19.30150278,16.39506123,14.76994037,11.19877592,9.195706669,8.131628475,8.101301012,8.865986726,9.738871604,8.56565939,9.214786876,9.204236807,8.542060322,8.003273329,6.918609337,7.561590338,7.335486265,8.316548434,7.22731737,6.632355202,6.015795081,5.485442689,5.181709355
Ghana,GHA,"Agriculture, forestry, and fishing, value added (% of GDP)",NV.AGR.TOTL.ZS,40.85155351,35.37634409,37.89260385,35.90909091,35.35598706,43.51978172,43.28063241,40.22606383,41.76470588,45.92703648,46.52501107,44.16,46.64298401,48.986004,51.13733906,47.66231308,50.56696292,56.20352952,60.71190317,59.96740132,57.92028377,53.08429488,57.34115279,59.73059912,49.24286945,44.89255148,47.77538996,50.60053619,49.61301223,48.96748127,44.84761747,45.51047588,44.77905722,36.93086439,37.79058598,38.7785905,38.95508303,35.78159763,36.01410731,35.77634379,35.27152196,35.24180012,35.14837706,36.5454059,37.95242609,37.45301293,28.33309599,27.29411448,29.40809676,30.99338421,28.03873796,23.66370497,22.13115469,20.36984254,19.58377313,19.9826506,20.84429292,19.56170992,18.13655032,17.3232302,18.85378266,19.65747352,19.51363821,20.94306879,20.57520493,21.27586344
Gibraltar,GIB,"Agriculture, forestry, and fishing, value added (% of GDP)",NV.AGR.TOTL.ZS,,,,,,,,,,,,,,,,,,,,,,,,,,,,,,,,,,,,,,,,,,,,,,,,,,,,,,,,,,,,,,,,,,
Guinea,GIN,"Agriculture, forestry, and fishing, value added (% of GDP)",NV.AGR.TOTL.ZS,,,,,,,,,,,,,,,,,,,,,,,,,,,16.31402556,17.96901937,15.96129996,16.16520701,16.93257204,12.52399281,11.35465885,11.92980059,13.83224406,12.70082579,11.93314228,13.79721531,14.51510358,14.74236694,14.39009805,14.91054634,14.83574304,14.25165288,15.98971803,15.28115949,15.58456413,16.81970769,15.98000536,16.36061688,17.48495049,16.06974966,16.83167466,17.54527284,17.52381692,18.4782419,17.58994744,20.52847331,22.94000927,26.42727681,26.30327749,27.07153748,28.38197371,29.47143977,30.96057514,31.2924827
"Gambia, The",GMB,"Agriculture, forestry, and fishing, value added (% of GDP)",NV.AGR.TOTL.ZS,,,,,,,32.23559215,32.26371062,32.24489796,32.19978746,30.24323084,30.34934498,32.26351351,32.2265625,32.2147651,32.05282113,32.63915393,30.99635844,27.94363839,26.69293006,27.0185652,30.62806482,35.44931476,32.28870165,28.00503461,26.37806474,28.81144991,30.56124423,27.40434333,25.91604085,24.34255391,18.15887114,17.32568859,17.2064317,19.23072745,21.3587382,17.94588617,20.58034174,19.20353899,24.01224521,24.53228447,25.42563238,24.12493214,26.74829049,31.50261835,32.09063281,25.60022584,23.56619704,29.77571152,31.73422579,35.19324349,27.20242061,27.39357146,26.22212251,22.45883917,22.20888602,21.86137936,21.00189469,19.87159618,20.00404587,21.2440052,23.57926774,22.86043858,22.03758662,20.43356324,23.84732307
Guinea-Bissau,GNB,"Agriculture, forestry, and fishing, value added (% of GDP)",NV.AGR.TOTL.ZS,,,,,,,,,,,47.45551811,44.8506536,45.7812243,42.88252815,41.37979237,47.77200243,48.08970397,46.15440031,51.61292984,51.58866272,42.19533457,49.2708309,46.75967676,42.44116193,41.31734358,46.48738224,45.2492157,53.5091086,53.98621967,48.65899049,56.9360486,51.27630017,47.83461908,52.84461089,52.26019797,51.7975866,54.24518424,31.65398683,37.05602158,36.29767541,36.95741607,36.76638754,35.27595898,36.80986239,36.97049889,40.3978248,39.4804222,38.16931914,38.25952181,39.15437404,37.95308892,37.56338967,38.08528951,38.66158135,34.82580687,35.15777855,36.34876491,36.35849209,32.54757089,31.38573851,36.64074196,40.0523808,39.66772128,36.80485031,41.16433663,40.628601
Equatorial Guinea,GNQ,"Agriculture, forestry, and fishing, value added (% of GDP)",NV.AGR.TOTL.ZS,,,,,,,,,,,,,,,,,,,,,,,,,,,,,,,,,,,,,,,,,,,,,,,1.518255278,1.372884044,0.89269612,1.058199791,1.061371286,1.053502388,1.055657092,1.19199068,1.294248772,1.888390876,2.332239209,2.315463397,2.257979688,2.437878574,3.151573839,2.826369002,2.489783032,2.769062258,2.732427692,3.206786497
Greece,GRC,"Agriculture, forestry, and fishing, value added (% of GDP)",NV.AGR.TOTL.ZS,,,,,,,,,,,,,,,,,,,,,,,,,,,,,,,,,,,,6.869983886,6.164228863,6.092216029,6.101583408,5.772472101,5.502513635,5.362219494,5.221031535,5.324054269,4.549705355,4.477181099,3.285576744,3.154742982,2.895058677,2.925823956,2.914210208,3.061845601,3.419082078,3.351462239,3.533461054,3.821537988,3.458129415,3.752270209,3.525730903,3.661519339,3.923829481,3.531734881,3.784907319,3.742220179,3.765512541,3.570305217
Grenada,GRD,"Agriculture, forestry, and fishing, value added (% of GDP)",NV.AGR.TOTL.ZS,,,,,,,,,,,,,,,,,,17.71684654,16.04286616,17.33926302,16.47868171,17.13314833,14.27336916,13.43497624,12.99707562,11.0659741,11.08749004,12.29947805,11.68847685,10.26973636,8.884794805,8.918703281,7.784764206,7.432770798,7.116571518,7.176464374,6.000852562,5.586352289,5.225801591,5.372240727,5.164160494,5.365900766,6.290519557,5.869748871,5.014335256,2.964078807,3.890554944,3.557082328,3.767331964,4.626424528,4.513051582,4.447361787,4.832197363,4.835455612,6.101891883,7.428526851,6.206326336,5.371543258,5.205439438,4.679512027,4.903077868,5.340594059,4.120042847,3.107808876,2.693487336,2.539733521
Greenland,GRL,"Agriculture, forestry, and fishing, value added (% of GDP)",NV.AGR.TOTL.ZS,,,,,,,,,,,,,,,,,,,,,,,,,,,,,,,,,,,,,,,,,,,,17.87780223,16.4497605,16.94566893,16.24524913,14.33132201,14.72917501,11.58610316,13.39820997,14.58080363,16.1929018,15.02702344,17.33559025,17.03779039,18.41173856,19.05687534,18.4301491,18.47636866,15.73161561,15.23680284,16.02589391,16.55794999,,
Guatemala,GTM,"Agriculture, forestry, and fishing, value added (% of GDP)",NV.AGR.TOTL.ZS,,,,,,28.73376361,28.51248292,27.41318197,27.92737038,27.29523885,27.31633929,27.69970274,28.28805025,27.89250631,27.89790694,28.04862723,27.29467495,26.30516098,25.84356321,25.38150623,24.84471931,24.98561168,25.12429592,25.34190606,25.62627111,25.8514989,25.61050306,25.97876971,25.8486267,25.63480004,25.87915982,25.73998176,25.28504804,24.86610042,24.4872664,24.15072354,24.05609994,23.72674188,23.43989883,23.04635982,22.82114793,14.17214684,14.17028685,13.4691279,13.0735433,12.58996769,11.44906829,11.63760793,11.33366489,11.8486079,11.23415169,11.25874275,10.72274975,10.3562262,10.07448246,9.967002949,9.66139478,9.696283212,9.435508815,9.408723757,9.92631918,9.173489439,9.079425835,9.621908807,9.658061876,9.551782981
Guam,GUM,"Agriculture, forestry, and fishing, value added (% of GDP)",NV.AGR.TOTL.ZS,,,,,,,,,,,,,,,,,,,,,,,,,,,,,,,,,,,,,,,,,,,,,,,,,,,,,,,,,,,,,,,,,,
Guyana,GUY,"Agriculture, forestry, and fishing, value added (% of GDP)",NV.AGR.TOTL.ZS,23.57779301,23.85436284,23.45900658,24.46067043,21.95268044,21.57241379,19.08436214,18.8337644,17.36670294,17.93020457,16.82225541,18.02871831,17.38695144,16.48573201,27.66314025,28.74947368,20.77281929,18.74277585,20.24138203,19.87029636,20.68965517,18.78522347,20.19363762,19.82288828,20.86590374,22.51282051,22.5806462,25.87050285,22.61962355,35.06292653,38.12958971,40.5225068,43.79466769,36.67884446,37.64387631,40.85826436,37.76895871,36.35332438,33.90585331,35.01394943,29.9832313,29.73738379,30.88166411,32.11281097,31.49373198,28.88586973,34.00026711,30.38474275,31.72756477,29.42411913,28.5284323,25.6836014,25.4400079,25.64757337,24.5940865,25.44312148,20.38724091,22.75802704,19.53569331,17.59533673,16.85100332,13.45519329,10.02983592,9.743620709,7.622531784,7.734382522
High income,HIC,"Agriculture, forestry, and fishing, value added (% of GDP)",NV.AGR.TOTL.ZS,,,,,,,,,,,,,,,,,,,,,,,,,,,,,,,,,,,,2.166107936,2.113931508,1.93492932,1.815343336,1.722115981,1.658720702,1.636202596,1.550913782,1.573522461,1.627432695,1.467477103,1.384941248,1.422590908,1.423527959,1.342891495,1.390339737,1.495642506,1.45346654,1.532859976,1.460493742,1.382322228,1.345713558,1.392383887,1.314315986,1.26897827,1.339991496,1.326762856,1.32984636,1.27580039,1.252514601,
"Hong Kong SAR, China",HKG,"Agriculture, forestry, and fishing, value added (% of GDP)",NV.AGR.TOTL.ZS,,,,,,,,,,,,,,,,,,,,,,,,,,,,,,,,,,,,,,,,,0.087327038,0.089468051,0.088103282,0.075198799,0.073123561,0.067486943,0.062992608,0.061486979,0.05417318,0.065692529,0.053368402,0.048799905,0.054686683,0.057288366,0.066194544,0.067965375,0.076206598,0.065272703,0.062142272,0.072301726,0.098961317,0.075593459,0.052902857,0.037937616,0.037309674,
Honduras,HND,"Agriculture, forestry, and fishing, value added (% of GDP)",NV.AGR.TOTL.ZS,32.20855671,33.46910391,33.02657527,33.25203252,29.30976146,30.66584748,29.85624503,29.47599707,30.332945,27.82449076,26.84099956,26.89237832,27.20128075,26.77479394,25.28962188,22.98033908,23.81551627,24.80665018,23.81091638,22.53229695,20.8516518,19.69415729,19.10484874,18.62493653,18.99302712,18.74176929,19.40566499,18.45446585,18.66858481,18.78314592,19.91391043,19.74019371,17.71121013,17.95843633,21.33884063,19.1569325,19.75616968,20.75109204,16.82455312,13.98209584,14.37252354,13.16599066,12.18341274,11.61409852,12.17070415,12.47092476,11.85657915,11.91104744,12.15017021,10.82504149,11.59122044,14.2196558,13.56629403,12.19112794,12.53835013,12.21597845,12.04990141,12.66976811,11.61016046,10.63803341,12.18806714,10.89305193,12.47327302,11.97879484,11.26944306,13.31928339
Heavily indebted poor countries (HIPC),HPC,"Agriculture, forestry, and fishing, value added (% of GDP)",NV.AGR.TOTL.ZS,,,,,,,,,,,,,,,,,,,,,,26.62055836,25.05005888,24.47736833,24.13375232,24.02617164,30.74290616,32.85749783,34.56004142,35.55479276,35.63048432,37.88572296,34.08518525,31.47560434,30.18831679,30.2413593,28.00553042,28.58358149,27.65928827,26.28962611,25.06640225,24.89868879,24.86509405,24.69248458,23.60565025,23.95474806,23.15359568,23.52952095,24.15393315,25.10302072,24.41925907,22.67555758,22.60580396,21.82234214,21.63154657,21.95144712,22.22612509,21.80800649,20.61690931,20.66085274,22.1591074,21.73983053,21.98399936,21.94622335,21.58132812,21.22246466
Croatia,HRV,"Agriculture, forestry, and fishing, value added (% of GDP)",NV.AGR.TOTL.ZS,,,,,,,,,,,,,,,,,,,,,,,,,,,,,,,,,,,,5.650292695,5.59020559,5.24173028,5.318365845,5.401407504,4.965574797,4.961950613,4.841502633,3.934910293,4.418279666,3.866670352,3.978222335,3.691461329,3.881430566,3.986391208,3.643843007,3.625578255,3.284141904,3.43748613,2.939734332,2.963059653,3.058907623,2.889487654,2.951146178,2.85761119,3.129434022,3.359443292,3.392838655,2.683555174,2.896222571,2.831944071
Haiti,HTI,"Agriculture, forestry, and fishing, value added (% of GDP)",NV.AGR.TOTL.ZS,,,,,,,,,,,,,,,,,,,,,,,,,,,,,31.11064931,30.5929976,29.73675139,29.89879958,34.12060785,30.84704257,33.92825808,23.55539736,19.4953609,20.81466133,21.16247282,22.56107084,17.18551672,16.45057861,15.84650446,16.7201416,15.85052142,18.05301294,17.71630349,19.07510627,18.43261616,18.79346464,20.23269509,20.0431189,19.46990359,19.32749996,17.82976365,17.219899,17.98351399,18.826471,18.70601412,19.18740373,20.36249373,20.87366357,20.41702851,17.70535146,16.50383446,15.80721273
Hungary,HUN,"Agriculture, forestry, and fishing, value added (% of GDP)",NV.AGR.TOTL.ZS,,,,,,,,,,,,,,,,,,,,,,,,,,,,,,,,,,,,7.280179056,7.392160044,6.497830246,6.17370245,5.445613261,5.065751564,5.029453294,4.36980458,3.90627498,4.356835455,3.725141853,3.538746011,3.487866309,3.478149401,2.99527728,3.007108941,3.973021544,3.888507539,3.922537345,3.945298304,3.761355482,3.867725721,3.748946669,3.471627303,3.325051122,3.362546854,3.457559193,3.144013145,2.927530804,2.712239256,2.653997699
IBRD only,IBD,"Agriculture, forestry, and fishing, value added (% of GDP)",NV.AGR.TOTL.ZS,28.30810484,31.39910301,31.35110563,31.86410858,31.84695888,31.24933344,29.55892637,30.37393285,29.6471797,28.13142085,26.9376437,25.75981686,24.99153159,24.56213638,22.35953457,21.26699927,19.90073539,19.57934225,18.10111505,18.02212264,16.5871437,16.45479205,15.91614181,17.2179195,17.36360363,17.04660716,16.88527171,16.35666483,16.4517648,16.14596166,15.39929611,14.48852117,12.87012845,11.89389064,12.04690111,11.58196709,11.65532873,10.94542675,10.92454302,10.77595052,9.756011485,9.674886199,9.84785535,9.755713689,9.439562462,8.602630293,8.079333289,8.040639745,7.951894484,8.273338177,8.107471746,8.021520117,7.874102047,7.973470135,7.9997186,8.169389023,8.192232175,7.84110213,7.497602023,7.685638999,8.504853925,8.106444021,8.044727109,7.847715339,7.821563531,7.632241783
IDA & IBRD total,IBT,"Agriculture, forestry, and fishing, value added (% of GDP)",NV.AGR.TOTL.ZS,30.29183054,33.17152391,32.95091721,33.08575776,33.26224294,32.68794166,31.07965611,32.06921635,31.28274452,29.7544359,28.56284911,27.49473727,26.59133249,25.98441695,23.94777013,23.43332913,21.3791323,21.14033499,19.90496641,19.66786881,17.92387579,17.03883734,16.65991609,17.8019172,18.06671467,17.79950466,17.89328993,17.57581163,17.78905757,17.46256304,16.79884159,16.19030938,14.31785375,13.29073679,13.38213285,12.99652905,13.05263688,12.46892388,12.55896945,11.94003355,10.96312043,10.84242683,11.19021221,11.03972787,10.57822691,9.758021828,9.21926606,9.123066772,9.071534435,9.416068442,9.148737841,8.972850605,8.82000642,8.88986002,8.9293091,9.130618248,9.113658161,8.709169138,8.353873931,8.702206652,9.548942226,9.102912314,9.042141263,8.751151663,8.622012873,8.454702643
IDA total,IDA,"Agriculture, forestry, and fishing, value added (% of GDP)",NV.AGR.TOTL.ZS,,,,,,,,,,,,,,,,,,,,,,21.08018635,21.65061981,22.54240498,23.99368305,24.10218247,26.99988684,28.43545804,29.80642563,29.78951046,30.02340113,30.91097652,28.90370041,27.5770013,27.88025765,27.54267871,26.63989604,27.53883948,27.49945508,25.71787059,24.57947377,24.37351364,25.80506648,24.96782899,23.18408365,22.88322407,22.07110247,22.0717282,22.55181368,23.12213608,22.27672579,21.57154622,21.43578908,20.70783293,20.3718983,20.58284267,20.2512177,19.75972967,19.2742248,20.46569632,21.55058174,21.57028494,21.2920982,20.81496747,19.91460129,19.5647945
IDA blend,IDB,"Agriculture, forestry, and fishing, value added (% of GDP)",NV.AGR.TOTL.ZS,,,,,,,,,,,,,,,,,,,,,,16.02460359,17.31570968,18.40293383,20.71153076,21.1293181,21.58498409,22.38535278,23.62939254,23.52191761,23.34762823,23.18137758,23.02767549,22.44876736,24.29268643,24.19629841,24.13580357,25.33723944,25.85443977,23.72791334,22.78482963,23.1421746,26.98718356,25.6187235,23.05432112,22.56893874,21.5698953,21.37820728,21.822883,22.15844139,21.71447457,21.51910416,21.11374663,20.49730383,20.12781894,20.82396508,20.74540074,20.00156601,20.04488295,22.48183369,24.20342718,24.44892793,23.72337011,22.8822988,21.2265151,20.30012288
Indonesia,IDN,"Agriculture, forestry, and fishing, value added (% of GDP)",NV.AGR.TOTL.ZS,,,,,,,,,,,,,,,,,,,,,,,,24.10491929,23.45609892,23.76764132,24.25344163,23.32694531,24.12159195,23.42552877,21.5487236,19.66180729,19.52141047,17.87984443,17.28626233,17.1383462,16.67238738,16.09211022,18.08285295,19.6126764,15.67870444,15.99491776,16.31966897,15.18534822,14.3357803,13.12661864,12.97380272,13.7166831,14.48174026,15.29014815,13.92921271,13.51228707,13.37397424,13.35669916,13.336755,13.49264356,13.47874855,13.15663085,12.80849756,12.71260266,13.69841428,13.28016914,12.39965016,12.52944319,12.60972203,13.09954632
IDA only,IDX,"Agriculture, forestry, and fishing, value added (% of GDP)",NV.AGR.TOTL.ZS,,,,,,,,,,,,,,,,,,,,,,,,,,,,,35.79974853,35.70356049,36.25368497,38.05630536,34.80403106,32.73846694,31.53071165,31.6278502,29.86341766,30.23338046,29.28812077,27.49594009,26.23749421,25.53281746,24.65261687,24.31791481,23.29815783,23.19251015,22.62080117,22.80822161,23.29468496,24.037164,22.82639843,21.62795009,21.78352982,20.93580905,20.64059894,20.32860575,19.79210454,19.55329148,18.6037723,18.42577326,19.08529222,18.91739443,19.09625937,19.288193,19.23625724,19.23492099
Isle of Man,IMN,"Agriculture, forestry, and fishing, value added (% of GDP)",NV.AGR.TOTL.ZS,,,,,,,,,,,,,,,,,,,,,,,,,,,,,,,,,,,,,,,,,,,,,,,,,,,,,0.642657103,0.596599796,0.446094369,0.472320118,0.590100697,0.400506349,0.410935899,0.316670665,0.372633924,0.337744275,0.372466783,0.372599049,,
India,IND,"Agriculture, forestry, and fishing, value added (% of GDP)",NV.AGR.TOTL.ZS,41.74133512,41.0924822,39.0659688,39.82535168,41.34371671,39.38469726,40.35165124,42.75155802,42.08602738,41.58492358,40.28961346,38.63339119,38.6268263,41.60382462,38.8780587,35.99691484,34.31203671,35.77714426,34.27396271,32.82553002,34.40886781,33.29769742,32.32674969,32.60653488,31.38053041,29.71813836,28.64114627,27.9723784,28.76982237,27.8396058,27.58488814,27.66270541,26.89691945,27.05455877,26.51993758,24.45754779,25.19930606,24.24867451,24.18045155,22.97256189,21.61106205,21.61888489,19.53454327,19.59199798,17.81469065,17.62020695,16.80944209,16.75011976,16.79094236,16.74427016,17.02650901,17.19197356,16.84537707,17.14842354,16.79193451,16.17450811,16.36380056,16.5583314,16.03163069,16.7555683,18.66853766,17.37256153,18.21066599,17.65653893,17.57357995,16.23424839
Not classified,INX,"Agriculture, forestry, and fishing, value added (% of GDP)",NV.AGR.TOTL.ZS,,,,,,,,,,,,,,,,,,,,,,,,,,,,,,,,,,,,,,,,,,,,,,,,,,,,,,,,,,,,,,,,,,
Ireland,IRL,"Agriculture, forestry, and fishing, value added (% of GDP)",NV.AGR.TOTL.ZS,,,,,,,,,,,,,,,,,,,,,,,,,,,,,,,,,,,,5.580190486,4.690114819,3.906744265,3.475354607,2.572291674,2.504929039,1.993859832,1.735308489,1.48000382,1.574087272,1.033549666,0.921152719,1.043222866,0.850028644,0.557956348,0.955429971,1.204811691,0.986285342,1.070005304,1.21732475,0.868694652,0.925941332,1.119815909,0.928168982,0.953896616,1.008972359,1.033124403,1.172815303,0.84691071,1.02114448,1.05705676
"Iran, Islamic Rep.",IRN,"Agriculture, forestry, and fishing, value added (% of GDP)",NV.AGR.TOTL.ZS,25.90060153,24.90256843,23.82749641,22.25721814,20.7660665,18.59561661,17.44181878,16.51588614,15.85361437,14.49739962,12.99091055,12.71270252,11.95440054,9.868775695,6.932824856,6.672281016,6.487048744,5.665368244,7.462283232,8.571918275,11.06046358,13.69414825,12.77417741,11.05712918,12.30788564,12.77052115,15.22802945,16.30278432,15.38501438,15.57681923,12.49086056,12.01424155,12.05433007,10.39837071,10.55156234,12.61023614,10.34647723,9.8126995,11.55505789,9.914986215,9.068419327,8.310842002,7.825546897,7.451094561,6.889578469,6.501382209,7.118211241,7.185568231,6.122772591,6.924489615,6.499390726,4.642116205,6.796937167,8.774909773,9.378424157,10.09160141,8.447880293,8.490449272,9.630920247,11.80810147,11.6933507,10.6344854,10.69504177,10.75087251,10.80036859,10.59444823
Iraq,IRQ,"Agriculture, forestry, and fishing, value added (% of GDP)",NV.AGR.TOTL.ZS,,,,,,,,,16.23006283,15.02513498,16.60551242,15.79332553,18.99233297,13.54166667,8.186068394,7.840374406,8.182338356,8.507732751,7.845233006,5.478544308,4.704293405,8.420802157,10.2998891,11.20038032,13.34556625,14.39067933,14.83551734,14.31079545,14.58558475,16.39610151,8.248862346,15.61566584,19.87057417,15.50271431,20.11210342,20.58513659,18.59708233,8.456601885,10.9097071,7.203503924,4.634745507,6.930957055,8.562671712,8.405608293,6.938561306,6.886862735,5.826032905,4.929498276,3.847780195,5.229933191,5.162283547,4.563773437,4.124271438,4.768439716,4.929407772,4.191868175,3.977189811,2.976727801,2.815817643,3.770008253,6.088674147,3.27919753,2.058706214,3.106031214,3.394575059,3.413688481
Iceland,ISL,"Agriculture, forestry, and fishing, value added (% of GDP)",NV.AGR.TOTL.ZS,,,,,,,,,,,,,,,,,,,,,,,,,,,,,,,,,,,,9.128389438,8.90792898,7.930619598,7.977526818,7.491421302,6.888310306,7.384756782,7.404106856,6.348027694,5.227128871,4.659144187,4.712165401,4.144220175,4.84499076,5.599739242,6.306075767,6.803546869,6.78778088,6.048599109,5.248164529,5.382088999,4.471355152,3.750319887,4.16468317,4.424927878,4.792616967,4.410521303,4.205889293,4.300545581,3.541375018,3.654151708
Israel,ISR,"Agriculture, forestry, and fishing, value added (% of GDP)",NV.AGR.TOTL.ZS,,,,,,,,,,,,,,,,,,,,,,,,,,,,,,,,,,,,2.05380335,1.90863935,1.815482361,2.00759207,1.743089037,1.539501949,1.765369482,1.823592922,1.717007555,1.627328426,1.890916633,1.830707157,1.757598052,1.818930851,2.150552879,1.838280577,1.852842942,1.494847813,1.523314949,1.390927177,1.425742374,1.458720809,1.44031962,1.393512416,1.353328862,1.372177831,1.330518004,1.185963236,1.392285907,1.285132896,
Italy,ITA,"Agriculture, forestry, and fishing, value added (% of GDP)",NV.AGR.TOTL.ZS,,,,,,,,,,,,,,,,,,,,,,,,,,,,,,,3.178633018,3.235386163,3.114250484,2.995048071,2.988089426,2.974212861,2.972325147,2.858747159,2.765398638,2.718127311,2.55763393,2.481891081,2.365324421,2.352381687,2.342296276,2.030061109,1.941585684,1.894149679,1.873008936,1.802081779,1.769281731,1.849100939,1.908869412,2.057793666,1.908482131,1.991525528,1.849152483,1.893432648,1.857556126,1.818668799,1.928016202,1.833392908,1.890371751,1.859643175,2.007896164,2.065495753
Jamaica,JAM,"Agriculture, forestry, and fishing, value added (% of GDP)",NV.AGR.TOTL.ZS,,,,,,,,,,,,,,,,,,,,,,,,,,,,,,,,,,7.647249525,8.506510424,8.597089311,8.003410358,7.633852165,7.171235351,6.679597213,6.231900157,6.120735926,5.544304066,5.213862004,4.982165255,5.186240854,5.155826075,4.61760641,4.899122156,5.472267879,5.26899732,5.647286778,5.771440486,5.970479633,5.972489839,5.856121964,6.098323256,5.910664695,5.900873175,6.30529102,7.720569475,7.382780629,6.799796847,7.782558869,7.968751951,8.743036579
Jordan,JOR,"Agriculture, forestry, and fishing, value added (% of GDP)",NV.AGR.TOTL.ZS,,,,,,14.14565826,10.04255319,15.7358156,9.680638723,12.5,10.77057793,12.38645747,12.32244318,8.061915511,14.8301789,6.92819454,7.475317348,7.633256083,9.681881051,6.269720102,7.142243969,5.508767085,5.62996182,6.151348931,5.115986804,4.917284076,5.101539835,5.890584685,5.856315969,5.4710369,6.881315418,7.244759973,6.841347219,5.128205128,4.427053451,3.686342715,3.229090317,2.886730384,2.579414596,2.005780247,2.015436678,1.953266182,2.191639682,2.466556919,2.497867975,2.758357982,2.583509751,2.531468186,4.149753269,4.422073734,4.970530829,4.592697516,3.979735567,3.977337344,4.246367954,4.431814856,4.648258524,4.567514778,4.469587924,4.396861832,4.732875375,4.828853429,4.767618832,4.956295909,5.24177916,5.561693674
Japan,JPN,"Agriculture, forestry, and fishing, value added (% of GDP)",NV.AGR.TOTL.ZS,,,,,,,,,,,,,,,,,,,,,,,,,,,,,,,,,,,1.798667408,1.577545813,1.578040961,1.439023677,1.503633325,1.454858024,1.38720503,1.267217804,1.274796634,1.207611751,1.153835866,1.049098487,1.033564819,1.016653289,1.030176126,1.07479208,1.111401663,1.105954001,1.136616598,1.075593141,0.991053653,1.020320599,1.104374944,1.108138286,1.01125619,0.981152005,1.004576281,0.938649383,0.84865702,0.825345395,0.958270396,
Kazakhstan,KAZ,"Agriculture, forestry, and fishing, value added (% of GDP)",NV.AGR.TOTL.ZS,,,,,,,,,,,,,,,,,,,,,,,,,,,,,,,,,23.34162521,16.4384453,14.94754749,12.32938601,12.15215514,11.40677903,8.565795103,9.88634864,8.110783885,8.724831864,7.995909093,7.862206027,7.122957988,6.369523016,5.495834862,5.660291519,5.315803247,6.146884987,4.51052753,4.988974156,4.288330156,4.50354557,4.329552462,4.710547419,4.556004271,4.51698454,4.395858103,4.466335958,5.391282693,5.03000194,5.247144807,3.825003114,3.882291517,3.743791418
Kenya,KEN,"Agriculture, forestry, and fishing, value added (% of GDP)",NV.AGR.TOTL.ZS,35.34741353,34.07310224,37.57419488,38.44981142,36.83208018,32.41863985,34.70785829,33.65742844,31.70570223,30.89757128,30.16973422,28.16229493,32.21093542,31.8774963,31.29914208,30.17297568,33.32691593,37.00682832,32.06422309,30.18625011,27.79076135,27.87345201,28.96660109,29.86875598,29.50989774,28.60623182,28.77757743,27.17165387,25.54020406,25.9638119,25.31413336,24.32014817,24.78128722,26.80801341,28.11535668,26.34961956,27.49252178,27.6939374,27.7449136,28.74407961,28.72178064,27.84926011,25.8539676,25.80443937,24.92904109,24.2362747,20.5196878,20.58666446,22.19634016,16.25498147,17.56775989,18.89471122,18.82972593,18.61655159,18.34783934,19.46961478,20.03451643,20.89363741,20.31491042,20.86116381,22.70272616,21.4770751,21.03619206,21.45220609,22.44199603,23.15998748
Kyrgyz Republic,KGZ,"Agriculture, forestry, and fishing, value added (% of GDP)",NV.AGR.TOTL.ZS,,,,,,,,,,,,,,,,,,,,,,,,,,,,,31.08504399,32.8,32.6635514,35.27675676,37.26507487,39.10583226,38.36445021,40.6816929,46.31762489,41.18760856,36.05528153,34.88162646,34.18770856,34.54100036,34.40479628,33.62225264,29.9044501,28.48327836,28.68029114,26.88021018,23.48553315,18.76073747,17.44825618,16.56531665,16.65419638,14.63787255,14.71866312,14.06076433,12.83447316,12.5145789,11.67528648,10.37390262,12.16965567,12.41223303,10.99680567,9.492161082,8.621683534,7.999435739
Cambodia,KHM,"Agriculture, forestry, and fishing, value added (% of GDP)",NV.AGR.TOTL.ZS,,,,,,,,,,,,,,,,,,,,,,,,,,,,,,,,,,45.29438218,45.55770954,47.72456021,44.46307956,44.44721268,44.47995896,40.90385299,35.52773574,32.96537725,29.61100468,29.47437957,26.62866275,27.44578889,26.28574294,25.46562834,28.03408699,28.08932394,27.87429166,28.03585446,26.79534994,24.44715514,22.19381524,20.14084886,18.90798156,17.86817716,16.49794791,15.43850652,17.03965229,16.90441437,16.54408599,17.07844725,16.57687261,16.11068283
Kiribati,KIR,"Agriculture, forestry, and fishing, value added (% of GDP)",NV.AGR.TOTL.ZS,,,,,,,,,,,,,,,,,,,,18.36896781,12.14446124,12.31124211,9.32604373,13.92645561,21.71415637,14.07506266,9.080430316,9.117108301,16.88543809,12.57441346,7.089871141,9.506705117,38.92243603,36.91882327,36.08755384,34.70457797,31.96817775,29.24231755,27.51478149,26.86504523,21.43370712,22.56158318,21.51982834,22.04119671,22.6130671,19.97854408,21.62964373,22.6952534,24.65152635,26.67571337,24.65699428,25.71407968,25.23225273,23.66589061,25.29594993,22.9196636,27.0676819,31.01068729,26.7699361,26.99003205,26.96327103,24.69902632,27.95779569,26.98509602,23.16551221,
Maldives,MDV,"Agriculture, forestry, and fishing, value added (% of GDP)",NV.AGR.TOTL.ZS,,,,,,,,,,,,,,,,,,,,,,,,,,,,,,,,,,,,,,,,,,,,5.311192989,5.584199425,7.7280315,6.595158404,6.165355602,6.875646747,5.419481767,5.634120626,5.385634654,5.190604789,5.413434052,5.307186336,5.533603618,5.628563458,5.271099688,5.124005583,4.494023911,7.574945114,5.306203935,5.061824736,5.081845646,3.841958923,4.590793783
"Korea, Rep.",KOR,"Agriculture, forestry, and fishing, value added (% of GDP)",NV.AGR.TOTL.ZS,36.44338118,38.52756685,36.46258503,42.89827255,46.29455279,37.28489484,34.15292912,29.96526205,27.94091788,27.17902756,26.25292408,26.85918291,26.19207522,24.2691937,23.78130757,24.10122327,22.68429073,21.43839384,19.58642323,18.2173789,14.01341797,14.73993809,13.71574487,12.34848648,11.59177469,11.4597295,10.14218234,9.033762417,8.946089928,8.285825419,7.370329627,6.610848163,6.393438846,5.716175574,5.466230091,5.142473105,4.788088428,4.320145156,4.069402495,4.092783638,3.706347748,3.426587752,3.080412884,2.845363252,2.835774404,2.505939907,2.387805175,2.179127371,2.041791631,2.138045281,2.044422884,2.107656653,2.082151876,1.995081665,1.951766657,1.89858431,1.739456481,1.714942541,1.599327744,1.50689434,1.577951354,1.665159782,1.448346155,1.447738714,1.458251055,1.464272753
Kuwait,KWT,"Agriculture, forestry, and fishing, value added (% of GDP)",NV.AGR.TOTL.ZS,,,,,,,,,,,,,,,,,,,,,,,,,,,,,,,,,,,,0.419034003,0.394523337,0.395364246,0.446468096,0.427494902,0.35521983,0.446728972,0.516824849,0.454889537,0.404756604,0.301358018,0.23651572,0.213317127,0.160021,0.262327765,0.451728985,0.438835825,0.359874301,0.355177609,0.450636106,0.537729009,0.518592131,0.525092139,0.445906871,0.370434138,0.49632669,0.473024819,0.402460239,0.468514016,0.490910109,0.530516126
Latin America & Caribbean (excluding high income),LAC,"Agriculture, forestry, and fishing, value added (% of GDP)",NV.AGR.TOTL.ZS,,,,,,,,,,,,,,,,,,,,,,12.02967841,9.885075466,12.16423455,12.64318026,12.1839441,12.34460505,11.48474048,12.07928793,11.18361319,10.24040803,9.759692732,9.205824549,8.21871079,8.95957095,7.455789474,7.370931542,7.060246197,6.885284784,6.338731985,5.81734716,5.639899628,6.223425319,6.724232285,6.35219727,5.754960084,5.434727649,5.593826711,5.664075461,5.482038453,5.43607529,5.689743185,5.342205535,5.66737321,5.693534745,5.724867061,6.341296829,6.003127972,5.79507299,5.806763725,7.055188418,7.516740337,7.124290043,7.05227463,7.055311529,7.317256889
Lao PDR,LAO,"Agriculture, forestry, and fishing, value added (% of GDP)",NV.AGR.TOTL.ZS,,,,,,,,,,,,,,,,,,,,,,,,,,,,,,47.49150725,46.46886347,43.95978493,46.72559089,43.41691706,44.08510354,42.2262356,40.49828878,51.85270624,33.93876567,34.31197937,33.63025103,32.68319294,33.3863041,32.08611458,30.52134752,28.29513534,26.72966991,25.78814868,24.17648143,24.20537709,22.59579413,20.79125519,18.54848657,17.93049843,17.84879178,17.5877597,17.23017659,16.19975986,15.70918682,16.05033906,16.33776236,16.06769702,14.86888223,16.13905684,16.77188381,16.6175844
Lebanon,LBN,"Agriculture, forestry, and fishing, value added (% of GDP)",NV.AGR.TOTL.ZS,,,,,,,,,,,,,,,,,,,,,,,,,,,,,,,,,,,6.466640634,6.794856428,6.183078443,6.705154639,6.088186929,6.196850093,6.237509608,5.863118728,5.662926018,5.486374897,3.820910296,3.579635058,4.469734859,4.892766618,4.52188618,3.950872086,3.861959368,3.804609707,3.764530777,3.955399156,4.022805905,3.284663267,2.727149458,2.792911485,3.231897283,3.169099852,3.078250006,1.400165615,1.189573263,0.966455367,1.045054472,
Liberia,LBR,"Agriculture, forestry, and fishing, value added (% of GDP)",NV.AGR.TOTL.ZS,,,,,,,,,,,,,,,,,,,,,,,,,,,,,,,,,,,,,,,,,76.07454233,76.5335872,79.04236246,72.2403877,65.04740245,66.03272919,63.81802502,65.59815004,65.17456547,58.03574661,35.91871371,35.9187156,35.91871584,35.91871404,35.91871659,35.91871427,35.91871351,35.94261592,35.49669991,36.43715132,39.29228507,37.4176168,36.20304635,34.56500228,33.83272646,32.65383057
Libya,LBY,"Agriculture, forestry, and fishing, value added (% of GDP)",NV.AGR.TOTL.ZS,,,,,,,,,,,,,,,,,,,,,,,,,,,,,,,,,,,,,,,,,,,5.185299093,4.09220702,3.342622913,2.51001098,1.517644838,1.541416623,1.383652541,2.158067631,1.799530011,3.057668337,1.815593652,2.415485153,3.516678607,4.386297335,4.611779896,3.874776455,3.66012922,2.042016192,4.326770153,1.929234161,1.686437699,1.769277961,2.391976099,1.50083505
Marshall Islands,MHL,"Agriculture, forestry, and fishing, value added (% of GDP)",NV.AGR.TOTL.ZS,,,,,,,,,,,,,,,,,,,,,,,,,,,,,,,,,,,,,,8.623584539,7.496468728,7.963593087,8.049913574,7.414989939,6.450060624,6.867995897,7.218510158,7.120869565,7.067178771,7.343986711,8.807571623,9.573015873,10.58566108,13.88427162,17.81981184,15.85708155,12.03709677,12.42280893,12.72765114,15.83224146,16.2795,18.20914556,19.90603805,24.74170847,20.58038794,18.92140152,19.93596491,
Latin America & Caribbean,LCN,"Agriculture, forestry, and fishing, value added (% of GDP)",NV.AGR.TOTL.ZS,,,,,,,,,,,,,,,,,,,,,,11.37911799,9.453729359,11.50167861,11.94766699,11.53057048,11.73763132,10.9708085,11.47662824,10.67702181,9.797575226,9.38976435,8.906634766,7.970331436,8.632773062,7.282832101,7.105537329,6.810420134,6.657744235,6.109491792,5.622354677,5.392768939,5.896075023,6.340302027,6.009796373,5.48992135,5.225471278,5.360195978,5.435635867,5.276008834,5.240168815,5.488318343,5.147066261,5.440076928,5.476264179,5.459904157,6.022295417,5.728385504,5.512735857,5.521262769,6.604941787,6.97104492,6.631681607,6.576960851,6.601535638,6.799780752
Least developed countries: UN classification,LDC,"Agriculture, forestry, and fishing, value added (% of GDP)",NV.AGR.TOTL.ZS,,,,,,,,,,,,,,,,,,,,,,,,,,,,,,,36.42450613,38.65907658,34.8627232,33.78457231,33.1612826,32.94778159,30.30703661,31.37792119,30.37087739,28.8268334,27.09986772,26.22847111,24.75170216,24.37247322,23.19786622,22.69243638,21.73572343,22.06290015,22.14866728,23.54420495,22.87353853,21.14582099,21.23354822,20.68434424,20.57518948,20.91306045,20.80968913,20.33180107,19.12435384,18.88422488,19.84953738,19.59302226,19.68142868,19.99376288,20.12477423,20.39335835
Low income,LIC,"Agriculture, forestry, and fishing, value added (% of GDP)",NV.AGR.TOTL.ZS,,,,,,,,,,,,,,,,,,,,,,28.73458491,27.92255589,29.18460118,29.21189783,32.19952651,32.95070509,35.20607988,37.91725674,36.3159128,37.26907869,40.11372273,36.46456395,34.05366879,33.82959833,34.43961154,33.41490061,34.06320457,34.0832154,30.90668583,28.45065285,28.51026247,28.1367359,27.42049589,25.52276628,25.4645838,25.14914737,25.38756814,25.62326875,27.48908803,25.90330477,24.3700524,26.07641316,25.47737359,25.50419898,25.62432656,26.90016269,27.55111997,25.80153329,26.24619829,27.13885839,27.04265225,27.77424531,28.36603079,27.92752349,27.23268045
Liechtenstein,LIE,"Agriculture, forestry, and fishing, value added (% of GDP)",NV.AGR.TOTL.ZS,,,,,,,,,,,,,,,,,,,,,,,,,,,,,,,,,,,,,,,,,,,,,,,,,,,,,,,,,0.115518532,0.134897729,0.139045931,0.139140767,0.211170416,0.161805584,0.169219054,0.15939484,,
Sri Lanka,LKA,"Agriculture, forestry, and fishing, value added (% of GDP)",NV.AGR.TOTL.ZS,32.10419693,32.90995044,31.09252254,32.34974144,30.9623854,28.56488686,28.68265285,30.07723179,31.62786977,29.32323547,28.76776885,27.52395522,26.73869749,27.66915715,33.52872346,30.6494283,29.32061172,30.97782322,30.78518565,27.23629969,27.81798727,27.96159105,26.5994502,28.4760072,28.85648932,28.05746361,27.45499681,27.30228993,26.68362343,25.95598285,26.68499557,27.08797056,26.12236113,24.88070331,23.97383949,23.14012307,22.53906328,21.94860064,21.16449052,20.72848094,19.92731504,20.0666052,14.27932254,13.23051488,12.54380414,11.81947682,11.33628023,11.68316433,13.37920077,12.6919713,9.048337007,9.53315935,7.910288868,7.924604117,8.080707924,8.216938879,7.261718478,7.430678779,7.592063951,7.2562467,8.25132326,8.789940164,8.44795287,8.043121803,8.373649469,8.36247166
Lower middle income,LMC,"Agriculture, forestry, and fishing, value added (% of GDP)",NV.AGR.TOTL.ZS,41.46243267,41.06094346,39.15349665,40.0240314,42.13661966,40.95624658,39.37714048,41.67155058,41.06492386,40.60321753,38.58963358,37.89212952,37.03558301,38.51792333,35.18144822,34.49025646,29.87037145,31.10869275,31.11540147,29.2316644,27.88243398,22.99033047,23.17808126,24.29448274,24.52604006,23.794539,24.87513131,25.55830335,25.98809563,26.0084807,25.71098082,25.20457763,24.19166931,23.790665,24.36103108,23.08886232,23.84415781,23.38679205,23.2481439,21.2383944,20.00786859,19.90350339,20.29098238,20.40594269,18.67940121,18.1710902,17.3962786,17.13999601,16.95119262,17.05079424,17.08204785,17.56833035,16.90449248,17.39348679,17.33329786,17.56795755,17.53959365,17.41429829,17.08569075,18.18939805,19.78826936,19.13054685,19.2211743,18.6521003,18.32056201,17.75589232
Low & middle income,LMY,"Agriculture, forestry, and fishing, value added (% of GDP)",NV.AGR.TOTL.ZS,32.02385042,35.22482851,35.10213349,35.19553613,35.36908242,34.6815531,32.98731678,34.03534226,33.18968113,31.60112608,30.32803303,29.2086842,28.18431557,27.67703277,25.42359383,24.67463679,22.51500194,22.26667082,21.00729436,20.81906171,19.01646611,18.06377965,17.58071747,18.80498276,19.05544266,18.77746347,18.85872917,18.56476107,18.7837752,17.98815484,17.11750448,16.84033406,15.5609121,14.18970183,14.34038774,13.83679918,13.91899874,13.2899577,13.35205412,12.56506902,11.56633694,11.47609827,11.94021913,11.80827153,11.36888439,10.58218077,10.04634091,10.00711844,9.993230932,10.16506869,9.908006591,9.761551031,9.617588515,9.666042331,9.609272446,9.667934041,9.623238282,9.224627989,8.864469619,9.233119159,10.10177478,9.639122291,9.637847989,9.335128329,9.231096357,9.091477228
Lesotho,LSO,"Agriculture, forestry, and fishing, value added (% of GDP)",NV.AGR.TOTL.ZS,88.18461538,89.4145098,88.18494983,83.78125,81.71428571,79.28622449,55.35432099,46.04016064,46.4354067,42.17105263,43.32403259,27.9440585,43.00546624,49.5274673,39.39395122,36.50886076,30.75327103,37.58447353,30.33334771,34.25599673,22.4361202,24.34776903,16.66435594,16.25862857,15.21385074,16.02978041,15.83660867,14.25374758,14.001639,12.6246288,12.16164968,7.324999864,9.077085406,8.330235572,8.262433407,8.780632296,7.689283279,7.003196532,8.322992802,8.784630254,7.827134815,8.298870587,6.395312833,6.346886124,5.984006756,5.671130405,4.842764809,4.8899868,4.897048748,5.503524308,4.862175277,4.543951575,4.895308672,5.064363462,3.960714566,3.781903447,4.924117634,4.963623857,4.249775434,4.463802088,5.307712044,5.956252628,5.950853937,6.661448899,6.62391132,6.485946392
Late-demographic dividend,LTE,"Agriculture, forestry, and fishing, value added (% of GDP)",NV.AGR.TOTL.ZS,24.79354011,33.46618392,33.66342566,33.36440247,33.76066373,34.82440533,33.58307435,33.96730309,34.06910218,31.25191036,29.48317063,27.67731222,26.67005664,25.6220605,23.366467,22.52016134,20.76409456,18.92145374,16.43733271,17.38830068,16.1713378,16.06411005,14.75273034,17.81932041,18.42221628,17.474406,16.28643242,15.38018243,15.20222204,14.57742284,14.51820743,13.70784696,11.38618548,10.55731658,11.07857271,10.25973732,10.21337021,9.685101318,9.732615293,9.77273997,8.876726213,8.844978874,8.690490596,8.367787086,8.369049741,7.353405698,6.825240226,6.687858081,6.771367223,6.942403113,6.627845823,6.667734863,6.615392309,6.684451693,6.631121055,6.79231562,6.679870146,6.248948477,5.960700879,6.01845437,6.684869196,6.421481229,6.287706483,6.069036108,5.977390218,5.88534754
Lithuania,LTU,"Agriculture, forestry, and fishing, value added (% of GDP)",NV.AGR.TOTL.ZS,,,,,,,,,,,,,,,,,,,,,,,,,,,,,,,,,,,,9.812082351,10.88050401,9.375902753,7.628454775,6.353635942,5.573516115,4.865006507,4.767604759,4.416392983,4.151676238,4.327270745,3.872890516,3.472676095,3.281583238,2.529282769,3.068715186,3.518971294,4.000074488,3.534358106,3.440160841,3.436718648,3.120618961,3.549336337,2.886857266,3.124047444,3.532419939,3.394057073,3.949420944,2.497200673,2.416083458,2.271497501
Luxembourg,LUX,"Agriculture, forestry, and fishing, value added (% of GDP)",NV.AGR.TOTL.ZS,,,,,,,,,,,,,,,,,,,,,,,,,,,,,,,,,,,,0.934627458,0.81488274,0.711507902,0.777303207,0.713557133,0.596862114,0.56027854,0.690665538,0.464234063,0.535432005,0.356507251,0.311756667,0.363220212,0.307776449,0.233334869,0.2684097,0.25111529,0.287953649,0.261907197,0.289554289,0.223728935,0.214197008,0.23457255,0.233738394,0.214828063,0.200416312,0.194861687,0.242167478,0.187250953,0.2094876,0.232212272
Latvia,LVA,"Agriculture, forestry, and fishing, value added (% of GDP)",NV.AGR.TOTL.ZS,,,,,,,,,,,,,,,,,,,,,,,,,,,,,,,,,,,,8.054696329,6.928104345,5.071657876,3.890850626,3.729016289,4.549578596,4.480987299,4.627649839,4.102410527,4.365045801,3.867737017,3.423151928,3.453976036,3.091287125,3.286841214,4.115884973,3.777800794,3.53285388,3.212086904,3.61639639,3.554450184,3.32532539,3.624762118,3.66104778,3.853434442,4.079181942,4.206722515,5.114110385,3.933442794,3.948234883,4.009599734
"Macao SAR, China",MAC,"Agriculture, forestry, and fishing, value added (% of GDP)",NV.AGR.TOTL.ZS,,,,,,,,,,,,,,,,,,,,,,,,,,,,,,,,,,,,,,,,,,,,,,,,,,,,,,,,,,,,,,,,,,
St. Martin (French part),MAF,"Agriculture, forestry, and fishing, value added (% of GDP)",NV.AGR.TOTL.ZS,,,,,,,,,,,,,,,,,,,,,,,,,,,,,,,,,,,,,,,,,,,,,,,,,,,,,,,,,,,,,,,,,,
Morocco,MAR,"Agriculture, forestry, and fishing, value added (% of GDP)",NV.AGR.TOTL.ZS,,,,,,23.44504021,21.0016488,21.7371562,22.42222893,19.33005033,19.93906398,21.86718786,21.25508674,20.82618193,20.65593321,17.89843729,19.25347058,16.38431704,18.91975197,17.91660622,15.12214362,10.6848451,12.91555411,12.62338381,12.12317088,13.29093273,15.70511066,11.76451577,14.20341997,14.35190177,15.09517541,17.49943674,14.04275721,13.06940743,17.25950772,13.49264985,18.4399801,14.63418013,14.48679021,12.47663953,10.72863179,11.87617762,11.84327817,12.49186018,11.86933372,10.69888045,12.3041681,9.875246649,10.86496179,11.96504755,11.96208127,12.08190261,11.32975115,12.35836619,10.35314652,11.79619318,10.32196511,11.1602888,11.30554024,10.84240174,10.66364014,11.9779439,9.796188938,11.13117438,10.56732876,10.54689985
Monaco,MCO,"Agriculture, forestry, and fishing, value added (% of GDP)",NV.AGR.TOTL.ZS,,,,,,,,,,,,,,,,,,,,,,,,,,,,,,,,,,,,,,,,,,,,,,,,,,,,,,,,,,,,,,,,,,
Moldova,MDA,"Agriculture, forestry, and fishing, value added (% of GDP)",NV.AGR.TOTL.ZS,,,,,,,,,,,,,,,,,,,,,,,,,,,,,,,,,,,,29.27350971,27.48428291,25.96379378,25.76808685,24.8810986,25.40932153,22.42004068,21.02182945,18.3282016,17.58673826,16.3997955,14.49887608,9.982970241,8.810934172,8.49746275,11.16125723,11.3842526,10.44817272,11.55036194,14.07095696,12.82125575,12.47974385,12.19959108,10.14687846,10.16081263,9.366692014,10.58658701,8.114280001,7.084548485,7.254930097,7.376324025
Madagascar,MDG,"Agriculture, forestry, and fishing, value added (% of GDP)",NV.AGR.TOTL.ZS,,,,,,,22.67536052,22.85432911,21.87002535,21.4009528,21.85881261,21.51434661,22.28798996,23.8785962,30.51494879,30.3553837,29.68126309,29.30481114,28.47915941,26.37766098,,,,,,,,,,,,,,,,34.95966625,33.4308969,33.79806822,33.2427573,33.27966289,30.87871729,29.85131341,34.14251398,32.02979096,31.42050528,30.76273393,30.18227172,28.06701329,27.05257205,30.46514813,29.07809635,29.05020576,28.00061236,26.49303398,25.84538293,25.74335433,25.13345436,24.55013777,23.9733833,22.95625201,24.6929444,22.52209136,21.60880085,22.22323718,21.91987011,21.70253075
Naoero,NRU,"Agriculture, forestry, and fishing, value added (% of GDP)",NV.AGR.TOTL.ZS,,,,,,,,,,,,,,,,,,,,,,,,,,,,,,,,,,,,,,,,,,,,,,,,,,,,,,,,,,,,,,,,,,
"Middle East, North Africa, Afghanistan & Pakistan",MEA,"Agriculture, forestry, and fishing, value added (% of GDP)",NV.AGR.TOTL.ZS,,,,,,19.43406992,17.98448172,18.27225444,17.7692863,16.45591488,16.24046935,15.5512609,14.48293632,11.24206453,7.6401988,7.86276493,7.444220708,6.912862582,7.755319233,6.721727481,6.390954008,7.300005564,8.42259501,8.704346054,9.483206411,10.31361326,12.10313646,11.44316589,11.30336454,11.53149432,9.614797982,9.839561705,9.513455034,8.922380778,9.478293033,9.329707019,8.957383274,8.427039921,9.360127812,8.497538514,8.116921029,8.221416199,8.00811106,7.688914331,7.097975477,6.390941032,6.141302496,5.950160626,5.374399133,6.580570674,6.165919474,5.686847715,5.754060949,6.050541776,6.166725601,6.903375775,6.767430264,6.498151462,6.198954092,6.23305574,6.907554251,6.469771146,5.891812808,6.218983999,6.626538272,6.77268342
Mexico,MEX,"Agriculture, forestry, and fishing, value added (% of GDP)",NV.AGR.TOTL.ZS,,,,,,13.14923077,12.09305921,11.74623494,10.92079019,10.44768473,12.12056306,12.00295918,10.94734513,11.53073806,11.47855556,11.13875455,10.61792852,10.5159708,10.26948224,9.182708605,6.318713984,6.359815394,5.37348336,5.935248646,6.422011309,6.539725443,6.807684938,6.416472205,6.478093925,6.45259845,6.667096379,6.496989749,5.99898081,4.794150205,4.363848739,4.130571887,4.579944221,4.218890063,3.907647459,3.490177539,3.159265135,3.225490352,3.110361726,3.207355406,3.185946986,2.945672273,2.942955161,3.041865673,3.02875898,3.100598421,3.092008389,2.97569484,3.048729372,3.024542775,3.027136517,3.085186339,3.246289078,3.297511776,3.296959451,3.315024403,3.711148882,3.782665286,3.898065712,3.845697586,3.869448464,3.884083419
Papua New Guinea,PNG,"Agriculture, forestry, and fishing, value added (% of GDP)",NV.AGR.TOTL.ZS,,49.03934126,47.38421955,44.03409091,42.55319149,41.58802473,41.33486107,41.96246401,42.89011014,41.81228842,37.17903588,34.48549068,32.38043469,28.20596917,27.99570576,29.70183345,31.70365691,32.98421255,36.02722138,33.86009838,33.11865816,33.39280276,32.426252,32.67678413,37.36757042,33.76511143,32.18909147,29.86371194,29.14734551,28.11504744,28.9740589,25.97903262,24.47312337,27.56672351,32.36352458,33.81277544,31.64525292,35.03305271,33.69214209,34.25726649,33.96639208,34.41128094,37.99064819,38.34858793,35.96866281,,20.40323706,19.60859082,20.17487216,21.64346778,19.6083871,19.19971137,19.27395077,19.26001935,17.69194428,17.45693017,17.86634043,17.64956891,16.97383552,16.97644575,18.75532548,18.98988158,16.90856789,16.95961227,17.0217937,
Middle income,MIC,"Agriculture, forestry, and fishing, value added (% of GDP)",NV.AGR.TOTL.ZS,31.81770949,35.04518203,35.02142118,35.43214815,35.17143823,34.54579082,32.89170891,33.87132201,33.09185481,31.54364339,30.1524001,29.00337285,27.9116595,27.44046756,25.10876362,24.2844299,22.02761601,21.7805957,20.52323424,20.40732247,18.58159342,17.60403806,17.12636962,18.34046312,18.60907722,18.2631906,18.31559185,17.94255113,18.08950275,17.31567874,16.36515601,15.88379778,14.95350581,13.61514992,13.84632832,13.41740747,13.56879531,12.91978938,12.97215188,12.21338123,11.20178549,11.12947079,11.5811679,11.46262927,11.05604839,10.2455767,9.708964386,9.667011325,9.643212655,9.784725827,9.587455145,9.490832602,9.346993531,9.412105026,9.348317412,9.403131452,9.365532884,8.963694622,8.62528711,8.989266359,9.851708442,9.400039979,9.364153944,9.054716162,8.943445547,8.808791043
North Macedonia,MKD,"Agriculture, forestry, and fishing, value added (% of GDP)",NV.AGR.TOTL.ZS,,,,,,,,,,,,,,,,,,,,,,,,,,,,,,,7.161842105,10.84297521,14.48441077,10.02339755,10.57674851,10.61094145,10.667681,10.43231285,10.86171647,10.51768312,10.09628146,9.745119714,10.17012077,11.53877645,11.55399486,9.736194549,8.989368056,8.932416885,11.44351515,10.37016849,10.12060481,9.350992921,9.104719704,10.02747609,10.17756728,9.726918494,9.172908313,7.873245042,8.47039847,8.132291394,8.569059288,7.147488844,7.279887855,6.230886698,6.082928019,5.97689638
Mali,MLI,"Agriculture, forestry, and fishing, value added (% of GDP)",NV.AGR.TOTL.ZS,,,,,,,,61.71761609,57.89334897,56.7747982,57.82877252,57.07615928,55.79488107,51.6112822,46.05580077,57.50932407,55.12433915,55.17710351,52.13692704,55.00661578,46.58516962,47.09883745,42.31156902,36.95953342,33.22199062,38.15058666,37.19077182,38.51085717,44.56809643,41.69651564,36.52452082,40.50025031,35.29306156,37.75972566,32.9133775,29.7143407,29.39991681,27.34487995,27.3072931,28.07030686,26.56742679,26.43321653,27.47672579,22.99081482,23.724131,24.26870634,22.20047028,23.30845339,23.86723308,25.18444797,25.98571967,27.56154973,30.77726654,28.49681161,29.32445313,30.52512228,30.99871927,31.40077664,32.4975414,32.26822055,32.28996084,32.03755873,32.7176729,31.37478501,32.59284356,33.01958353
Malta,MLT,"Agriculture, forestry, and fishing, value added (% of GDP)",NV.AGR.TOTL.ZS,,,,,,,,,,,6.29926534,6.402961167,6.686666583,6.507734585,6.490089131,5.709301525,5.767803587,5.525901623,4.20351554,3.636335584,3.4837001,3.540379525,3.730866986,4.206410473,4.311577475,4.182599709,4.098931887,4.009488548,3.576399722,3.427711225,3.151768405,2.984883193,2.76372975,2.742970399,2.561109345,2.252040038,2.237735517,2.207522726,2.326833714,2.157572743,1.85750895,2.17274024,2.10568805,1.919693742,1.847365233,1.787554664,1.813524221,1.755161386,1.074739969,1.330192677,1.271651488,1.08713375,1.091054118,1.019836252,1.00159746,0.941565497,1.010317714,0.675890607,0.621888919,0.471910718,0.785620429,0.886000827,0.833481607,0.044444869,0.490562613,0.469133994
Myanmar,MMR,"Agriculture, forestry, and fishing, value added (% of GDP)",NV.AGR.TOTL.ZS,,,,,,,,,,,,,,,,,,,,,,,,,,,,,,,,,,,,,,,,,57.23864526,57.06919164,54.52833273,50.62056086,48.16509019,46.6872404,43.91895847,43.32276601,40.27509564,38.10812061,36.85307575,32.4961825,30.5901997,29.53372536,27.82980258,26.77177865,25.62862287,23.4041281,22.0756064,20.84215778,22.41865254,22.78529016,22.33435008,22.72223097,25.3,25.3
"Middle East, North Africa, Afghanistan & Pakistan (excluding high income)",MNA,"Agriculture, forestry, and fishing, value added (% of GDP)",NV.AGR.TOTL.ZS,29.5835007,29.61847766,27.62530572,25.6031795,24.59524408,24.35416485,22.70410838,22.8336885,22.49954255,20.77193309,20.68625802,19.99236262,19.28645585,15.71955782,12.65705765,12.46255865,11.89082178,10.89253886,11.99295815,10.87886097,10.9665064,13.23457584,13.61018821,12.92103585,13.55637117,13.92780303,15.48495333,15.26186536,15.29704326,15.96925462,12.61753686,14.75688831,14.55382051,14.00543859,15.11628809,14.95349456,14.4654138,13.42167078,14.45186701,13.02520097,12.93654939,12.87518525,12.6952209,12.44529444,11.55383294,10.69905467,10.48921908,9.998841573,9.236193657,10.62013281,10.16777833,9.666768853,9.908173464,10.93206054,11.27600036,12.17603684,11.61816733,11.41356904,11.61713204,11.82519941,12.7469325,12.40607923,11.788763,12.39523808,13.24366852,13.98667694
Montenegro,MNE,"Agriculture, forestry, and fishing, value added (% of GDP)",NV.AGR.TOTL.ZS,,,,,,,,,,,,,,,,,,,,,,,,,,,,,,,,,,,,,,,,,11.30187792,10.81120523,10.92378228,9.914987339,9.261922058,8.757659805,5.658227164,5.140967616,5.303075635,5.942074988,5.467167385,5.170968928,4.895395757,5.20960138,5.115692186,4.963699125,4.806078642,4.436126454,4.027026547,3.703510821,4.183869783,3.771318755,3.996727666,3.769243372,3.493444104,3.366889981
Mongolia,MNG,"Agriculture, forestry, and fishing, value added (% of GDP)",NV.AGR.TOTL.ZS,,,,,,,,,,,,,,,,,,,,,,16.74278822,18.0364148,18.41536439,17.20092907,16.40070327,18.66952831,16.41756811,16.62938028,15.51500748,12.47383664,11.81156982,25.55710631,25.70936523,27.48261385,32.54282457,38.47700456,32.23688385,32.43336876,31.69783307,27.42253062,22.96888751,18.91912528,18.43951721,20.02977653,19.79796049,17.64367084,18.42796539,19.21512478,17.86443807,11.7325632,10.30735682,11.25802456,13.41406247,13.34122109,14.07920318,12.62784369,11.13723327,11.42800452,11.55838286,12.9656563,13.16317419,13.0278534,9.920602813,7.290952103,8.938832786
Northern Mariana Islands,MNP,"Agriculture, forestry, and fishing, value added (% of GDP)",NV.AGR.TOTL.ZS,,,,,,,,,,,,,,,,,,,,,,,,,,,,,,,,,,,,,,,,,,,,,,,,,,,,,,,,,,,,,,,,,,
Mozambique,MOZ,"Agriculture, forestry, and fishing, value added (% of GDP)",NV.AGR.TOTL.ZS,,,,,,,,,,,,,,,,,,,,,,,,,,,,,,,,33.93580468,29.71481091,33.09767076,30.16835858,31.34655392,30.95381146,30.18163694,26.98640376,22.79818656,19.03917485,18.22572862,22.73417735,22.72283054,22.49012891,22.92140599,24.11339172,24.01621736,26.84575173,27.91060172,27.30937709,26.484873,25.51770665,24.25290908,24.65546716,23.56631649,23.62728109,26.07496047,25.5425598,24.76978181,26.88197441,26.89459135,25.63826626,25.363819,25.16884273,25.57004865
Mauritania,MRT,"Agriculture, forestry, and fishing, value added (% of GDP)",NV.AGR.TOTL.ZS,,33.47136145,32.72530375,33.07536268,26.86147273,24.89817366,24.95415674,25.08642728,23.83589782,20.12031483,22.67379516,21.72236451,21.33072388,28.81367879,25.73867128,21.96473329,21.02539268,21.9239975,23.47425804,21.78004643,23.50668755,24.18611913,24.73757747,24.86187499,21.06454347,16.50132356,19.65136785,23.89213559,24.11612805,23.7691249,21.88606934,28.5916901,28.54553789,28.64725529,27.9385376,28.13397967,27.19802956,25.04665481,25.94134021,26.27665563,24.8287453,24.86895971,24.23001696,24.17884985,22.91789922,20.07019672,16.60714389,18.43251928,18.5594231,19.17818215,16.7330487,14.51589474,16.08596076,16.28260111,18.81425607,20.62954561,21.73921335,22.71883007,23.655966,19.95788245,19.15234017,19.14858113,21.23020139,19.16160765,19.33106483,19.9526938
Mauritius,MUS,"Agriculture, forestry, and fishing, value added (% of GDP)",NV.AGR.TOTL.ZS,,,,,,,,,,,,,,,,,19.67556195,17.02545294,15.40460705,15.80810016,10.36975141,12.14908844,12.87568073,11.32599786,11.92852927,12.60558076,12.57184781,11.98054692,10.801814,10.26332796,10.74278177,9.836459904,9.879626215,9.029413612,8.550958911,9.075920697,8.942677326,8.198655989,8.019679203,4.929974137,5.629217647,6.066321365,5.122449322,5.108662836,5.206085687,4.911811067,4.831590249,4.308675221,4.019600018,3.823824432,3.591109802,3.653123322,3.606694772,3.292653218,3.15422608,3.032833216,3.057569823,2.955219894,2.525932128,2.668627459,3.098940651,3.24137134,3.555132548,4.012652863,4.232092248,4.616326476
Malawi,MWI,"Agriculture, forestry, and fishing, value added (% of GDP)",NV.AGR.TOTL.ZS,,,,,,,,,,,,,,,,,,,,,32.62946806,29.90199468,30.96557027,31.76333412,31.32140013,31.71800957,32.25582194,35.82210384,36.12264242,33.72298151,32.00793802,32.97698118,29.05517319,37.24807768,18.58226455,22.34434226,26.13181313,25.21073263,26.7744213,28.61224109,29.66088901,29.34634008,32.2871848,30.12817885,28.873304,27.37667823,25.67387761,22.88248725,24.93235632,25.30930213,24.63214006,23.93141331,23.52928544,23.84928703,23.87344165,22.99483637,22.19290777,22.92623198,21.63259351,22.94739918,25.01501101,25.53283043,27.59755188,28.86938041,31.78724659,30.03126245
Malaysia,MYS,"Agriculture, forestry, and fishing, value added (% of GDP)",NV.AGR.TOTL.ZS,43.71593249,45.38215218,42.96866166,35.12365305,33.27378405,31.00663757,31.54123558,31.59812334,31.33851103,33.13687912,32.58028405,28.42619066,28.26248101,28.93644715,32.46534036,30.71694161,29.40182553,28.21446135,26.38947421,24.87528584,23.02726814,21.82103241,21.50166073,20.22308855,20.34569441,20.28147851,20.18450261,19.96053524,20.07145177,18.08178043,15.21653328,14.35570291,14.57241077,13.78735612,13.66103724,12.94943656,11.68043447,11.10133253,13.31224426,10.84238805,8.599021888,8.010970591,8.985081404,9.306085216,9.271002093,8.262291704,8.609982841,9.98677368,9.968582335,9.219100044,10.08991593,11.45335312,9.793750746,9.113363845,8.873209013,8.287495083,8.462518856,8.598277535,7.512056931,7.241314016,8.165970899,9.566214588,8.961849227,7.765309321,8.128467822,8.215891696
North America,NAC,"Agriculture, forestry, and fishing, value added (% of GDP)",NV.AGR.TOTL.ZS,,,,,,,,,,,,,,,,,,,,,,,,,,,,,,,,,,,,,,1.405398973,1.28910013,1.226558596,1.216559714,1.192517908,1.04317679,1.183932965,1.323959361,1.199470139,1.059714053,1.121946036,1.120692213,1.01109456,1.074131117,1.258480686,1.215939312,1.374594113,1.206819589,1.094548858,1.006422136,1.013777705,0.960040397,0.897144739,0.999704475,0.994211661,,,,
Namibia,NAM,"Agriculture, forestry, and fishing, value added (% of GDP)",NV.AGR.TOTL.ZS,,,,,,,,,,,,,,,,,,,,,8.023447993,8.741123781,8.458458807,8.058677301,7.933240476,7.391950566,7.747895305,9.134995318,9.165039762,8.457990077,9.05537471,9.973326526,7.083253148,7.420324401,10.12916002,9.447366191,9.329859553,8.510223824,8.588564582,8.766234059,10.73102477,9.67546592,10.03914318,10.21534323,8.939778917,10.36848875,9.646471039,8.440713665,7.531686571,8.148144593,8.455369441,8.113627203,8.0544752,7.821464901,8.138935754,6.650426796,6.720117635,7.676156089,7.768297568,7.083976738,9.158178089,9.563003795,8.758893665,7.607878687,7.154345495,6.989131884
New Caledonia,NCL,"Agriculture, forestry, and fishing, value added (% of GDP)",NV.AGR.TOTL.ZS,,,,,,,,,,,,,,,,,,,,,,,,,,,,,,,3.624209765,3.618932231,3.619411408,3.702684015,3.876145882,3.547264732,3.483644507,3.674912874,2.21645365,2.163765221,2.18957397,2.360202937,1.890358715,1.74345821,1.786860543,1.548692485,1.727125863,1.272001751,1.387632776,1.416649322,1.344741391,1.368228301,1.644436914,1.713291467,1.772455341,1.913341037,1.926708117,2.011901973,,1.786138614,,,,,,
Niger,NER,"Agriculture, forestry, and fishing, value added (% of GDP)",NV.AGR.TOTL.ZS,75.32407003,73.88716501,75.99760963,72.94795443,74.3240386,67.70391961,66.87473439,70.70632571,69.16820718,66.41938091,64.87511187,65.46078092,62.46013645,60.27145111,63.79496479,50.31146282,47.02771859,51.78719519,52.68034939,48.68450092,43.05660591,45.65180487,44.29864469,41.58055549,35.7713392,36.7428931,34.72853994,35.210848,35.35041061,34.07162501,29.44224837,31.58085187,33.15940978,34.07709255,31.16929417,30.73058097,32.32870033,30.23252473,35.41378097,35.00259458,36.57556007,40.18192773,41.36693517,41.1955263,37.37172856,39.28052013,39.74507858,37.09450644,38.77500623,34.78481027,35.82138796,33.64676428,33.68099382,32.23501073,33.42904423,32.41699527,37.20795141,38.26071371,37.67921916,36.1554961,38.83445698,38.13994272,41.45717493,43.98808896,47.9692032,47.5890199
Nigeria,NGA,"Agriculture, forestry, and fishing, value added (% of GDP)",NV.AGR.TOTL.ZS,,,,,,,,,,,,,,,,,,,,,,12.24040925,13.50269014,14.99073289,18.30836066,18.22763997,18.02042516,20.55210632,23.37164885,21.27559734,21.55626328,20.88528311,20.32115887,23.49113048,25.17384878,25.48650645,26.1991592,27.41665114,27.90837138,26.02848571,21.3572413,24.47535466,36.96508267,33.82706055,27.2304536,26.08928283,24.73499126,24.66257721,25.27975078,26.74885451,23.89370409,22.23471099,21.85995862,20.75862283,19.99025477,20.63189348,20.98310971,20.84657143,21.20377372,25.73493057,28.34542044,29.38827804,28.55155222,27.71829128,25.87333436,22.97905579
Nicaragua,NIC,"Agriculture, forestry, and fishing, value added (% of GDP)",NV.AGR.TOTL.ZS,,,,,,,,,,,,,,,,,,,,,,,,,,,,,,,,,,,19.01922159,20.08038646,21.40552975,19.95677134,19.19095088,17.00021697,17.76550514,16.81332947,16.43011199,15.62590256,15.96882227,16.13789807,15.89966255,16.46133831,16.26278988,16.067651,16.9826368,18.88478839,17.61158347,16.49091121,16.70901738,16.10992924,14.91533923,14.9964086,15.32221132,15.52978407,15.90677998,15.72991489,16.80302568,15.32856587,14.5216291,14.47701584
Netherlands,NLD,"Agriculture, forestry, and fishing, value added (% of GDP)",NV.AGR.TOTL.ZS,,,,,,,,,,5.635064176,5.175384034,4.809127308,4.754058398,4.68291709,4.046488886,4.332804806,4.326812514,3.664570178,3.537277449,3.5029832,3.450056622,3.872613791,3.980134225,3.807584509,3.78379697,3.804930852,3.928747312,3.882348172,3.835231574,4.150459507,4.018093032,3.906174551,3.643628249,3.190586914,3.217438249,3.108789451,2.88213148,2.974354813,2.565602689,2.338965543,2.310749219,2.235469757,2.087488392,2.067776136,1.874624934,1.87119659,1.959846385,1.831801212,1.65239007,1.5659192,1.787808193,1.598443933,1.696970065,1.844742903,1.800989351,1.805985626,1.863991391,1.967874214,1.75987237,1.75880699,1.737372055,1.654646402,1.641947234,1.75149243,1.731097247,1.683230772
Norway,NOR,"Agriculture, forestry, and fishing, value added (% of GDP)",NV.AGR.TOTL.ZS,,,,,,,,,,,5.125305993,5.095877043,4.607007992,4.465472988,4.411813805,4.132825373,4.419553081,4.450166671,4.244234853,3.794129935,3.640900745,3.630961706,3.429395099,2.969687232,3.080487998,2.868527886,3.1388194,3.207315473,3.098146524,2.916728651,2.995207882,2.928065862,2.644706255,2.625477993,2.620276889,2.605770286,2.242119079,2.079092451,2.220926323,2.007794621,1.747475972,1.502808035,1.411475814,1.186210892,1.265872265,1.298555654,1.302692001,1.128182517,1.014528136,1.157931671,1.43735584,1.214050661,0.991694684,1.154232675,1.282476452,1.362678475,1.888068839,1.772062438,1.660533673,1.615972764,1.667580752,1.458059041,1.517564766,1.644165062,1.699359083,1.642003984
Nepal,NPL,"Agriculture, forestry, and fishing, value added (% of GDP)",NV.AGR.TOTL.ZS,,,,,,64.58407648,68.69300568,66.23538322,67.39160414,66.42454686,66.86815807,66.83821697,67.84646088,65.33252722,68.41817725,69.00609461,66.08600762,60.12152894,58.8688401,60.1620533,57.89902179,56.79862201,57.16728978,56.52251303,57.29880913,48.85802602,48.69715024,47.95033196,47.79210985,47.68956749,48.80289317,44.72338673,42.66526274,39.89594836,40.44170782,39.04140527,38.92765745,38.78073387,37.39300969,38.70148172,38.24389704,35.24767001,36.15029503,35.10587509,34.67635711,33.82489668,32.36648504,31.16441132,30.30571637,31.32265206,33.17937849,30.80548548,30.07605696,28.62265753,27.46189536,26.51850843,25.51787537,23.69954846,22.33467205,21.58337276,22.18009019,22.02145228,20.91436998,21.29871311,21.67365209,21.5578138
St. Kitts and Nevis,KNA,"Agriculture, forestry, and fishing, value added (% of GDP)",NV.AGR.TOTL.ZS,,,,,,,,,,,,,,,,,,10.46279341,8.631153068,8.04431296,8.423501407,5.773809524,8.154654267,6.309686221,6.648386733,4.931269185,5.846677058,5.910959591,5.443198147,4.251635244,3.499829526,3.786988211,3.984581734,3.853174938,3.233659167,2.896941199,2.782676205,3.050904485,2.264548831,1.75160252,1.54557603,1.73631881,1.785590432,1.780050182,1.782074045,1.660969914,1.188560394,1.1552494,1.223943575,1.122198092,1.26846576,1.334691798,1.16601838,1.083734246,0.937876843,0.848520023,0.78979992,0.902993861,0.916165522,0.899635933,1.126712171,1.2397122,1.186100398,1.396714686,1.287927536,1.289630072
New Zealand,NZL,"Agriculture, forestry, and fishing, value added (% of GDP)",NV.AGR.TOTL.ZS,,,,,,,,,,,,11.40773158,13.16056911,11.90088034,8.239366963,9.922725676,10.78487539,9.454708176,8.956570784,11.41766525,9.960142822,8.52086743,7.179456266,7.434642732,8.31159507,7.303778317,5.949648853,6.095541792,6.510115916,6.768447151,5.988676816,6.888517383,6.717303887,7.326041975,6.507726269,6.450808429,6.437127229,6.077374422,5.946117986,6.275777407,7.75290181,7.981384797,5.852893528,5.729332466,5.365588545,4.517697024,4.983605032,6.068365538,5.001027175,5.7369937,6.571305235,6.277991155,5.508099201,7.032357261,4.774789245,4.469601776,5.548208859,5.915374746,5.668645976,5.687590627,5.69753974,5.774865009,4.576256985,4.008527252,,
OECD members,OED,"Agriculture, forestry, and fishing, value added (% of GDP)",NV.AGR.TOTL.ZS,,,,,,,,,,,,,,,,,,,,,,,,,,,,,,,,,,,,2.187885648,2.177578022,2.007276414,1.932402431,1.801470009,1.731862877,1.670765222,1.601905958,1.622494814,1.681275633,1.543379941,1.449701492,1.494454842,1.483830429,1.402485211,1.507954305,1.597363609,1.568110691,1.630163433,1.54058993,1.463263898,1.416158604,1.460502834,1.37548749,1.330971976,1.393237028,1.378882701,1.429636743,1.437155827,1.431827652,
Oman,OMN,"Agriculture, forestry, and fishing, value added (% of GDP)",NV.AGR.TOTL.ZS,,74.23312883,61.19402985,60.28037383,60.18099548,60.61946903,58.67768595,36.8556701,19.18678526,16.1,15.54307116,13.42925659,12.07386364,9.858323495,3.236587511,2.789285113,2.06943345,2.54541587,3.243528448,3.125242342,2.545859349,2.476767739,2.533149286,2.93806354,2.921001674,2.772071031,3.427815583,3.50935618,3.833152427,3.24952825,2.270506858,2.311207747,2.050022004,2.103589444,2.223400495,2.436643949,2.198442707,2.29949685,2.797860269,2.581416716,1.96522877,2.044951453,2.026227068,1.929527555,1.689929159,1.4151358,1.225330002,1.200226153,0.973923152,1.288334639,1.24729892,1.100416809,1.015510865,1.142265561,1.112707195,1.729760807,1.985322117,1.984599252,1.849420191,1.994719339,2.469233088,2.392184894,2.108271147,2.415598589,2.603110688,2.808326711
Other small states,OSS,"Agriculture, forestry, and fishing, value added (% of GDP)",NV.AGR.TOTL.ZS,,,,,,,,,,,,,,,,,,,,,,,,,,,,,,,,,,,,5.9648044,5.970694217,5.467481361,5.93736012,5.182198261,4.984295366,5.079426795,5.004420295,4.693258473,4.356653373,4.063760234,3.762658228,3.657180855,3.512005918,3.507031571,3.749763563,3.771853268,3.741843338,3.633361739,3.546305522,3.589475849,3.355963342,3.24186893,3.099352315,3.149103031,3.383727705,3.172040835,3.183429937,2.967514524,2.885907202,2.934507564
Pakistan,PAK,"Agriculture, forestry, and fishing, value added (% of GDP)",NV.AGR.TOTL.ZS,43.1892013,41.72742569,40.02923264,38.84001451,38.3240539,36.96830175,33.83689668,35.05317054,36.54167537,33.95003507,33.43176059,31.96629324,32.80229729,32.45866177,31.87668838,30.16018636,29.40842564,29.36132703,28.6768292,27.77980145,26.54550579,27.46229277,28.44776792,27.27320129,24.90459788,25.68912459,25.03265103,23.63545213,23.15332349,23.91363374,23.06707339,22.84244562,23.31001292,22.19793997,22.75282452,23.42187937,23.19579581,24.48425079,25.30313827,25.16928551,25.38713604,24.1449605,22.70262754,22.15193734,22.00189001,21.5745097,20.41834605,19.93795143,20.35136528,21.78692297,22.68881017,23.81964298,23.38619553,23.70759459,23.49273201,23.26284078,22.3283302,21.96320354,21.65123536,20.67787132,21.85413255,22.66250808,22.3268647,23.4267036,23.73196719,23.02129491
Panama,PAN,"Agriculture, forestry, and fishing, value added (% of GDP)",NV.AGR.TOTL.ZS,,,,,,,,,,,10.82753568,10.57112552,10.01956064,9.478755648,8.271748451,8.282838271,8.76046808,9.440934047,8.72367662,8.056248967,7.403760363,7.252131985,6.760746823,7.234276821,6.757089492,6.864776062,7.337061854,7.419783744,7.960473359,8.503860238,8.074135289,7.656276249,6.919693263,6.59005946,6.460789927,6.485933604,6.862216619,6.646882174,6.661808214,6.13051537,6.312135456,6.695230339,6.614810845,6.719190329,6.206904471,5.723390519,5.291808348,4.752648538,4.444230485,3.783061234,3.63600329,3.279224618,3.128776879,3.053950749,2.986677556,2.949616302,2.780545889,2.572621885,2.446181701,2.455080778,3.064188404,2.802892158,2.603703071,2.496274908,2.68214079,2.618209072
Peru,PER,"Agriculture, forestry, and fishing, value added (% of GDP)",NV.AGR.TOTL.ZS,19.05451824,19.15635254,18.16816283,17.08367166,16.50746863,16.07628123,16.15678714,16.83248019,16.70975155,16.00105363,16.71561985,15.96055655,15.02058831,14.87420686,14.61005359,14.83788831,13.9689829,27.94337556,11.65864721,9.774950136,,,,,,,,,,,,7.86239612,7.818050407,8.291640497,8.41558547,8.038216243,8.504048493,8.048158549,8.378335158,8.264501734,8.069374917,7.893626696,7.523963236,7.312919344,6.934433062,6.854264623,6.60348433,6.705808385,7.160941146,7.403906656,6.827997236,7.100110137,6.725234241,6.668310165,6.804247414,7.04564406,6.935034617,6.77975956,6.885842851,6.853031035,7.715846373,7.120231373,7.171122734,7.223159554,7.471210843,
Philippines,PHL,"Agriculture, forestry, and fishing, value added (% of GDP)",NV.AGR.TOTL.ZS,23.70818864,23.64538165,23.80502357,24.40456161,23.75972784,24.26698616,24.24955486,24.43063987,26.12838646,26.79085744,26.35887827,27.05289607,26.21745069,27.19911785,27.63000311,26.94469022,25.91656233,25.38149293,24.91105774,24.18173258,22.03158341,21.80806218,20.42304853,19.52398096,21.68529695,21.59446502,21.02938391,21.07943536,20.1104545,19.86511011,19.15984289,18.33846147,19.10732173,18.9079535,19.26003585,18.92514588,18.0136454,16.44910207,14.74667331,15.19435542,13.94109521,13.3028093,13.44841341,13.15094766,13.98440369,13.517547,13.36124911,13.60650762,14.51607476,14.54021332,13.74886505,14.09573515,13.09580701,12.4734251,12.27168162,10.99649915,10.20512553,10.18295413,9.650140358,8.820323747,10.18531103,10.06916402,9.551768044,9.400366529,9.08729576,8.591709844
Palau,PLW,"Agriculture, forestry, and fishing, value added (% of GDP)",NV.AGR.TOTL.ZS,,,,,,,,,,,,,,,,,,,,,,,,,,,,,,,,,,,,,,,,,3.889697267,3.68688544,3.825186899,3.856779543,3.893576941,4.200030584,4.793020007,4.087795961,4.267805096,4.233202891,4.077597845,3.995930017,3.849283747,3.974669108,3.530525551,3.033068261,3.06745751,3.475575186,3.458334413,3.390021067,3.309640156,3.415379201,3.304147232,3.046957934,2.730964386,
St. Lucia,LCA,"Agriculture, forestry, and fishing, value added (% of GDP)",NV.AGR.TOTL.ZS,,,,,,,,,,,,,,,,,,,,,,,,,,,,,,,,,,,,,,,,,,,,,,,2.980427465,2.914587792,3.589771332,3.648633682,2.690608729,2.345439947,2.368857702,2.623877441,2.216905226,2.152590956,2.077077226,1.561723956,1.628874057,1.736603346,1.956823326,1.633016627,1.609272475,1.25466517,1.450120133,1.657743573
Poland,POL,"Agriculture, forestry, and fishing, value added (% of GDP)",NV.AGR.TOTL.ZS,,,,,,,,,,,,,,,,,,,,,,,,,,,,,,,,,,,,5.735880432,5.300206657,4.623344821,4.018378925,3.355566942,3.190500074,3.324950179,2.80941627,2.691761539,3.333585821,2.967603718,2.745918249,3.094087084,2.643094995,2.62640625,2.915548157,3.171807012,2.985621134,3.226525369,2.971199022,2.483636942,2.623796866,2.98537286,2.415641369,2.370297446,2.568444235,2.245523044,2.806069304,2.765371095,2.540323728,2.453666015
Pre-demographic dividend,PRE,"Agriculture, forestry, and fishing, value added (% of GDP)",NV.AGR.TOTL.ZS,,,,,,,,,,,,,,,,,,,,,,15.84170403,16.32371278,16.67175017,18.55523569,18.33759104,21.45622759,23.15452675,24.64172181,24.84143119,18.96922275,28.5808815,25.02136289,25.85317766,26.81115287,26.87555975,26.16505784,26.36526293,26.92248881,22.85793203,20.03621292,21.83083553,25.98209883,25.39609672,21.98762469,21.11160616,19.91377598,19.69798619,19.26594186,20.56117652,19.52248959,17.65547655,17.07975119,16.83789422,16.94252262,18.10220473,18.40998205,18.00712011,17.28534506,19.78375701,22.15864763,21.48849863,20.50797827,20.04368367,18.60392579,19.29628698
Puerto Rico (US),PRI,"Agriculture, forestry, and fishing, value added (% of GDP)",NV.AGR.TOTL.ZS,9.693244282,,,8.994686322,7.453802762,6.153045289,5.393471061,4.812183316,4.27987924,3.490483556,3.171986414,3.125664093,2.964180189,2.600536959,3.720331043,3.303123818,3.183328502,2.67785973,2.94312584,2.723137255,2.634368008,2.298238247,2.314455805,2.265492053,1.798294595,1.759063935,1.693829427,1.711493478,1.516724905,1.524437879,1.418445788,1.391580415,1.212806194,1.113956233,0.930194356,0.746588339,0.828612883,0.967065023,0.807411845,0.580729932,0.660110402,0.587789921,0.533623741,0.563162692,0.626600481,0.594971397,0.590822137,0.480571207,0.55394391,0.588365897,0.835524637,0.792213784,0.803821797,0.826451928,0.846398779,0.826985117,0.805660904,0.818676214,0.707917443,0.682321472,0.661004607,0.673046024,0.663980528,0.70561174,0.700867504,0.685792994
"Korea, Dem. People's Rep.",PRK,"Agriculture, forestry, and fishing, value added (% of GDP)",NV.AGR.TOTL.ZS,,,,,,,,,,,,,,,,,,,,,,,,,,,,,,,,,,,,,,,,,,,,,,,,,,,,,,,,,,,,,,,,,,
Portugal,PRT,"Agriculture, forestry, and fishing, value added (% of GDP)",NV.AGR.TOTL.ZS,,,,,,,,,,,,,,,,,,,,,,,,,,,,,,,,,,,,4.800441728,4.590746117,3.831063444,3.541716439,3.289172486,3.109748284,2.960749574,2.722890862,2.651180796,2.60214118,2.303493354,2.253137515,1.99815594,1.963771852,1.950626212,1.94034871,1.83843906,1.920046873,2.041887065,1.976591015,1.975412501,1.922358408,1.963673452,1.918174709,1.999918458,2.140896925,2.162046298,1.905436762,2.137210694,2.019185186,1.960149135
Paraguay,PRY,"Agriculture, forestry, and fishing, value added (% of GDP)",NV.AGR.TOTL.ZS,,,37.00272839,38.19771769,37.57482702,36.70829457,35.68362236,32.89624176,32.49110757,32.55389269,32.06577595,33.1983854,34.46371996,37.70179453,35.29720207,36.90630596,34.55007498,34.11263524,32.06745168,31.39572697,29.46459955,27.76732812,25.86630305,24.78703796,26.41778814,25.54799016,22.70748415,21.63662644,22.58074644,21.11036742,18.60193589,16.0012444,14.94895785,16.71891273,18.16377248,18.4437831,18.36501195,16.42797372,14.80093731,14.00455833,12.85665776,11.37331719,11.00964326,13.00894327,13.93335049,12.71395283,11.7935958,12.70973478,13.41764549,9.947938156,13.01447978,13.79622635,10.0422289,12.86483958,11.77085651,9.440420725,10.69651341,10.18482448,9.950203385,9.667473664,10.72799028,11.28272543,10.92657496,11.70506395,11.2466028,11.64112521
West Bank and Gaza,PSE,"Agriculture, forestry, and fishing, value added (% of GDP)",NV.AGR.TOTL.ZS,,,,,,,,,,,,,,,,,,,,,,,,,,,,,,,,,,,13.26275806,11.81917875,13.01618958,11.41816054,11.71394857,10.6504027,9.681008902,8.472163249,8.031947804,6.980846774,11.14031848,8.989991611,11.3867958,8.925838678,10.12803677,10.0213958,9.002737179,8.342496491,8.105894302,7.598682994,7.835050073,7.408891815,7.603827229,7.040550595,7.359645135,7.054016984,7.101605104,6.316748578,5.745219274,4.876281855,5.520419057,
Pacific island small states,PSS,"Agriculture, forestry, and fishing, value added (% of GDP)",NV.AGR.TOTL.ZS,,,,,,,,,,,,,,,,,,,,,,,,,,,,,,,19.62033272,22.16859294,23.32503086,22.99998197,22.24156175,21.00242656,20.73622178,19.37700975,19.22042817,19.43260677,18.26912974,15.67575983,16.0505496,16.1209821,16.01067556,15.35570179,15.35075872,15.33303317,14.79492602,15.04116045,15.0144273,15.12768279,15.64770252,16.06425363,14.88182309,14.27238695,15.93527527,16.05937199,16.20378989,16.99173832,19.33581086,20.34242721,18.28083535,17.13425888,17.08919975,
Post-demographic dividend,PST,"Agriculture, forestry, and fishing, value added (% of GDP)",NV.AGR.TOTL.ZS,,,,,,,,,,,,,,,,,,,,,,,,,,,,,,,,,,,,,,1.807211122,1.705618613,1.623773344,1.570089408,1.53774276,1.455105098,1.477760943,1.53048616,1.373921324,1.282773347,1.316894361,1.311797012,1.222274616,1.290503253,1.396799256,1.373222238,1.449998791,1.355246979,1.275769202,1.232997997,1.275913047,1.211061784,1.15697596,1.219167536,1.226681309,,,,
French Polynesia,PYF,"Agriculture, forestry, and fishing, value added (% of GDP)",NV.AGR.TOTL.ZS,,,,,,,,,,,,,,,,,,,,,,,,,,,,,,,1.143249832,1.264654061,1.181404276,2.129430415,3.20891958,2.524033413,3.729960867,3.670735814,3.924086509,4.361029311,4.515121298,,,,,3.05963576,2.948036582,2.550766806,2.26578407,2.303021051,2.269670017,2.492380528,2.637705554,3.022173182,3.177711143,3.228458901,3.217080818,3.056499972,2.852400417,2.250478262,2.215701088,,,,,
Qatar,QAT,"Agriculture, forestry, and fishing, value added (% of GDP)",NV.AGR.TOTL.ZS,,,,,,,,,,,,,,,,,,,,,0.523322751,0.54485555,0.685796788,0.826096166,0.823736404,0.950977766,1.288533681,1.195460277,1.055553028,0.906165312,0.783816064,0.949872286,0.966513366,1.078694818,1.054278583,0.982377962,0.879427462,0.705184321,0.685775516,0.583006362,0.372799554,0.37593985,0.256795869,0.234640393,0.181799294,0.133258478,0.121835107,0.109942754,0.124647864,0.123319456,0.117906663,0.096610131,0.094196462,0.096022952,0.117168463,0.161318389,0.18387227,0.214741537,0.218257646,0.260005315,0.338750396,0.29823968,0.256559618,0.292779131,0.29060906,0.306001374
Romania,ROU,"Agriculture, forestry, and fishing, value added (% of GDP)",NV.AGR.TOTL.ZS,,,,,,,,,,,,,,,,,,,,,,,,,,,,,,,21.80906866,18.87109215,19.03901015,20.99142535,19.88540057,18.16282553,17.5390992,17.51051957,14.37943995,12.64911186,10.85391805,13.1496004,11.34243769,11.91438409,12.70551146,8.486104289,7.820806587,5.501500971,6.301930566,6.116142633,5.177246634,5.950888486,4.540797248,5.509725569,4.948340945,4.425929684,4.292175373,4.438842837,4.506608893,4.311478313,4.071844262,4.61633972,3.818032933,3.324169099,2.811435284,3.001140312
Russian Federation,RUS,"Agriculture, forestry, and fishing, value added (% of GDP)",NV.AGR.TOTL.ZS,,,,,,,,,,,,,,,,,,,,,,,,,,,,,,15.60209424,15.46103695,13.77189846,7.263364019,7.557203778,6.109561032,6.692231083,6.549375242,5.869762144,5.103393148,6.580647609,5.751715628,5.875721568,5.565713753,5.502946052,4.904441948,4.255916006,3.861312471,3.778901706,3.753341188,4.084448697,3.343898249,3.150725721,2.926030878,2.993600488,3.360605488,3.873104487,3.840217285,3.55363209,3.394253381,3.530302914,4.006351634,3.67156379,3.418909016,3.019393168,2.905753187,3.057357525
Rwanda,RWA,"Agriculture, forestry, and fishing, value added (% of GDP)",NV.AGR.TOTL.ZS,,,,,,74.79170361,74.86692043,65.85108621,65.28338285,65.79065748,61.61891647,61.1785886,59.55947347,61.02459431,59.13528283,49.21356729,49.21609963,46.46098264,42.41825692,49.03816191,45.84683655,40.73711832,39.78374881,38.20267386,40.83752644,41.83583629,37.52634621,37.70910671,39.22077184,40.30891084,32.54599393,32.13270694,33.23761507,33.73489259,49.75874611,44.00044946,47.18929222,45.96095226,45.51746118,31.54569691,31.18498718,31.7940006,30.19468657,33.03536724,33.89526182,33.77561653,29.05207958,25.10191544,23.91091858,24.41070304,23.40809825,22.91646299,23.78886586,23.89171032,23.67877515,23.11079188,24.29547888,25.63424907,23.26424969,21.55830906,24.18916941,21.43163272,21.92855374,23.13730576,20.79328709,20.30367858
South Asia,SAS,"Agriculture, forestry, and fishing, value added (% of GDP)",NV.AGR.TOTL.ZS,43.23916986,42.86992756,40.93794535,41.68240718,42.55954705,40.55694941,42.05044986,44.27127774,43.45795949,43.20279459,41.9657343,39.98331024,40.24171398,42.6767138,40.92385185,40.35776396,36.06881411,36.8153849,36.19256396,34.77666118,34.37396469,33.31940114,32.40670185,32.65557312,31.86088747,30.15262878,29.11158981,28.5134397,29.13004289,28.24162483,28.02619625,28.24621923,27.37024837,27.14213786,26.59786855,24.81903679,25.04512249,24.21151146,24.03724012,23.00973634,21.82012759,21.71782597,19.63402699,19.55813719,17.93213151,17.66897781,16.86487831,16.78508644,16.84944867,16.76001344,16.89301589,17.03664602,16.61438397,16.7917604,16.45713784,15.8639854,15.84015833,15.98095243,15.46353007,16.02028628,17.62729471,16.55325176,17.18791694,16.75792517,16.71843394,15.59887539
Saudi Arabia,SAU,"Agriculture, forestry, and fishing, value added (% of GDP)",NV.AGR.TOTL.ZS,,,,,,,,,4.934996099,4.919251112,4.227622118,3.291249186,2.808568005,2.192982456,0.829942437,0.915334589,0.774541914,1.14751779,1.499609706,1.184237826,0.953631931,0.971819169,1.552345746,2.11029649,2.701407635,3.603335477,4.842556363,5.614290922,6.230806701,6.25628387,5.636002497,5.365365042,5.542526792,5.99861436,6.085968828,5.848701613,5.367802609,5.351919605,6.140717431,5.654319725,4.900933049,5.134855673,5.037537516,4.471881761,3.868355933,3.185401671,2.919961941,2.742767478,2.292690785,2.830434331,2.619122385,2.152888291,2.062095148,2.147832871,2.279404192,2.753870317,2.918022994,2.835257009,2.413961544,2.453846565,2.955569746,2.448127927,2.214791591,2.457692453,2.506746717,2.589956513
Sudan,SDN,"Agriculture, forestry, and fishing, value added (% of GDP)",NV.AGR.TOTL.ZS,51.42784294,51.50305308,49.88108108,44.84590861,41.82871328,41.94124653,35.1325208,34.85795962,32.54022595,34.50956008,38.1649118,38.81777108,38.53805228,39.84134391,39.6010156,35.81040848,34.3776865,35.60431985,34.74349782,32.1293144,29.91353694,33.37992313,34.10533911,31.19111709,28.60645418,31.46633272,34.51774638,31.61163175,39.37287887,37.36901382,39.01958906,40.1843516,38.54295443,39.90006845,34.53070431,37.28028116,42.38485196,45.04224916,44.3945906,43.26549942,40.68217391,35.78077462,37.66274226,38.41661101,34.00607686,33.19992047,31.82010796,35.66751437,36.18316332,33.50668057,30.60000001,30.59999999,30.6,30.6,31.9,31.4,31.6,31.8,22,20.2,20.4,20.2,26.4,30.27567601,22.1813816,29.35709396
Senegal,SEN,"Agriculture, forestry, and fishing, value added (% of GDP)",NV.AGR.TOTL.ZS,23.28675331,23.68080626,22.54462733,23.29377695,23.72780335,24.98596676,25.54105973,23.38996241,25.46277182,23.07162909,23.71914204,20.64979506,24.26832184,22.26364875,23.48955479,29.77939452,29.75666326,26.99630651,20.79958183,23.62593011,18.51957652,20.66362305,21.19901185,17.02754186,18.42825824,21.32741123,22.02123092,22.62280867,19.2870748,21.17534677,18.46614165,18.69641193,17.14343299,19.1653614,17.74000795,19.47016467,18.3370626,18.19140422,17.83192777,17.37601174,16.4392452,16.25243231,13.38078013,15.49109984,14.20179954,15.18039641,13.39515159,12.24591057,14.68662702,16.10773362,15.94526154,12.94706104,14.09769235,13.72488038,13.36876508,14.28257673,14.41402039,15.00453958,14.98751956,14.89627212,16.14877948,15.55126462,16.3333232,17.41125121,15.56976894,17.08389126
Singapore,SGP,"Agriculture, forestry, and fishing, value added (% of GDP)",NV.AGR.TOTL.ZS,3.703532029,3.511769983,3.589926067,3.250266999,3.331871986,3.070116638,3.271362174,3.044935223,3.04967464,2.81227245,2.564931199,2.584452878,2.212639871,2.286544307,2.01069252,2.155338816,2.043536798,1.991659125,1.665448755,1.549107903,1.509493769,1.463165525,1.343389874,1.178464449,1.069963384,0.9211312,0.716998388,0.550609776,0.416976248,0.355904972,0.323439581,0.250054747,0.197361758,0.172788647,0.173159173,0.144861979,0.150025188,0.132916825,0.111378367,0.111245962,0.092131733,0.082356656,0.0710328,0.061134072,0.05564899,0.055048114,0.048865424,0.042867997,0.041432188,0.040687761,0.036148989,0.034607601,0.033272727,0.034375217,0.034540851,0.032613514,0.031344241,0.030663495,0.030049209,0.032175727,0.032665982,0.03017085,0.025684678,0.028889944,0.026322751,0.024622269
Solomon Islands,SLB,"Agriculture, forestry, and fishing, value added (% of GDP)",NV.AGR.TOTL.ZS,,,,,,,,,,,,,,,,,,,,,,,,,,,,,,,38.46302552,62.53202324,64.67323432,60.51951024,51.79198613,46.77659302,43.25802033,42.62786072,36.69543411,33.59829241,34.40592836,23.90118813,30.0235634,35.82678486,35.54105814,31.24550818,30.69605337,30.81666488,31.53818119,30.43181743,32.46432473,32.82228688,33.33786597,33.61802593,34.75789474,33.22306408,34.44680957,33.28020673,33.96852592,32.67148929,34.11952673,34.4855546,31.9698479,30.52563771,29.72599017,
Sierra Leone,SLE,"Agriculture, forestry, and fishing, value added (% of GDP)",NV.AGR.TOTL.ZS,,,,,34.83711145,31.04791586,30.96569724,34.22406968,32.43198015,26.76356162,25.99382888,28.47094529,29.6778106,29.46218469,32.22527413,35.66805344,38.61642478,36.38149442,31.97070148,30.01937614,30.37646041,29.3298251,33.59301963,36.56521507,38.57849423,42.79257732,34.73005832,42.4634434,43.31348326,42.50861842,44.02862196,36.7450502,35.88728794,40.30245175,37.39516068,39.95456184,45.21014645,57.39560378,59.40206996,59.86649046,55.01416209,45.79089209,46.85367808,46.90231735,49.1070997,50.10287571,27.54031337,28.39843161,28.99747687,30.47197459,30.54262186,31.58466156,30.65709372,30.12323225,31.9043953,34.30255549,32.57769134,33.33205069,34.98523458,34.54718098,35.12938578,33.64434311,33.75685272,29.05262024,29.15848301,29.53997867
El Salvador,SLV,"Agriculture, forestry, and fishing, value added (% of GDP)",NV.AGR.TOTL.ZS,,,,,,41.37538167,38.68663396,38.50440484,37.3989921,36.24928531,40.44063129,39.1967086,38.05906372,39.82750014,37.28960069,35.33320939,39.33375971,43.0059442,37.03627924,38.90242459,37.95789371,34.38962328,32.59351473,31.18053491,28.94212536,26.91180798,27.42891518,20.75359512,20.97519499,18.31002696,16.01367717,15.79239198,12.96503235,12.72881039,12.46178209,11.52887916,10.8503279,10.91455684,9.468184644,7.933731572,7.172784777,6.686492598,5.822984198,5.488397134,5.727925913,6.171656008,6.046166567,6.993107705,7.090108407,6.668590732,6.981708507,7.330191907,6.514356254,5.613306559,5.866872154,5.52976674,5.732153907,5.393009141,5.13276853,5.146433522,5.354800473,4.812255149,4.558754268,4.644838454,4.505596804,4.402814528
San Marino,SMR,"Agriculture, forestry, and fishing, value added (% of GDP)",NV.AGR.TOTL.ZS,,,,,,,,,,,,,,,,,,,,,,,,,,,,,,,,,,,,,,,,,,,,,,,,,,,,,,,,0.020057836,0.013621986,0.020478236,0.016408544,0.015279745,0.014100787,0.016624953,0.011486543,0.015094342,,
"Somalia, Fed. Rep.",SOM,"Agriculture, forestry, and fishing, value added (% of GDP)",NV.AGR.TOTL.ZS,64.44533551,64.16365413,64.94705891,64.03267113,64.51359142,63.43845254,61.86902002,59.63529527,54.62890625,53.74677225,48.86083823,48.15491289,50.83348271,56.48772819,31.24104442,45.77144118,47.26247816,55.93024744,55.02143021,51.14077667,64.4772486,62.7539012,62.9487142,60.71052279,65.20488808,63.67624989,59.51962736,60.81670804,65.86360603,56.18418194,55.79418318,,,,,,,,,,,,,,,,,,,,,,,,,,,,,,,,,,,
Serbia,SRB,"Agriculture, forestry, and fishing, value added (% of GDP)",NV.AGR.TOTL.ZS,,,,,,,,,,,,,,,,,,,,,,,,,,,,,,,,,,,,14.16063111,15.30858449,14.67144141,14.13471218,15.71118246,14.66697783,12.7777823,8.510139135,7.029041121,7.627097448,6.16013694,6.222232002,5.504865651,6.359773478,5.991595032,6.116509419,6.348004518,6.043640142,6.299651917,6.117375336,5.605953191,5.706640966,5.057786065,5.204686511,4.764748515,5.053737694,5.155864699,5.337942238,3.786533961,3.172270141,3.285001304
Sub-Saharan Africa (excluding high income),SSA,"Agriculture, forestry, and fishing, value added (% of GDP)",NV.AGR.TOTL.ZS,,,,,,,,,,,,,,,,,,,,,,15.22272222,15.37080105,14.77434205,15.99452715,17.10511663,18.93366479,19.42997121,20.32179335,19.6993798,19.43718534,20.34313996,16.53272092,16.84254777,16.9845597,17.96251891,18.97912377,19.6511198,20.54919463,16.37947655,15.42553181,16.44250982,19.6880824,17.22868995,15.14875481,15.06443807,15.19665782,15.66284952,16.91072817,17.25091523,15.8461109,14.73372523,15.0865013,15.28326698,15.55338126,16.32199938,16.66634468,16.01564885,15.69248319,18.23824322,20.16095806,19.69241287,19.89514803,19.31580197,17.99138305,17.92338813
South Sudan,SSD,"Agriculture, forestry, and fishing, value added (% of GDP)",NV.AGR.TOTL.ZS,,,,,,,,,,,,,,,,,,,,,,,,,,,,,,,,,,,,,,,,,,,,,,,,,4.195442824,5.22004161,5.293793483,4.676936817,6.176132174,9.635809346,7.596508444,10.35502745,,,,,,,,,,
Sub-Saharan Africa,SSF,"Agriculture, forestry, and fishing, value added (% of GDP)",NV.AGR.TOTL.ZS,,,,,,,,,,,,,,,,,,,,,,15.21951987,15.36678722,14.77092237,15.98918367,17.0977243,18.92275139,19.41717374,20.30652808,19.68347228,19.42163075,20.32741504,16.51629628,16.82488159,16.96656547,17.94665981,18.96378253,19.63365918,20.52838372,16.35727829,15.40592555,16.42014447,19.65984726,17.20899917,15.13354382,15.05033565,15.18303613,15.6505622,16.89990652,17.24063037,15.837019,14.72568128,15.07819807,15.27408802,15.54373963,16.30989109,16.65124917,16.00175118,15.678988,18.22353019,20.14772809,19.68042412,19.87992254,19.29857647,17.97419002,17.90685847
Small states,SST,"Agriculture, forestry, and fishing, value added (% of GDP)",NV.AGR.TOTL.ZS,,,,,,,,,,,,,,,,,,,,,,,,,,,,,,,6.605792389,6.5305332,6.650533637,6.85117093,6.86730844,6.754855829,6.740637609,5.997642174,5.941013936,5.437989388,5.026118278,4.864032614,4.869411776,4.643797143,4.351375149,4.007387587,4.222360627,4.023149647,3.855279259,4.104439759,4.237138621,4.168022871,4.242183462,4.216014224,4.099174681,4.250956532,4.07816038,4.068670806,3.851416921,3.83548834,4.225087038,3.941117325,3.807243811,3.675604132,3.598921872,3.690701741
Sao Tome and Principe,STP,"Agriculture, forestry, and fishing, value added (% of GDP)",NV.AGR.TOTL.ZS,,,,,,,,,,,,,,,,,,,,,,,,,,,,,,,,,,,,,,,,,,,,,,,,,9.477674521,10.491623,11.63189303,12.33190744,12.86572928,13.40696034,13.27957686,14.13486907,13.05140223,12.74751871,11.81812221,11.92965482,14.1470498,15.26617662,13.93175771,13.4511864,12.45157039,12.19023474
Suriname,SUR,"Agriculture, forestry, and fishing, value added (% of GDP)",NV.AGR.TOTL.ZS,9.533366784,9.285051068,8.78174774,8.773322747,9.040178571,9.211806682,8.247964276,7.816039873,7.851667703,6.91315232,6.475081848,6.511627907,6.699791633,6.319045515,7.087959009,6.240601504,7.082096934,7.178487919,6.233854521,7.412140575,7.735849057,7.874015748,7.868852459,7.187323147,7.75462963,8.190148912,9.315375982,10.40816327,10.07751938,8.993733874,8.084449022,8.814996653,11.15505026,18.87776101,16.32197791,13.98638459,14.78348474,11.70173436,8.387271009,8.446622322,9.539245695,9.0948679,6.704774505,6.479723876,5.224880586,4.9193713,9.991673605,10.14762436,8.929676222,9.842075578,9.472192112,8.732355383,8.385055373,8.485954891,9.384757719,10.40815724,10.76612719,10.91775982,10.03246699,8.59607814,8.136028415,9.677664032,7.295661795,7.1616424,6.770083959,
Slovak Republic,SVK,"Agriculture, forestry, and fishing, value added (% of GDP)",NV.AGR.TOTL.ZS,,,,,,,,,,,,,,,,,,,,,,,,,,,,,,,,,,,,2.129568737,2.14604808,1.941358883,2.005263376,1.519395868,1.586626713,1.98525493,1.909015523,1.670518802,1.506473532,1.471259707,1.691612957,2.134560383,2.36047432,1.909429877,1.498594681,1.793730807,1.794633047,2.074325556,2.614927974,2.04596984,2.062642189,1.848141669,2.009329162,1.617009713,1.729178243,1.87136288,1.930396227,2.125701535,1.582782623,1.59299328
Slovenia,SVN,"Agriculture, forestry, and fishing, value added (% of GDP)",NV.AGR.TOTL.ZS,,,,,,,,,,,,,,,,,,,,,,,,,,,,,,,,,,,,3.828297516,3.605777061,3.66283407,3.481867755,2.935542946,3.002676714,2.721892575,2.894279675,2.216146573,2.402136532,2.424131321,2.092058525,2.032832956,1.758714563,1.761381113,1.819425367,2.04087231,1.826013541,1.830770822,1.821354898,1.973611865,1.851296155,1.693036733,1.991342963,1.770406517,1.897297141,1.511477551,1.624802386,1.531970144,1.537304191,1.634154175
Sweden,SWE,"Agriculture, forestry, and fishing, value added (% of GDP)",NV.AGR.TOTL.ZS,,,,,,,,,,,,,,,,,,,,,4.460567488,4.520760598,4.659749279,4.598405583,4.590034272,4.549958258,4.385178335,4.158821605,3.973740326,3.903758343,3.564608056,2.998133542,2.848395941,2.683466478,2.679410328,2.656446281,2.339292701,2.266243306,2.123307486,1.949722218,1.784766116,1.791771267,1.751998424,1.711550635,1.68061696,1.160318633,1.240321168,1.438830241,1.259569565,1.139333992,1.361616482,1.411675664,1.252545647,1.230625371,1.251593853,1.303115906,1.281187106,1.321016263,1.250084505,1.257183779,1.196224507,1.159427512,1.23876993,1.282282307,1.435807269,1.503309189
Eswatini,SWZ,"Agriculture, forestry, and fishing, value added (% of GDP)",NV.AGR.TOTL.ZS,31.53075845,30.26073036,34.75005868,38.79587936,36.84177642,33.06772908,35.70127505,27.52808989,23.15789474,29.08366534,30.08739076,33.50409836,35.90425532,29.87012987,27.72828508,24.85928705,25.73839662,26.096823,31.39770425,28.53848371,19.51716377,19.28528648,16.41254069,13.93243898,17.77930089,16.9470405,18.97106109,14.17640629,13.8117333,13.04847286,8.871486638,9.83193216,7.719655179,8.870007934,11.42108289,10.07948034,11.98418778,10.8705419,11.0243645,11.11877168,10.1383058,9.981622636,10.32546306,10.17737813,7.935425771,9.047280486,9.202396221,8.843661743,8.182002002,7.551894096,8.309652063,7.974214427,8.44107108,8.375456904,8.203882056,7.378575201,5.376869406,8.114778001,7.385370924,7.424011382,7.628814652,7.170401284,7.571169567,6.63100879,6.477307703,6.408055056
Sint Maarten (Dutch part),SXM,"Agriculture, forestry, and fishing, value added (% of GDP)",NV.AGR.TOTL.ZS,,,,,,,,,,,,,,,,,,,,,,,,,,,,,,,,,,,,,,,,,,,,,,,,,,,,0.119360229,0.119000397,0.07646095,,,,,,,,,,,,
Seychelles,SYC,"Agriculture, forestry, and fishing, value added (% of GDP)",NV.AGR.TOTL.ZS,,,,,,,,,,,,,,,,,9.621849314,9.164639092,8.406186954,7.296190594,6.382320635,7.300142312,5.971395519,7.229668406,6.021502292,5.368831604,5.613071402,4.941828636,4.416819486,4.008308308,4.489130691,4.459657733,3.572143071,3.896401545,3.856224104,3.895702723,3.636484341,3.259339651,2.455181099,2.894373578,2.641002732,2.637844003,2.693623391,2.461447811,3.227104375,3.038009153,2.782263379,2.627902522,2.536321561,2.24128897,2.235459346,2.193462184,1.999852799,2.712760347,2.330754934,2.053074466,1.914912283,2.131807866,2.078348485,2.129554451,1.961245356,2.444662638,2.458080858,2.514653921,2.634113832,2.605974395
Syrian Arab Republic,SYR,"Agriculture, forestry, and fishing, value added (% of GDP)",NV.AGR.TOTL.ZS,,,,,,,,,,,22.41176471,21.83951079,26.52795839,18.91288916,21.6598296,19.01247755,20.6875632,19.87191352,22.02599648,18.40970904,20.87380534,19.15867248,19.9104495,21.03805379,19.33184678,20.63322319,23.45971801,25.33982711,30.5514198,23.64906267,28.28515846,30.6758804,31.71245594,29.0084712,27.8410831,28.20158501,27.71731342,25.77387204,29.38639549,24.34586103,24.73397729,25.49755118,24.86354353,24.65547594,22.4332996,20.29312171,21.45678158,19.4588026,18.75640309,22.79501786,19.43897244,20.6469031,23.43229828,25.10493037,26.86012562,33.1304656,34.16687496,40.63560908,39.00988776,40.74104193,32.65289057,38.6743055,42.85172728,,,
Turks and Caicos Islands,TCA,"Agriculture, forestry, and fishing, value added (% of GDP)",NV.AGR.TOTL.ZS,,,,,,,,,,,,,,,,,,,,,,,,,,,,,,,,,,,,,,,,,1.446172138,1.339810361,1.0817329,1.280013159,1.283384555,1.148284495,0.972514568,0.898524868,0.568806191,0.700820278,0.611251216,0.552233193,0.515940484,0.531547685,0.513482576,0.41186192,0.367779795,0.377058294,0.342988704,0.296536472,0.437506193,0.35512702,0.433018459,0.366825679,0.351671672,
Chad,TCD,"Agriculture, forestry, and fishing, value added (% of GDP)",NV.AGR.TOTL.ZS,39.72092286,38.73724871,38.4738709,38.02654785,36.59090896,35.84335708,36.55656189,39.90413778,39.5259542,38.38861392,37.10214168,37.21627079,37.81450414,36.47669117,36.70010049,36.95936638,35.77671327,35.49883877,36.0920832,41.26617644,45.73239567,40.27126154,39.97240444,38.88458497,32.57152147,37.0453795,31.6745571,31.77957016,35.19041743,30.16609544,27.88864724,35.50783192,34.32437022,31.3719737,37.21829064,35.05874454,37.54797454,38.34467648,39.00491517,38.06879958,40.70513785,40.295439,37.90293247,25.63394053,29.77426104,29.2819873,32.13354931,29.35141639,29.05754379,33.15669045,33.25095129,27.15633389,27.08439723,31.71286033,31.16880767,33.62102551,39.37161511,38.43008531,37.61814416,37.59036525,40.68747006,37.44209469,35.2279824,35.19169425,37.16034298,36.33665641
East Asia & Pacific (IDA & IBRD countries),TEA,"Agriculture, forestry, and fishing, value added (% of GDP)",NV.AGR.TOTL.ZS,29.3519977,41.59416867,45.12766125,45.63467485,43.8372072,43.55013707,43.31947803,45.36335711,46.21740916,42.38023942,39.89382127,38.62529338,37.36976171,37.52018917,36.4172519,34.80913827,33.74213959,30.39294104,28.08113646,30.93334154,28.20120515,28.1218246,28.46806752,29.70997927,29.19961234,27.2495007,25.72883908,25.59221619,24.85509919,23.19566101,23.22391423,21.35065459,19.74387892,17.56077253,17.75433018,17.91376383,17.61239967,16.80854284,16.82770907,15.94023678,14.37182499,13.78174062,13.35975111,12.65791342,12.93137636,11.79192771,11.03237893,10.85101448,10.93757885,10.4916192,10.18030225,10.07590749,9.869167476,9.59876819,9.235196549,8.891184131,8.607721042,8.072733656,7.601311471,7.653408793,8.225247641,7.767799432,7.767755763,7.553154103,7.508689678,7.412123387
Europe & Central Asia (IDA & IBRD countries),TEC,"Agriculture, forestry, and fishing, value added (% of GDP)",NV.AGR.TOTL.ZS,,,,,,,,,,,,,,,,,,,,,,,,,,,,,,18.12594029,18.93607349,17.03258141,12.30805927,12.32312212,10.34909297,9.666457438,9.565838849,8.942116128,9.161026151,8.994945811,8.153580104,7.682023719,7.553439987,7.325141591,7.085764261,6.359556983,5.643563681,5.259769759,5.148731089,5.515305509,5.490850069,5.231841082,4.906848923,4.87811777,5.09935525,5.613358147,5.508177204,5.08042522,4.714011579,4.850674136,5.240815475,4.903283234,4.82717399,4.547795821,4.302957712,4.21196873
Togo,TGO,"Agriculture, forestry, and fishing, value added (% of GDP)",NV.AGR.TOTL.ZS,,,,56.17282222,51.82289063,47.12643862,43.87947213,44.21052807,44.57428915,42.95975431,32.15739593,30.52502991,29.68036416,32.07964546,25.40168401,27.43569758,35.06969956,40.1066343,23.72881356,22.6033891,26.46812081,27.20930233,26.88172043,30.10067114,33.3970682,32.61313869,34.89384867,32.89824188,33.75394322,32.22891566,15.1986158,14.32142248,15.44790554,18.70110101,14.96563773,16.74743947,19.57382333,21.28185608,19.72972973,20.65550791,14.80521043,15.16446102,15.74036414,14.57239158,15.40586953,17.33256412,16.96091485,16.92978337,20.68166839,21.348348,21.07780122,19.86497174,20.97594791,19.13954669,19.33883816,18.92186015,20.38507891,20.31555978,19.64947842,19.528722,19.17365518,20.55080662,21.21984852,20.77282268,21.34433494,20.32589499
Thailand,THA,"Agriculture, forestry, and fishing, value added (% of GDP)",NV.AGR.TOTL.ZS,36.44438043,35.83823047,34.00270049,33.06552313,30.63419929,31.92324563,33.40020742,29.24377633,28.682927,28.68471764,25.9158756,23.92438082,25.33803682,27.69022923,27.00573136,26.87108478,26.69552647,24.78309776,24.49815527,23.9935595,23.23987777,21.35710076,18.54844952,20.06017393,17.57385642,15.80937021,15.6641499,15.73343752,16.1780589,15.07529261,12.49962783,12.6498266,12.29733574,8.025829297,8.627547715,9.081224598,9.063416493,9.06490231,10.25922711,8.892995278,8.499848121,8.57928745,8.69217818,9.441354958,9.291110139,9.194355282,9.401993466,9.347684701,10.07243383,9.787033759,10.52217564,11.59179178,11.50410015,11.32221534,10.08892162,8.872723648,8.478076963,8.406412587,8.201819262,8.12856804,8.706104715,8.695395582,8.715890015,8.555150038,8.892265892,8.746892872
Tajikistan,TJK,"Agriculture, forestry, and fishing, value added (% of GDP)",NV.AGR.TOTL.ZS,,,,,,,,,,,,,,,,,,,,,,,,,,32.66331658,33.05227656,30.80645161,31.68604651,32.02898551,33.33333333,36.09467456,29.52086553,20.97983198,19.63811881,36.69169054,36.03592737,32.01182941,25.10130693,25.38863941,25.12453126,23.80840939,22.23209789,24.19456462,19.22235014,21.1916854,21.45106693,19.43472556,19.86728412,18.5520033,19.58667751,23.83550984,23.32681656,21.32088785,23.77378367,21.59057472,20.85697651,20.28329632,19.77196478,20.86707336,22.69043084,22.44908055,22.9348537,22.85886211,23.05482145,
Turkmenistan,TKM,"Agriculture, forestry, and fishing, value added (% of GDP)",NV.AGR.TOTL.ZS,,,,,,,,,,,,,,,,,,,,,,,,,,,,28,25.92592593,28.57142857,33.33333333,32.20338983,10.875,18.16367265,32.68348624,16.21165644,12.63225806,20.2340234,25.15898535,24.84168537,22.53877082,23.09804465,20.93280283,19.11960273,18.35545923,18.53199709,17.19787406,18.85481481,10.72164948,10.51535297,11.34054256,8.884354558,8.501466802,8.474394207,8.295443552,9.306538759,10.52743833,11.11780748,11.04156884,10.87351502,11.58386342,11.93451522,11.06611031,11.76926274,12.16659802,12.3560088
Latin America & the Caribbean (IDA & IBRD countries),TLA,"Agriculture, forestry, and fishing, value added (% of GDP)",NV.AGR.TOTL.ZS,,,,,,,,,,,,,,,,,,,,,,11.56128363,9.53303143,11.71637598,12.21922771,11.84808793,12.04021176,11.21444891,11.75957506,10.91092469,9.961958956,9.567831569,9.089417414,8.15607011,8.871363183,7.478234159,7.288367549,6.98093391,6.856742571,6.315421675,5.785091552,5.568180398,6.138231825,6.622180838,6.255514357,5.699073319,5.4173461,5.532459019,5.593851915,5.435624675,5.37086519,5.618461722,5.261744638,5.564445403,5.603549304,5.611786664,6.206027737,5.886280857,5.666638651,5.690444381,6.882831445,7.247712879,6.885632468,6.818327212,6.848755115,7.053487438
Timor-Leste,TLS,"Agriculture, forestry, and fishing, value added (% of GDP)",NV.AGR.TOTL.ZS,,,,,,,,,,,,,,,,,,,,,,,,,,,,,,,,,,,,,,,,,28.4272805,21.55921127,24.67526741,24.87366933,30.78841215,28.91251395,32.20428548,29.99741707,30.15551015,24.96286477,25.5964077,22.16024293,25.79649392,21.31998698,21.05070744,17.82775814,17.06307469,17.12938986,17.77135771,14.12915517,13.26215452,8.67018188,10.32462477,17.17981224,20.16052119,
"Middle East, North Africa, Afghanistan & Pakistan (IDA & IBRD)",TMN,"Agriculture, forestry, and fishing, value added (% of GDP)",NV.AGR.TOTL.ZS,29.60876301,29.64376983,27.64889586,25.62504289,24.61624676,24.37496166,22.72349615,22.85318693,22.51875564,20.78967092,20.70392268,20.00943474,19.30292518,15.73298126,12.66786592,12.47320083,11.90097574,10.90184035,12.00319932,10.88815078,10.97587105,13.24587727,13.62181039,12.93206954,13.56794739,13.93969644,15.49817644,15.27489796,15.3101059,15.98289129,12.62831138,14.76948969,14.56624848,14.01739829,15.12919637,14.97840615,14.47489656,13.43646841,14.47377548,13.04376136,12.96027343,12.90551012,12.72475461,12.48022645,11.55642064,10.70933633,10.48437438,10.0040244,9.23173304,10.62355714,10.17474279,9.674573432,9.918938629,10.95552127,11.30121026,12.21365824,11.65182284,11.45136421,11.65427561,11.87008189,12.79984466,12.46331714,11.8427237,12.4631693,13.30107846,14.05807969
Tonga,TON,"Agriculture, forestry, and fishing, value added (% of GDP)",NV.AGR.TOTL.ZS,,,,,,,,,,,,,,,,42.40754836,39.97062509,38.02104142,35.7026227,36.23179701,33.40260407,33.81828924,32.73577043,31.08394144,32.508776,31.86120607,32.93439586,32.7511853,31.64531609,30.4367318,29.91315339,30.65479663,32.78560674,34.11018939,21.53734551,20.70422482,20.30944531,20.21346502,21.26126038,22.38406962,19.636923,18.28743962,18.10622953,19.16298151,20.24798966,17.76087119,15.77178636,16.7079852,14.74360091,15.51313268,16.43798588,17.06595622,16.63599748,17.07330805,16.31958764,16.85065905,16.60673731,16.81937282,17.24840835,18.57172742,17.09366492,16.52187012,17.42562957,18.9589245,18.56685816,
South Asia (IDA & IBRD),TSA,"Agriculture, forestry, and fishing, value added (% of GDP)",NV.AGR.TOTL.ZS,43.23916986,42.86992756,40.93794535,41.68240718,42.55954705,40.55694941,42.05044986,44.27127774,43.45795949,43.20279459,41.9657343,39.98331024,40.24171398,42.6767138,40.92385185,40.35776396,36.06881411,36.8153849,36.19256396,34.77666118,34.37396469,33.31940114,32.40670185,32.65557312,31.86088747,30.15262878,29.11158981,28.5134397,29.13004289,28.24162483,28.02619625,28.24621923,27.37024837,27.14213786,26.59786855,24.81903679,25.04512249,24.21151146,24.03724012,23.00973634,21.82012759,21.71782597,19.63402699,19.55813719,17.93213151,17.66897781,16.86487831,16.78508644,16.84944867,16.76001344,16.89301589,17.03664602,16.61438397,16.7917604,16.45713784,15.8639854,15.84015833,15.98095243,15.46353007,16.02028628,17.62729471,16.55325176,17.18791694,16.75792517,16.71843394,15.59887539
Sub-Saharan Africa (IDA & IBRD countries),TSS,"Agriculture, forestry, and fishing, value added (% of GDP)",NV.AGR.TOTL.ZS,,,,,,,,,,,,,,,,,,,,,,15.21951987,15.36678722,14.77092237,15.98918367,17.0977243,18.92275139,19.41717374,20.30652808,19.68347228,19.42163075,20.32741504,16.51629628,16.82488159,16.96656547,17.94665981,18.96378253,19.63365918,20.52838372,16.35727829,15.40592555,16.42014447,19.65984726,17.20899917,15.13354382,15.05033565,15.18303613,15.6505622,16.89990652,17.24063037,15.837019,14.72568128,15.07819807,15.27408802,15.54373963,16.30989109,16.65124917,16.00175118,15.678988,18.22353019,20.14772809,19.68042412,19.87992254,19.29857647,17.97419002,17.90685847
Trinidad and Tobago,TTO,"Agriculture, forestry, and fishing, value added (% of GDP)",NV.AGR.TOTL.ZS,,,,,,,6.705891835,6.470854727,6.766372827,6.76976386,6.649631928,6.617729722,7.110257026,5.705483414,4.581773191,5.035753947,4.873163043,4.102060323,3.651632697,3.360553363,2.587865829,2.596984685,2.388800737,2.131701819,1.326744373,2.434840352,2.763035921,2.768063918,2.716227943,2.45033473,2.54097219,2.477104076,2.53567551,2.514917817,2.22232078,2.31282988,2.084911498,2.167228406,2.058058584,1.935923113,1.357193887,1.286377056,1.398472198,0.947884613,0.761483946,0.48399919,0.566876991,0.371661708,0.365514424,0.595145826,0.520146105,0.45654257,0.623861527,0.712770738,0.66856334,0.922053426,0.992434424,1.086343262,0.964517699,0.765052941,1.062029213,0.908362622,0.76281565,0.835855107,0.777630167,
Tunisia,TUN,"Agriculture, forestry, and fishing, value added (% of GDP)",NV.AGR.TOTL.ZS,,,,,,20.79569479,17.85910339,16.29824561,17.57879881,15.91848789,17.0328216,19.38266001,21.45199063,19.74289933,18.72981005,18.4793844,17.75478531,15.81732743,15.08917428,13.54209446,14.13077249,13.66650649,13.15460828,12.37804555,14.21152767,15.814371,13.01184291,16.46733787,11.8305891,12.9156717,15.72066533,16.72070364,16.12237155,14.70913183,12.55801895,11.36654195,13.71320078,11.23460342,10.60074514,10.60633896,10.00631935,9.421855706,8.298481514,9.291497518,9.902545155,9.169831148,9.280709499,8.642019874,7.848649979,8.456606655,6.84614617,7.576844504,8.300257256,7.969308648,8.571659566,9.205899187,8.525411153,8.986045691,9.888525519,9.766258733,10.39170023,10.0900379,10.82172477,9.47367929,9.738633931,10.29347757
Turkiye,TUR,"Agriculture, forestry, and fishing, value added (% of GDP)",NV.AGR.TOTL.ZS,54.91923642,51.73852573,52.80199253,53.32618026,50.49701789,46.14670381,47.20252167,44.53125,41.58730159,40.86757991,39.08396947,37.36082474,34.31338637,33.95604396,36.00242033,35.37077257,32.51943635,31.43993184,31.8035274,27.90756272,26.14614002,24.16276421,22.3537485,20.91501388,21.2014311,19.69055862,19.51260099,17.81847089,17.25895631,16.5859815,17.47622883,15.24707558,14.98366515,15.41601856,15.46283477,11.49322194,12.14918689,10.59147204,12.4484631,10.44936515,10.01837795,8.772139693,10.17126888,9.774259901,9.303342177,9.134974628,8.06197674,7.41825141,7.380224033,8.019526647,8.907379627,8.126584645,7.658344975,6.649972614,6.538280429,6.876898343,6.265561964,6.196423235,6.004186392,6.654153563,6.891225909,5.704881716,6.693609619,6.389845978,5.820424679,5.209511968
Tuvalu,TUV,"Agriculture, forestry, and fishing, value added (% of GDP)",NV.AGR.TOTL.ZS,,,,,,,,,,,,,,,,,,,,,,,,,,,,,,,23.6809816,22.35212676,21.42209829,21.80215475,21.81095516,22.2332753,24.03944875,22.81791064,20.13206129,19.15359231,16.55011201,17.09140656,16.13695284,16.18308376,17.58556844,19.48731319,21.50047307,22.00388666,21.19104052,23.52769867,26.25265921,25.52133583,19.84290435,18.94011271,18.29980895,15.94085593,,,,,,,,,,
Tanzania,TZA,"Agriculture, forestry, and fishing, value added (% of GDP)",NV.AGR.TOTL.ZS,,,,,,,,,,,,,,,,,,,,,,,,,,,,,,,28.95471996,30.19992571,30.78503611,30.86766979,28.63658866,30.0588767,30.30901913,29.33688162,26.76207532,26.44138952,26.21727236,25.8091623,25.17173629,24.91929265,25.70581399,24.64884108,23.66931073,23.24548824,24.76549388,26.03519036,25.58240689,24.97686445,26.55092652,26.79086792,25.80257745,26.74588573,27.44414257,28.75348095,27.86859948,26.59431195,25.25490167,24.78845062,24.25696946,23.68714738,23.31807809,22.90947759
Uganda,UGA,"Agriculture, forestry, and fishing, value added (% of GDP)",NV.AGR.TOTL.ZS,49.87486061,49.92284207,49.18082538,47.51292127,47.24339811,49.06616018,48.0332829,45.83876104,44.42645074,45.36959387,51.02812048,54.0452435,54.49765258,58.59657782,60.48770547,70.6159352,71.87104156,73.28725962,73.65537312,65.21779783,71.76304224,58.32647873,50.24110218,53.05758072,49.7566803,48.37571787,53.09797344,54.75449753,54.2743959,54.37622776,53.2829074,49.37254064,48.20294349,48.28488218,46.16984867,45.29538761,41.03720152,38.11995975,38.25104851,34.78597875,27.50910688,27.85024148,23.433428,24.50702258,21.67035264,25.07493613,24.03493298,22.27811368,21.38459856,34.87285994,32.86800908,28.96924748,27.17725775,26.03032374,24.81997594,23.47236969,22.66032279,23.45883538,23.25029354,22.94550881,23.92903372,23.84180383,24.01172205,24.08957469,24.6189506,26.13254163
Ukraine,UKR,"Agriculture, forestry, and fishing, value added (% of GDP)",NV.AGR.TOTL.ZS,,,,,,,,,,,,,,,,,,,,,,,,,,,,20.76302274,20.04219409,22.26351131,24.46706587,24.64882943,20.85197695,21.5406716,14.5723972,13.76975964,12.2290509,12.51539656,12.06807482,11.87500958,13.95178507,13.97608618,12.60325107,10.4995403,10.43703712,8.875307495,7.23906141,6.283001334,6.535401521,6.905395959,7.402205098,8.150221839,7.761312484,8.692305621,10.15460815,12.05937611,11.72570091,10.17765504,10.13953311,8.965181014,9.310151098,10.88577211,8.57297627,7.551945463,7.294538926,7.572705284
Upper middle income,UMC,"Agriculture, forestry, and fishing, value added (% of GDP)",NV.AGR.TOTL.ZS,27.22495502,32.26437477,33.05070488,33.10579052,31.48600785,31.52738469,30.49802034,30.71212308,29.8295205,27.8416514,26.63803436,25.44656592,24.54656158,23.78543436,21.89260051,21.05516472,19.6754338,18.89157425,17.07609012,17.60840581,15.41063941,15.57751566,14.77710251,16.1207233,16.61891647,16.33730584,16.12751901,15.33508823,15.40824107,14.64834067,13.65491842,13.2311406,12.3976448,11.05247828,11.2487109,10.94389801,10.91539062,10.22914388,10.14759135,9.859595085,8.946569857,8.847501966,9.281057329,9.082977277,9.028883808,8.196555296,7.726685407,7.736798018,7.881409894,7.949800291,7.736980988,7.67430042,7.654654848,7.692468531,7.589150919,7.592547465,7.50691266,7.067356871,6.783670664,6.884808005,7.605094478,7.281572471,7.197930716,7.009401297,6.956891661,6.874982252
Uruguay,URY,"Agriculture, forestry, and fishing, value added (% of GDP)",NV.AGR.TOTL.ZS,,,,,,,,,,,,,,,,,,,,,,,,13.40118019,14.62802845,13.59511315,12.65181948,13.71186351,12.34947502,11.54867399,9.208457677,8.497830722,8.815643711,7.366757862,7.925336057,8.616111364,8.016058205,6.551470007,6.823744871,5.815251192,5.9941938,5.586703233,7.529659045,9.638783006,10.99679087,8.745836743,8.91384523,8.499364189,9.168924036,7.886996096,7.202064507,8.829161999,8.121772485,7.616200627,6.735462172,6.131441943,6.678719726,5.406395563,5.823866368,6.502794448,7.206703541,7.734270661,6.866391891,6.014136121,6.380007731,6.380007732
United States,USA,"Agriculture, forestry, and fishing, value added (% of GDP)",NV.AGR.TOTL.ZS,,,,,,,,,,,,,,,,,,,,,,,,,,,,,,,,,,,,,,1.336912093,1.213997072,1.151241313,1.150554914,1.129257057,0.973712301,1.121046825,1.26548334,1.150506753,1.009487475,1.075123896,1.053000306,0.960285755,1.02943689,1.200558804,1.149329801,1.318150036,1.168240492,1.028904091,0.937140438,0.940362226,0.898498261,0.832620863,0.934873151,0.942961673,,,,
Uzbekistan,UZB,"Agriculture, forestry, and fishing, value added (% of GDP)",NV.AGR.TOTL.ZS,,,,,,,,,,,,,,,,,,,,,,,,,,,,25.50515237,28.03350129,31.13557887,33.11399181,37.09319196,35.13918535,27.58508869,34.34559848,28.04992151,22.36475614,28.19861184,26.8,29.02295341,30.05590367,29.9738087,30.12268127,28.46200731,26.44400946,26.33105995,25.07940866,23.23589926,19.6896058,18.63268497,24.08152694,26.46907672,25.91722679,24.5690998,25.35402467,25.75979229,25.71394112,24.7588478,22.96222198,21.13353551,21.57086203,21.40182729,20.38569634,19.662208,17.72950448,16.55957632
St. Vincent and the Grenadines,VCT,"Agriculture, forestry, and fishing, value added (% of GDP)",NV.AGR.TOTL.ZS,,,,,,,,,,,,,,,,,,11.89915357,14.26357868,12.50876516,9.996223578,11.76852801,11.02428118,10.38344837,12.1493707,12.17158916,12.37771776,11.32140717,13.68791447,13.02865521,14.16970986,12.47311203,13.2262019,9.787459736,7.069918616,9.198096622,8.155125025,6.448486656,7.058100459,6.93973117,8.466401484,6.847476902,6.986213122,6.104876565,5.852893842,6.597305088,6.148142934,5.958994369,6.035909175,6.345142646,6.265068751,6.330563619,6.152363568,6.543914227,6.554147869,6.260300419,6.751052933,6.769025543,7.109381871,7.003213603,8.642736888,5.207486778,4.639416507,4.200632806,3.546212786,3.436605589
"Venezuela, RB",VEN,"Agriculture, forestry, and fishing, value added (% of GDP)",NV.AGR.TOTL.ZS,,,,,,,,,6.449784077,7.090724456,6.465353196,6.316655291,5.907450164,6.015043752,4.868756348,5.546071906,5.145369493,5.55932334,5.708210103,5.352248275,5.297461458,5.424812768,5.712848648,6.117999807,4.95324611,5.606757312,6.420093546,5.915732007,6.413820033,5.897259,5.212136741,0,0,0,0,0,0,0,0,0,0,0,0,0,0,0,0,0,0,0,0,0,,,,,,,,,,,,,,
British Virgin Islands,VGB,"Agriculture, forestry, and fishing, value added (% of GDP)",NV.AGR.TOTL.ZS,,,,,,,,,,,,,,,,,,,,,,,,,,,,,,,,,,,,,,,,,,,,,,,,,,,,,,,,,,,,,,,,,,
Virgin Islands (U.S.),VIR,"Agriculture, forestry, and fishing, value added (% of GDP)",NV.AGR.TOTL.ZS,,,,,,,,,,,,,,,,,,,,,,,,,,,,,,,,,,,,,,,,,,,,,,,,,,,,,,,,,,,,,,,,,,
Viet Nam,VNM,"Agriculture, forestry, and fishing, value added (% of GDP)",NV.AGR.TOTL.ZS,,,,,,,,,,,,,,,,,,,,,,,,,,,38.06343907,40.55749129,46.29701686,42.06741893,38.73674175,40.48913398,33.93858792,29.86995394,27.42782887,27.18268878,27.75882604,25.77170679,25.78078041,25.43443799,24.534582,23.24104759,23.02944218,22.54243671,21.80769935,19.29997888,18.72678545,18.6550997,20.41314392,19.16845987,15.37509069,16.25914849,16.19950764,15.21561225,14.88034893,14.47472618,13.81825537,12.92987949,12.30666843,11.78452855,12.65540357,12.60309047,11.88029982,11.87132664,12.0289339,11.64403013
Vanuatu,VUT,"Agriculture, forestry, and fishing, value added (% of GDP)",NV.AGR.TOTL.ZS,,,,,,,,,,,,,,,,,,,,21.95122219,17.68728975,18.52897028,17.11873548,23.54907844,25.0959057,26.09970674,22.46585456,19.10574413,18.78326076,19.02976723,19.58116243,15.53480098,15.19676072,16.95520184,15.27716512,15.42589346,16.51027397,15.70904259,26.0980058,24.84606712,22.96413023,23.5298826,24.26613411,22.82888744,23.59875499,22.27449708,20.98496225,20.95920451,20.01403204,19.39073936,19.54274109,20.85915391,21.61869569,23.15278782,25.55657105,23.37570394,22.59216426,22.95496131,22.88622702,22.82788972,24.99829625,25.57090593,26.96655428,25.54231851,26.62748673,
World,WLD,"Agriculture, forestry, and fishing, value added (% of GDP)",NV.AGR.TOTL.ZS,,,,,,,,,,,,,,,,,,,,,,7.161205961,7.016778215,6.987140693,6.922121855,6.746836199,6.040981495,5.498163857,5.33213879,5.264845476,5.107663588,4.640941351,4.085626085,3.855180479,3.932665833,3.901799206,4.045692896,3.946502141,3.83276162,3.4968119,3.366138403,3.347126811,3.31336471,3.303078372,3.345839067,3.219932424,3.193485315,3.37506604,3.534012001,3.639610387,3.848871176,4.005982563,4.035110936,4.176272584,4.15504349,4.185540908,4.128412218,4.093940249,3.919249761,4.049974366,4.382350191,4.302956073,4.323980503,4.136825599,4.070459298,4.01004596
Samoa,WSM,"Agriculture, forestry, and fishing, value added (% of GDP)",NV.AGR.TOTL.ZS,,,,,,,,,,,,,,,,,,,,,,,,,,,,,,,,,,,22.08274746,17.77812658,18.13490209,20.16169151,18.41417421,15.98403827,15.07635498,13.22813381,11.99225936,10.98887754,11.74036811,12.48657504,10.98600218,10.66498955,10.02985764,11.23740502,10.14209487,8.749147681,8.990625425,9.366986952,8.977430641,8.323953649,8.644397677,9.907575642,9.147660338,9.104548751,9.536429893,9.671701401,9.356737359,9.85408517,9.795030606,9.089537697
Kosovo,XKX,"Agriculture, forestry, and fishing, value added (% of GDP)",NV.AGR.TOTL.ZS,,,,,,,,,,,,,,,,,,,,,,,,,,,,,,,,,,,,,,,,,,,,,,,,,11.26114068,8.276135796,9.456833185,8.132568202,7.445457566,8.431611261,8.298706408,7.677168234,8.171523193,7.408719576,6.531164333,7.238669919,7.362009758,6.923305531,7.392605461,7.220455476,7.335206374,7.361561676
"Yemen, Rep.",YEM,"Agriculture, forestry, and fishing, value added (% of GDP)",NV.AGR.TOTL.ZS,,,,,,,,,,,,,,,,,,,,,,,,,,,,,,,27.39136419,26.16143881,27.46039162,25.66215369,27.57413284,22.57691619,18.15761335,17.44055697,21.17469934,17.44470825,14.4669154,14.93852764,14.31414881,13.74497197,12.41536665,11.09324213,10.70558243,10.41928903,10.19685872,10.01907049,9.873709028,9.752644275,16.99033228,17.68498468,17.67657382,20.2059374,25.09091309,26.96106636,28.74514031,,,,,,,
South Africa,ZAF,"Agriculture, forestry, and fishing, value added (% of GDP)",NV.AGR.TOTL.ZS,9.041446631,9.317147193,8.958630528,8.835289565,7.646370023,7.434386717,7.703674515,8.494823467,7.137017659,6.666666667,5.746898918,6.235069279,6.155152287,5.922107178,7.172065569,6.325244248,5.561300059,5.819971585,5.582048311,5.001883949,5.304651263,5.431923562,4.702174193,3.65363264,3.957446469,4.28584356,4.120082569,4.62630374,4.768008528,4.399160183,3.777056178,3.74350458,3.149209894,3.422574626,3.755448082,3.121585246,3.416588245,3.265895499,3.034180444,2.846399173,2.614747993,2.812451695,2.956971825,2.653977529,2.411716115,2.08511799,2.050976512,2.355914005,2.572488767,2.399496135,2.107787493,2.043893086,1.976709595,1.926849246,2.125748549,2.23397839,2.414186074,2.493798638,2.260703827,1.950321145,2.578661222,2.457871997,2.60577485,2.535171123,2.81119527,2.827632671
Zambia,ZMB,"Agriculture, forestry, and fishing, value added (% of GDP)",NV.AGR.TOTL.ZS,11.46062913,12.76159212,12.34542457,13.01928046,11.98093941,14.31398417,13.44632768,12.84461153,11.38688729,9.665697674,10.65195273,13.04090101,12.87476636,11.30911152,10.64545406,13.11099796,14.19878296,16.39146194,16.12831564,14.9300857,13.98354877,15.62517932,13.46201986,14.19927294,14.5447171,13.08276418,12.17137744,10.88388054,16.40171301,19.14075808,18.20257632,15.81402977,21.26754851,30.47873046,11.8265026,14.0893721,13.29824478,13.98254848,15.86841123,18.18997166,16.14977346,15.52748224,15.36142994,15.61709962,15.58094288,14.58855137,13.20627106,12.10559624,11.45399975,11.55278363,9.42094611,9.648057822,9.321639536,8.226523184,6.779597852,4.980836564,6.22847199,4.024271194,3.341123992,2.860774937,2.972633845,3.000918315,3.094015834,2.230120343,2.833707645,4.105749262
Zimbabwe,ZWE,"Agriculture, forestry, and fishing, value added (% of GDP)",NV.AGR.TOTL.ZS,,,,,,18.76438023,21.12671782,21.85706248,16.90325202,19.53678115,16.31204078,18.49472095,18.97019169,15.92594699,19.47164171,18.59710772,18.58865563,17.4806326,14.06929014,13.08537349,15.07753065,16.60812032,14.80851665,9.923921316,13.43657247,20.72656477,16.13588059,13.12382837,14.82531424,13.39882286,14.83204676,13.54672681,6.750555144,13.73862728,17.07945027,13.4645116,19.34268186,16.69498477,18.89075368,15.48130875,15.66877078,15.62880212,12.56845672,14.79364802,18.06404407,17.14930752,19.2316519,21.19552387,19.01878678,10.74373756,9.609678156,8.666454036,8.044500248,7.145007395,8.744969368,8.284830961,7.873584883,7.24788153,7.319200563,22.70565248,20.84705109,21.48565302,17.06123089,11.4948694,8.692099373,9.471979367
