Data Source,World Development Indicators,,,,,,,,,,,,,,,,,,,,,,,,,,,,,,,,,,,,,,,,,,,,,,,,,,,,,,,,,,,,,,,,,,,,
,,,,,,,,,,,,,,,,,,,,,,,,,,,,,,,,,,,,,,,,,,,,,,,,,,,,,,,,,,,,,,,,,,,,,
Last Updated Date,7/13/2026,,,,,,,,,,,,,,,,,,,,,,,,,,,,,,,,,,,,,,,,,,,,,,,,,,,,,,,,,,,,,,,,,,,,
,,,,,,,,,,,,,,,,,,,,,,,,,,,,,,,,,,,,,,,,,,,,,,,,,,,,,,,,,,,,,,,,,,,,,
Country Name,Country Code,Indicator Name,Indicator Code,1960,1961,1962,1963,1964,1965,1966,1967,1968,1969,1970,1971,1972,1973,1974,1975,1976,1977,1978,1979,1980,1981,1982,1983,1984,1985,1986,1987,1988,1989,1990,1991,1992,1993,1994,1995,1996,1997,1998,1999,2000,2001,2002,2003,2004,2005,2006,2007,2008,2009,2010,2011,2012,2013,2014,2015,2016,2017,2018,2019,2020,2021,2022,2023,2024,2025
Afghanistan,AFG,Total fisheries production (metric tons),ER.FSH.PROD.MT,200,300,300,300,300,300,300,400,400,460,460,560,560,560,560,660,770,770,770,770,870,870,870,970,970,970,970,1170,1170,1170,1400,1400,1500,1500,1600,1600,1600,1550,1500,1500,1300,1250,1350,1350,1450,1450,1450,2050,2050,2650,3250,4000,4780,5560,6360,7200,8050,9000,10000,10729,11444,12907,13150,13660,14170,
Africa Eastern and Southern,AFE,Total fisheries production (metric tons),ER.FSH.PROD.MT,1460720,1605979,1707424,1819366,2132462,2139349,2238939,2597600,3123476,3042054,2444150,2320263,2592383,2756923,2707283,2461625,2177519,2135628,2095937,1991792,1848267,1903342,1914250,2024319,1937660,1998075,2082807,2846210,2807300.314,2369039.033,2410476.2,2189744.755,2904012.309,2964643.358,2709218.077,2705468.743,2444407.551,2633232.83,2778358.377,2895289.442,3137960.911,3193333.067,3291979.334,3402056.747,3585000.754,3556827.15,3341975.7,3469186.2,3329346.85,3263148,3557919.24,3598632.376,4019685.574,3915131.369,4162210.659,4282409.37,4433710.339,4588626.055,4512102.35,4609980.995,4483268.747,4830187.287,4730010.859,5147235.072,5225102.969,
Africa Western and Central,AFW,Total fisheries production (metric tons),ER.FSH.PROD.MT,490510,516010,563130,585050,649470,683780,743500,794096,785606,854431,965445,1137494,1205714,1202019,1242038,1280159,1267715,1300543,1313224,1302736,1283409,1320095,1310400,1374979,1347215,1366119,1482119,1558305,1535925,1631167,1690833.04,1613000.1,1786325,1691018.994,1654300.995,1881027.674,2089975.373,2140340.97,2168907.2,2282005,2281073,2322833.887,2270837.3,2467605.162,2548473.903,2605960.98,2485685,2490858,2698832.142,2782200.2,2953451.851,3234187.781,3401681.891,3494400.132,3577562.404,3526381.895,3851313.091,4509114.799,4613925.466,4385001.642,4182087.406,4469290.565,4387554.778,4382221.013,4480290.403,
Albania,ALB,Total fisheries production (metric tons),ER.FSH.PROD.MT,2600,3200,2800,3000,3000,4000,4000,5000,6000,7000,8000,8000,8000,8000,8500,8500,8500,8500,9000,9000,9000,9376,9511,9815,8006,11399,11922.2,13134.4,14559.3,11961.4,15015.6,3871,3093.2,2889,2495,1720.3,2449.2,1110.8,2807.5,3057.9,3635,3597.2,4516.8,4274.6,6118.5,6473,7709.3,7505.4,7365,8128,7652.2,7150.2,12055.2,12673.094,12705.05,11350.1,12612.09,12993.2,14888.3,15012.5,16894.5,18484.5,17799.5,19338,16452,
Algeria,DZA,Total fisheries production (metric tons),ER.FSH.PROD.MT,25500,30400,21500,16900,17300,18300,20350,21150,18250,23150,24234,23715,28313,31243,35758,37693,35122,43475,34143,38678,48000,56000,64500,65002,65595.9,66141.6,65511.8,94367.8,106741.3,99555.424,90603.244,79852,95420.914,102199.971,135798.857,106247.666,82317.8,91907.4,92620,102649,113510.9,134082,134800.8,141376,114050.2,126628.3,146051.8,147768.131,141642.346,129940.232,95222.742,104060.63,108187.409,103165.884,100163.041,97131.179,101964.47,108342.605,122211.416,105388.55,76954.71,79427.261,108929.152,100512.026,97945.208,
American Samoa,ASM,Total fisheries production (metric tons),ER.FSH.PROD.MT,0,0,0,0,0,0,0,0,0,0,0,0,0,100,82,136,113,202,193,183,148,153,112,112,152,118,181,78,123,102,42,50,60,40,132,176,225,448,610,554,851,3677,6949,5099,4051,4029,5367,6537,4442,4962,5140.815,3607.094,4391.981,2773.938,2368.068,2596.766,2222.967,2337.376,2047.983,1455.449,972.99,1211.746,1410.706,1266.92,1527.257,
Andorra,AND,Total fisheries production (metric tons),ER.FSH.PROD.MT,,,,,,,,,,,0,0,0,0,0,0,0,0,0,0,0,0,0,0,0,0,0,0,0,0,0,0,0,0,0,0,0,0,0,0,0,0,0,0,0,0,0,0,0,0,0,0,0,0,0,0,0,0,0,0,0,0,0,0,0,
Angola,AGO,Total fisheries production (metric tons),ER.FSH.PROD.MT,257300,246800,274800,245300,362000,263300,335300,299300,303100,425200,374501,324322,606656,478659,399784,160581,81542,120407,125630,113072,85085,130957,111488,110376,95188,100093,84660,107490,126031,137465,133088,117104,113625,126200,132413,122781,137815,146304,163149,175799,239356,254564,255494,212105,240094,202742,225897,306626,306050,272302,310310,342310,374310,407057,442389,496104,487145,532914,444858,402947,376792,571352,541625.4,563140.905,631824.39,
Antigua and Barbuda,ATG,Total fisheries production (metric tons),ER.FSH.PROD.MT,600,800,800,800,700,800,800,800,800,800,900,900,1200,1500,1590,1601,1613,1821,1620,1219,1171,1157,950,1063,1465,2407,2400,1985,1488,990,875,1481,1692,1046,1100,1581,1439,1644,1680,1631,1728,1802,2348,2546,2478,2953,3049,3047,3397,2424,2227,3067,5969,4624,3135,3185,3185,3185,3185,3185,3135,3225,3250,3285,3305,
Arab World,ARB,Total fisheries production (metric tons),ER.FSH.PROD.MT,462380,492298,517170,527512,580375,578028,679726,625534,598421,618237,671488,689666,739107,908957,887238,853047,923555,897862,902013.9,930586.8,984641.1,1035961.079,1032569.642,1180691.236,1204263.869,1299668.987,1450131.544,1449631.047,1608729.653,1528721.324,1574791.062,1625921.552,1612847.814,1702304.317,1911662.471,2066046.681,1855241.21,2064088.505,2099864.696,2256381.483,2517910.93,2875004.997,2806580.971,2928820.721,3040614.972,3207018.614,3063415.942,3101263.222,3178098.01,3458093.091,3651273.962,3586776.633,4066004.446,4208700.625,4300531.944,4357569.086,4867441.943,5214477.025,5794611.41,5734758.518,5769719.24,6048127.045,5992509.19,5800822.504,5801085.921,
Argentina,ARG,Total fisheries production (metric tons),ER.FSH.PROD.MT,104732,101900,101307,130573,168608,205005,250805,240868,223132,202815,214519,228631,237975,302020,296001,232251,281776,402780,541959,580735,400101,374882,488235,428207,322713,419740,422694,461921,496394,494983,561157,642712,746080,985615,1000577,1177109,1291387,1390864,1166444,1088156,924073,932622,947992,912930,947826,936066,1179144,995575,1002649,875214.95,820816.35,819181.25,765518.42,894130.12,857438.71,839512.65,774825.485,852835.76,841414.31,857234.19,862007.018,891526.782,893216.748,874874.915,918105.247,
Armenia,ARM,Total fisheries production (metric tons),ER.FSH.PROD.MT,,,,,,,,,,,,,,,,,,,,,,,,,,,,,,,,,4450,4100,2603,1941,1230,1250,1135,2033,2026,2197,1485,1633,1031,989,1406,4715,5701,5809,5667,7095,9711,15799,18720,23270,20139,17054,17369,18270,19100,19699.999,24999.999,25899.999,26999.999,
Aruba,ABW,Total fisheries production (metric tons),ER.FSH.PROD.MT,200,200,300,300,300,300,300,400,400,400,400,400,400,500,550,600,650,700,770,770,770,770,770,770,770,770,700,620,550,480,420,350,300,260,260,140,160,205,182,175,163,163,163,160,162,162,145,159,151,163,153,168,138,145,152,150,150,149.5,150,164.5,161.5,166.5,173.5,171.5,176.5,
Australia,AUS,Total fisheries production (metric tons),ER.FSH.PROD.MT,63154,63715,68456,73719,74042,84544,96314,100344,110995,99258,105017,116829,127650,129661,144566,114576,116011,148321,141518,146614,145867,162333,180767,178168,185799,172379,192817,222489,235050,213893,249906,261985,272849,278189,247293,260533,256040,256006,262843.443,274068,251796,252991,256881.037,280016.63,300916.049,318685.289,280780.48,268978.437,272294.781,270747.656,286365.236,285188.179,292479.137,271163.846,255322.423,270485.722,297741.376,318618.572,318135.545,315873.212,312761.77,350837.526,362765.685,355610.371,344817.064,
Austria,AUT,Total fisheries production (metric tons),ER.FSH.PROD.MT,4200,4200,4500,4600,4900,5100,4900,4200,4000,3500,3200,2900,2600,2200,2070,2040,2360,2470,3700,4100,4300,4400,4500,4700,4700,4800,4700,4600,5100,5000,3659,3635,3619,3560,3491,3322,3399,3483,3360,3499,3286,2755,2683,2605,2667,2790,2863,2889,2437,2491,2517,3254.3,3425.5,3587,3740.3,3853.4,3833.4,4211.9,4341.6,4605.025,4891.911,5270.413,5068.718,5520.229,5357.769,
Azerbaijan,AZE,Total fisheries production (metric tons),ER.FSH.PROD.MT,,,,,,,,,,,,,,,,,,,,,,,,,,,,,,,,,32029,22934,19939,11061,7121,5525,4971,21082,19122,18700,21903.9,23315.6,24969.75,26772.8,21986.25,21362.8,21692.8,45741.8,45858.75,47075.35,57601.545,50907,3675.65,51224.29,63155.45,63818.6,61893.1,63114.38,61244,59544,59938,66496.1,67315.7,
"Bahamas, The",BHS,Total fisheries production (metric tons),ER.FSH.PROD.MT,1600,1500,1600,1700,1900,2950,3800,2950,2750,2350,3379,3552,3372,4400,4663,4693,4750,5327,5114,5765,7119,7631.789,7737.039,8548.154,8440.066,11206.818,8695.899,10557.03,10515.669,9857.611,9758.181,11895.544,12215.532,13703.944,14931.016,13269.483,14100.144,14720.592,14578.685,13668,15529,13684,15700,16776,15194,15640,16294,10942,14833,13826.83,16343.44,15314,16757.829,12766,11887.57,11316.62,11634,11485.94,11005.534,10151.915,7439.142,8705.851,9346.212,8700.373,8881,
Bahrain,BHR,Total fisheries production (metric tons),ER.FSH.PROD.MT,1500,1500,1500,1800,1800,2000,2500,2800,3000,3300,3500,3600,3700,3800,3900,4000,4084,4837,4000,3801,5115,5747,5594,4812,5599,7763,8057,7842,6736,9207,8105,7553,7983,8958,7628,9393,12943,10050,9850,10623,11730,11230,11207,13642,14497,11858,15595,15014,14178,16358,13493.187,9918.424,27092.725,19274,18389.71,16506.005,17314.217,18520.993,21092.043,18315.993,17248.011,17051.005,19892.587,16605.795,15163,
Bangladesh,BGD,Total fisheries production (metric tons),ER.FSH.PROD.MT,400570,450640,500720,500810,550910,601030,601150,601300,651460,651650,690100,740100,818100,820200,822082,640070,641605,643769,646895,647128,646970,651256,689498,726587,750196,766081,793191,805285,830593,839944,846144,900720,936195,1002567,1034980,1109462,1193874,1315290,1413953,1552417,1661384,1781057,1890459,1998197,2102026,2215957,2328545,2440011,2563296,2885864,3035101,3124677,3261781,3410254,3549529,3684645,3878924,4134486,4276741,4384419,4503761,4621667.998,4759224.002,4915240,5019069,
Barbados,BRB,Total fisheries production (metric tons),ER.FSH.PROD.MT,5213,4613,4713,2813,2113,2613,4813,4613,3213,3013,2313,2313,2313,2613,2668,4223,4952,3188,3597,4267,3747,3423,3492,6534,5784,3832,4112,3610,8939,2585,3029,2292,3585,3225,2829,3592,3523,2820,3655,3281,3185,2731,2530,2849,2159,2193,1988,2237,3564,3509,3282,1828.39,1371.127,2990.383,2227.088,1520.376,1761.582,1765.844,1757.546,900.664,1059.333,984.167,966.077,938.579,728.499,
Belarus,BLR,Total fisheries production (metric tons),ER.FSH.PROD.MT,,,,,,,,,,,,,,,,,,,,,,,,,,,,,,,,,9922,10011,7721,6178,6859,4821,5184,5804,7269,5610,7543,6196,4733,6242,9051,14780,15445,16485,17162,17415,16464,14245,11424,9999.9,11887.3,11126.8,12381.3,10252.7,10205.384,9116.131,7520.4,7992.503,9577,
Belgium,BEL,Total fisheries production (metric tons),ER.FSH.PROD.MT,63700,61600,59900,62000,59500,59700,62800,63800,68200,58700,53000,60200,59000,53300,46820,49031,44503,45372,50597,47157,45705,49426,48044,48835,48181,45555,39996,40831,42241,40368,42135,40737,37966,36935,35100,36445,31769,31346,31681,31473,31671,32039,30862,28092,27493,25000,23176,24669,22735,22313,22957,22578,24951,25891,27007,24803,27014,24724,23116,21436,20162.8,18160,18953,18253,17371,
Belize,BLZ,Total fisheries production (metric tons),ER.FSH.PROD.MT,900,600,800,900,900,800,900,1300,1300,1600,1500,1800,1900,1600,1618,1603,1613,3082,2808,2554,2066,2252,2288,2641,2672,2427,1861,2059,2151,2312,2132,2679,2715,4573,8326,10669,13172,26185,28242,54990,33952,35206,88760,53518,81472,111585,193397,308811,368802,309942,407286.7,282596.308,177826.443,41863.607,83416.163,101730.239,92575.505,122632.669,215966.266,213106.989,185755.125,190062.468,203331.146,197929.138,209190.375,
Benin,BEN,Total fisheries production (metric tons),ER.FSH.PROD.MT,26000,28000,30000,25000,26000,20000,18800,35600,35900,36600,43110,43404,43202,40673,39402,37533,37104,36528,35879,35700,37832,37768,37521,34628,35290,36371,38753,41903,37346,41860,38234,35083,32488,39221,39923,44379,42175,43785,42139,40437,32324,38415,40670,41655,39995,31847,41922,36684,37828,39356,40275,39368,40984,43203,49128,41056.66,54133,64068.36,62893.337,75640.447,69996.908,72205,66001.953,54578.334,64021.1,
Bermuda,BMU,Total fisheries production (metric tons),ER.FSH.PROD.MT,500,500,400,400,450,450,500,500,550,550,900,2380,2820,3220,3599,4572,7208,7635,8723,6347,4105,2024,2348,927,538,670,820,821,773,774,463,428,432,404,394,449,465,461,466,453,290,309,397,363,386,401,381,425,401,416,375,478,516,461,417,407,410,380,354,374,358.48,419,392,321,338,
Bhutan,BTN,Total fisheries production (metric tons),ER.FSH.PROD.MT,100,100,100,150,150,150,150,150,150,150,150,150,150,150,150,150,150,150,150,150,150,145,140,135,130,125,120,115,125,117,131,130,125,115,110,105,100,95,90,85,80,75,70,65,70,65,60,55,56,54,52,79,80.34,72.8,144,156,197,238,223.62,209.77,181.5,194.1,104,48,63,
Bolivia,BOL,Total fisheries production (metric tons),ER.FSH.PROD.MT,700,500,1300,1400,1900,1800,1700,1500,1300,1200,1100,1300,1500,1500,1050,1050,1250,1550,1550,3650,4379,5617,4105,4105,4105,4170,3871,54306,34512,6344,7868,5526,8081,6692,6489,6828,6668,22698,8517,24278,6846,34680,38064,50776,43495,58420,51208,55600,62225,36625,32436,56836,67689,70419,94282,80389.4,54769,67432,46311,221810,29642,38140,53150.5,44763,29805.27,
Bosnia and Herzegovina,BIH,Total fisheries production (metric tons),ER.FSH.PROD.MT,,,,,,,,,,,,,,,,,,,,,,,,,,,,,,,,,201,201,201,201,252,253,254,255,255,255,4940,6890,6699,7375,7926,7747,7894,7925,7925,5275.2,3943.3,3228.5,3702,4795.6,4908.6,4105.4,3983.8,4302.4,4120.8,4163.6,4264.9,4370.6,5237.3,
Botswana,BWA,Total fisheries production (metric tons),ER.FSH.PROD.MT,400,400,500,500,500,500,600,600,800,800,800,1100,1200,1200,1200,1200,1600,1500,1000,1000,1250,1450,1400,1250,1500,1500,1700,1900,1900,3600,1900,1718,2124,8014,987,899,428,498,193,166,177,270,139,131,161,132,81,442,460,1699,1560,2234,3178,4431,5668,4541,953,3258,1663,2033,1729,2208,3865,1207,196,
Brazil,BRA,Total fisheries production (metric tons),ER.FSH.PROD.MT,251813,276183,380156,335994,369280,389141,393610,420359,495735,492920,573843,614444,620941,760744,715985,753886,661029,732746,755369,784339,809538,812314,832738,882168,961169,968155,957550,947992,830102,798638,640295,671565,670761,683737,745220,653503,694326,739732,712936,751180,850647,937272,1009441,998622,1023273,1008683,1051789,1084278,1130506,1199690,1198332,1205878,1306131.486,1270013.022,1342788.99,1306966.058,1176356.426,1110480.772,1155571.866,1155585.017,1120063.967,1185725.525,1326957.396,1511255.968,1603339.036,
British Virgin Islands,VGB,Total fisheries production (metric tons),ER.FSH.PROD.MT,300,400,400,400,400,400,400,300,300,300,300,300,300,300,306,318,330,340,350,360,370,380,390,407,470,520,543,565,582,615,624,634,453,343,470,532,506,105,116,115,43,837,1062,2771,1262,1295,1308,1251,1202,1201,1201,1200,1196,1202.5,1204.884,1200.558,1192.5,1193,1193,1193,1122,1134.19,1137.518,1127.541,1128.914,
Brunei Darussalam,BRN,Total fisheries production (metric tons),ER.FSH.PROD.MT,800,900,900,1000,1000,1100,1200,1200,1300,1300,1500,1500,1500,1500,1560,1570,1644,2193,2704,2792,2225,2367,2357,3055,3425,3967,4106,3916,2042,2318,2354,1652,1709,1764,4517,4822,5848,4678,5221,3380,2600,1696,2215,1949,2632,3163,2754,3172,2830,2391,2850.98,2684,5073,3386.85,3897.07,4353.14,14239.63,13496,14811.987,14623.615,16591.087,20062.925,21213.091,19386.57,17696.5,
Bulgaria,BGR,Total fisheries production (metric tons),ER.FSH.PROD.MT,8700,8100,9600,7500,13700,21183,27375,44881,61484,84473,94201,100704,111017,102010,118559,158121,167144,137997,99028,86107,125187,106673,115618,121126,115567,100223,109452,111652,118018,102966,57103,57854,32148,21555,12685,12627,13581,16674,23198,18336,12317,11612,17316,16500,10741,8579,10801,12935,14021,15700.538,18689.617,15150.432,15556.16,21821.583,19859.19,19702.105,21742.957,22358.845,22369.361,24381.135,19299.41,21982.838,14647.343,16632.217,18290.919,
Burkina Faso,BFA,Total fisheries production (metric tons),ER.FSH.PROD.MT,2000,2500,2500,3000,3500,3500,4000,4500,4500,4500,5000,5000,4000,5000,5000,5000,6000,6000,7000,7000,6500,7500,7000,7214,7374,7433,7630,7826,7907,8006,7006,7005,7505,7000,8000,8000,8030,8045,8375,7625,8505,8505,8505,9005,9005,9065,9750,10548,11568,12075,14800,16360,20602,20740,20936,20986,22106,25625,27752,28403,29805,30609,30938,31465.749,33064.92,
Burundi,BDI,Total fisheries production (metric tons),ER.FSH.PROD.MT,9200,5300,7200,10600,9700,20200,16600,12300,15000,15600,13300,16900,7500,8500,10982,14547,20333,18900,15682,11250,14767,11880,12131,11366,11363,11371,11861,12034,11701,10787,17425,21044,24123,17050,22050,21151,3091,20346,13476,9249,17365,9014,11050,14747,13905,13450,13028,11359,18315,12665,17322.3,10715.7,12469.4,13437,16279,20486,22185,19439,20755,20867,20079,20090,20475,20315,19500,
Cabo Verde,CPV,Total fisheries production (metric tons),ER.FSH.PROD.MT,1600,1600,1500,2000,2500,3500,4000,5900,4900,4000,5181,4153,4078,8333,3428,3900,3800,6000,7000,7476,8837,14730,12453,11863,10730,10190,7335,7312,6387,8614,6579.04,7378.1,6573,7000,8256,8495,9255,9705,9424,10360,10586,8676,8851,8136,11031,21931,19826,20127,21119,19213,21412,23077,20943.446,35983.796,35677.683,41240.001,29110.781,18839.68,27136.142,17670.95,19988.373,11142.927,8530.762,8887.699,5586.933,
Cambodia,KHM,Total fisheries production (metric tons),ER.FSH.PROD.MT,35000,45000,45000,40000,40000,45000,45000,50000,50000,52000,52200,77100,87100,84700,84700,84700,84704,84711,40925,30053,19706,51594,68715,68161,64424,70578,73651,82224,86896,86556,117081,123954,114892,113785,109454,127202,124510,131600,162700,309480,322349.51,480500.001,475250.001,467808,418135,545000,661152,622705,627500,700000,550000,608000,687000,733163,752912,771455.4,808205,860972,913624,908808,936300.3,856400,862200.003,866250,926936,
Cameroon,CMR,Total fisheries production (metric tons),ER.FSH.PROD.MT,51700,56500,58100,59400,59800,61100,62600,63400,65100,68100,68800,64700,60400,57600,55736,66280,70397,70172,68878,81236,81085,79818,83101,77397,75581,74099,72104,70773,70966,69967,70848,69392,72032,65307,79070,94188,98587,102067,106867,110067,112159,121181,130465,118186,129395,142747,137667,139158,155846,172546,181570,190571,199840,208195,208575,215547,234755,266741,287159,307046.828,220196,223420,235373,241562,250200,
Canada,CAN,Total fisheries production (metric tons),ER.FSH.PROD.MT,1081632,1110261,1290703,1401482,1396403,1418765,1540064,1450248,1605848,1578085,1542705,1451569,1252524,1235828,1139577,1155863,1262957,1401500,1561669,1601644,1544533,1642251,1585178,1440658,1346534,1505755,1574201,1682114,1825005,1751873,1789250,1609416,1445494,1241291,1175751,1013617,1267705,1356067,1382842,1389943,1249275,1426771,1565823,1584512,1684727,1590423,1590984,1421109,1338863,1202632,1205112,1147315.327,1086885.224,1156239.044,1083602.504,1094454.223,1150898.44,1147977.134,1098133.608,1067013.383,942139.016,973511.282,913122.999,871391.641,842251.093,
Caribbean small states,CSS,Total fisheries production (metric tons),ER.FSH.PROD.MT,23323,27213,26663,26463,28023,32573,36093,37373,39263,42063,45661,43484,47424,50114,53970,55525,51398,65371,66810,62949,60448,61278.789,61509.039,77185.154,149632.066,231134.818,125817.899,120130.03,129308.669,86999.611,98385.181,100230.544,95710.532,93855.944,111383.016,109792.483,115047.144,139057.592,177679.685,201705,182000,198473,269396,234090,294372.5,286185.5,376228.743,504543.99,557860.13,509797.67,637599.24,536310.813,360522.64,253177.896,373073.974,359917.159,303861.142,384649.867,346290.292,320151.335,288328.321,289343.013,308490.04,303744.084,312792.758,
Cayman Islands,CYM,Total fisheries production (metric tons),ER.FSH.PROD.MT,0,0,0,0,0,0,0,0,0,0,0,0,0,0,0,0,0,0,0,500,1391,3992,933,655,423,396,478,1097,386,615,837,586,825,445,125,125,110,125,125,125,125,125,125,125,125,125,125,135,135,135,135,135,135,135,135,135,135,135,135,204,207,210,213,215,215,
Central African Republic,CAF,Total fisheries production (metric tons),ER.FSH.PROD.MT,2000,2000,2000,2500,2500,3000,4000,5000,5000,6000,7000,8000,8000,10000,11883,8049,10480,13030,13047,13064,13080,13094,13111,13128,13309,13288,13193,13088,13079,13082,13105,13605,13338,13551,13755,13960,14150,14330,14580,15117,15120,17125,19125,21125,23125,25125,27140,29140,31140,33140,35170,35170,32182,30195,29195,28195,29195,29190,29204,29239,27779,28320,29350,29390,29410,
Central Europe and the Baltics,CEB,Total fisheries production (metric tons),ER.FSH.PROD.MT,245611,251722,244516,292337,335341,381021,425630,459789,539022,566117,652471,716370,768424,812116,957319,1126574,1077259,986948,850318,897313,972945,961093,1002704,1148640,1107562,1053084,1061725,1084902,1077907,928688,693364,663863,1180162.078,958208.274,901936.008,943987.054,822439.996,755817.492,678129.078,691542.192,689529.244,754069.125,736595.539,679416.036,716991.121,701902.09,695723.301,767621.087,770310.794,848679.747,782992.377,765320.921,614043.387,701292.078,752228.758,662200.853,740121.518,696175.582,685211.93,698431.577,669319.704,655556.11,638878.249,632108.692,547392.999,
Chad,TCD,Total fisheries production (metric tons),ER.FSH.PROD.MT,40000,45000,45000,45000,50000,55000,60000,60000,65000,65000,70000,70000,70000,70000,75000,75000,75000,80000,75000,70000,60000,55000,30000,40000,50000,55000,60000,70000,58000,64400,70000,60000,80000,87300,80000,90000,100000,85000,51300,59600,83200,75000,70000,71000,74000,77000,79000,82000,85030,88030,91030,95030,100030,120060,120080,100154,110094,107150,107105,107105,105105,103110,107110,109115,109115,
Channel Islands,CHI,Total fisheries production (metric tons),ER.FSH.PROD.MT,800,1000,1000,1000,1000,1200,1200,1200,1200,1200,1300,1300,1300,1700,1625,1449,1368,2004,2688,2704,2906,2800,2241,3477,3669,3024,2333,2390,2756,2923,3072,2872,2885,2935,2886,3063,4537,4368,4313,3850,3979,4414,4029,4210,3976,4155,4128,4357,4200,3673.6,4503.2,4067.1,3837.24,3821.13,4300.75,4343.2,4484.65,4108.2,4669.6,4428.2,3180.72,3332.51,3480,,,
Chile,CHL,Total fisheries production (metric tons),ER.FSH.PROD.MT,348906,443239,645982,775431,1177627,730625,1405958,1086208,1392712,1110346,1230759,1516615,821332,694716,1172133,970659,1443268,1379031,2002897,2706247,2899909,3504850,3846789,4167509,4674028,4986865,5695537,4931660,5376435,6633478,5424993,6166313,6627364,6191764,8021446,7891112,7232842,6365725,3824608,5587318,4972652,4663433,5132740,4528441,6013543,5477537,5294199.001,4939022,4810224,4702903,3761557,4436497,4083083.309,3334593.04,3820107.483,3189435.059,2876719.746,3554763.218,3658915.928,3787589.723,3688721.826,3834716.587,4215232.158,4099413.256,3948273.393,
China,CHN,Total fisheries production (metric tons),ER.FSH.PROD.MT,3173600,3173600,3280400,3348000,3483200,3690000,3825200,3825200,3931900,4067100,3970690,4494570,4996282,4922582,5360583,5654493,5703574,6411153,6438622,5973332,6252312,6174007,6766618,7327544,8211953,9236137,10416481,11733919,13189029,14326208,15107495,17147309,20607711,24697356,29231422,33865204,37799524,38467260,41144461,43209033,44573574,45506377,47586869,49490650,51958654,53793997,55906797.49,57517796.3,59230149.74,61125855.71,62843813.78,64411221.25,67528903.81,70662625.21,73683870.14,76016875.35,78337640.1,79935166.13,80966168.45,82593722.26,83929521.48,85948134,88614076,91540331.6,95211994.68,
Colombia,COL,Total fisheries production (metric tons),ER.FSH.PROD.MT,29800,43300,52000,47700,50300,53500,59200,86200,83600,57600,54500,37700,110700,105300,62418,66575,75109,63972,79590,63411,76224,94731,71442,57639,79289,71696.323,83645.479,86068.338,107932.338,209612.3,249741,226789,375931,606689.5,661921.5,996169,816611,644470,850938,951829,1031050,908237,722538,746891,784635,784088,1148859,861532,713853,592469,809300,811267,791404,1017800,924924,695083,546714,519910.5,584011.22,651436.997,516431.443,633452.87,783846.99,629153.563,704070,
Comoros,COM,Total fisheries production (metric tons),ER.FSH.PROD.MT,817,817,917,917,917,917,875,875,1235,1235,1661,2469,2878,3286,4046,4755,4863,5620,6026,6485,6951,7459,7974,8493,8999,9515,9970,10378,10913,10751,11251,11551,12590,12757,13537,13109,12696,12576,12317,11818,12003,11425,11178,11053,10987,10738,10464,14401,22714,44745,63447,38180,36295.225,43732.217,9266.399,11762.692,20289.213,17520.848,13772.438,17593.855,20680.516,19202.856,18676.631,13883.302,17727.789,
"Congo, Dem. Rep.",COD,Total fisheries production (metric tons),ER.FSH.PROD.MT,77000,75000,77000,69500,75000,81000,84000,93400,127700,149300,136600,123900,124200,156900,128810,113380,117858,107000,108706,115182,102415,102640,100700,102000,148300,148456,156514,162300,162600,167000,163400,166550,188570,197489,156547,159227,163610,163211,179874,210441,246695,234122,240655,237340,238717,237829,237582,237272.5,234472,231388,227516,224280,220929,230335,232533,233733,240598,241580,253775,266680,253965,266835,279680,267310,271765,
"Congo, Rep.",COG,Total fisheries production (metric tons),ER.FSH.PROD.MT,11000,11000,12600,12500,13600,14000,14200,13600,14100,13900,14399,16010,24526,22200,23718,23103,26869,24364,26297,29630,31965,29665,30835,35255,32854,29939,32083,38386,43320,46549,48754,45577,40183,46982,42785,45915,45579,38181,43095,43699,46024,48894,51995,53934,57096,54696,59103,59241,54319,61461,65471,73568,81555,73791,74056,69928,87477,95727,99374,71080.837,71537.352,70330,65110.785,61887.103,55451.847,
Costa Rica,CRI,Total fisheries production (metric tons),ER.FSH.PROD.MT,2200,2400,2500,2400,3600,3400,3300,3500,5000,4100,8100,10560,12550,12360,15554,16174,14201,15401,22655,20785,16453,16051,12625,11187,16575,20489,23057,17240,17069,17440,18943,18018,18254,19507,21044,24197,31321,33696,32597,37353,44871,44536,50937,50102,44708,45527,39157,45516,48464,44568.3,44755,41644.5,42332,48910,41511.5,38309.5,33988.618,33622.876,36377.587,39814.968,42948.344,46907.406,50441.093,45694.85,44308.298,
Cote d'Ivoire,CIV,Total fisheries production (metric tons),ER.FSH.PROD.MT,40500,42100,43600,45600,54600,59500,60800,66100,68400,67400,64302,77530,75199,60763,66690,58590,75917,67054,65012,73621,70068,75586,73753,79858,73701,101927,103648,101682,89506,99171,95100,83108,87345,70174,74095,70575,73839,67617,73390,79273,81520,77030,70676,69769,55267,43531,55696,48590,45089,44233,49738,55862,56233.206,65066.018,78556.818,102527.918,108929.211,99668.74,113637.039,110694.894,74359.197,73745.07,79603.007,85096.347,95130.248,
Croatia,HRV,Total fisheries production (metric tons),ER.FSH.PROD.MT,,,,,,,,,,,,,,,,,,,,,,,,,,,,,,,,,33534.078,31233.274,22422.008,20275.054,21125.996,20551.492,27935.078,25222.192,27944.244,29019.125,30334.539,29463.036,43006.121,48537.09,56723.132,56363.633,64797.08,72119.05,68545.81,86000.06,75611.281,89552.545,94137.883,90847.418,90600.137,87095.032,90251.863,85064.368,93394.786,90368.97,90893.462,83057.503,72225.508,
Cuba,CUB,Total fisheries production (metric tons),ER.FSH.PROD.MT,31200,30600,35000,35612,37165,41080,43826,65975,66250,78919,104500,127110,139711,150387,164629,144053,194490,184759,213176,153701,186450,164834,195296,198494,199858.3,219862.9,244558.3,214773.6,231091.1,191882.9,188067.8,171061.6,111943.8,97708.3,93974.4,102441.2,120902.8,113674.5,98349.1,100814.1,101268,80280,59631,60985,59757,50870,54797,67011,65400,64894,55418,48703.8,48499.2,51680.7,56338.6,57690,52759,52758,51249,45658.3,46387.5,40717.7,29924,26239.32,22329.9,
Curacao,CUW,Total fisheries production (metric tons),ER.FSH.PROD.MT,,,,,,,,,,,,,,,,,,,,,,,,,,,,,,,,,,,,,,,,,,,,,,,,,,,,22074,25071.897,26196.689,28495.269,30159.32,35534.8,32624.809,37863.98,29234.637,23069.866,25030.279,8852.026,2251.296,2451,
Cyprus,CYP,Total fisheries production (metric tons),ER.FSH.PROD.MT,500,400,600,600,600,1006,1009,1014,1412,1409,1363,1255,1340,1459,1221,950,1083,1220,1276,1314,1339,1462,1591,1988.771,2266,2438,2598.388,2593,2563,2625,2709,3048,9491,10275,9718,9772,13313,25788,20482,41060,70223,56606,142941,49561,82269,64933,33547,5646,5782,4754.7,5493.8,5854.98,5656.71,6522.1,6103.344,7335.54,8144.26,9059.11,8865.14,9659.465,8702.247,9284.809,8930.992,6924.043,10216.588,
Czechia,CZE,Total fisheries production (metric tons),ER.FSH.PROD.MT,,,,,,,,,,,,,,,,,,,,,,,,,,,,,,,,,,23427,22610,22608,21724,20881,21183,22965,24129,24744,24193,24797,23912,24697,25077,24723,24559,24183,24410,24869,24796,23118.4,23947,24041,24459,25242,25401,24707,24130,24305,22640,21982,22135,
Denmark,DNK,Total fisheries production (metric tons),ER.FSH.PROD.MT,574647,637492,785102,847904,871061,840830,850802,1070415,1466808,1275401,1226500,1400901,1442921,1443662,1835370,1767039,1919197,1806612,1750769,1741256,2032073,1859445,1931373,1870909,1851484,1796989,1849758,1707816,1974414,1929397,1517646,1793336,1997210,1658477,1920657,2050763,1723442,1866549,1604909,1451897,1581861,1556170,1474375,1068994,1133413,949609,904902,684206.9,726654,812890.5,864249.2,752305,537780.34,706605.2,780610.2,905232.7,706293,942630,826533,678752.96,774671,506223.758,495685.42,528357.72,496186.089,
Djibouti,DJI,Total fisheries production (metric tons),ER.FSH.PROD.MT,900,800,900,1000,300,300,300,300,300,300,300,300,100,200,380,300,230,230,230,231,251,385,426,409,409,380,409,426,454,399,360,252,275,300,320,350,400,500,600,700,800,900,1000,1100,1200,1571,1299,1229,1206,1058,1590,1667,2167,1702,2298,2012,2220,2022,2102,2270.131,2322.5,3088.9,3070.8,3185.8,3386.9,
Dominica,DMA,Total fisheries production (metric tons),ER.FSH.PROD.MT,500,500,600,600,600,500,500,500,600,600,500,600,700,800,900,1001,1024,1047,1070,642,1445,1514,1545,800,700,640,644,500,500,500,458,552,717,797,885,954,1034,1084,1217,1205,1207,1212,1211,963,718,598,718,701,723,796,711,668,631,533,1035,996,815,784,762,860.4,527.1,289.47,292.5,521,989,
Dominican Republic,DOM,Total fisheries production (metric tons),ER.FSH.PROD.MT,1300,1600,1700,3200,4200,4100,3500,3200,4600,4800,5200,4600,5600,9200,6810,5906,7053,4594,5086,7885,10658,12003,13169,12852,13925,17202.9,17289.1,20452,12940,21884,19775,17454,13661,14204,26814,20080,13683,15212,10981,9166,13140,15864,20815,20041,16223,12173,13936,14789,16462,15463,15770,16152.9,14694.624,14763.562,15964.027,14184.877,16735.693,18363.554,16929.445,19230.998,17494.13,21316.9,21735,21246,24044.473,
Early-demographic dividend,EAR,Total fisheries production (metric tons),ER.FSH.PROD.MT,8518346,10438088,12311465,12634044,15561745,14265620,15993194,17877448,19011685,17666558,20928510,19262499,13575154,12074372,14323685,13579631,14527580,13339706,15078645,15785175,15268669,15735584.58,16747040.64,15040747.33,17584119.43,19358057.69,21312889.22,21464494.6,24147786.44,24572710.3,24607525.64,25422865.77,27278677.97,29900377.97,33546124.84,31783684.29,33015505.43,32144995.85,28467700.58,33843258,36811100.12,35698448.63,37209407.95,35699278,40758316.4,42332316.34,41933544.76,43255707.19,45595550.3,46254726.25,46501049.62,52099005.38,52231897.28,57251042.43,57919592.93,61363235.53,61742178.77,64058699.96,68773319.89,67419805.47,67118545.43,69415769.88,70702967.6,72058236.8,76391497.55,
East Asia & Pacific,EAS,Total fisheries production (metric tons),ER.FSH.PROD.MT,13127128,14089711,14629921,14893411,15068465,16156401,17041986,18250419,19789422,20173901,21003266,22756791,24346044,25453906,26187179,26430353,27301378,29052815.5,29677690,29172194,30085641,31369269.43,32343230.92,34138781.36,36190718.72,37057943.3,40279249.97,42344256.72,44063571.5,45186149.54,45132497.06,46096584.42,50094815.66,54375039.96,58696727.53,63224860.27,66942852.85,67775192.82,69687741.6,72656347.71,74310677.84,75862280.56,78539835.35,82054138.2,85748852.05,89262532.31,92806573.62,96437927.97,98856577.23,101638842,105393366.4,108587802,114114974.8,120938465.4,125921460.8,129638054.7,131898252.2,134620517.5,136449331.4,138021000.2,138476860.2,140185108.5,143318114.5,147384757,151794330.1,
East Asia & Pacific (excluding high income),EAP,Total fisheries production (metric tons),ER.FSH.PROD.MT,6032318,6337871.999,6648237.999,6981779.001,7406683.999,7870792,8396407.002,8695124.001,9287624,9692872.999,9732185.999,10654240,11536100,11779739,12128976,12498720,12917180,14480048,15024623,14588458,14925029,15555541,16546567,17635568.99,18627176.14,19986473.1,21936150.58,24335221.68,25685163.65,27454475.58,28131246.32,30614080.95,34878017.57,39625571.9,44599887.1,49735834.06,53747956.9,54396991.93,57421780.75,60482870.49,62738677.82,64478497.24,67475815.97,70674068.59,74893796.03,78158607.92,81538489.93,84674478.94,87259617.99,90737158.34,94504321.63,98066007.4,103640436.3,110566663.3,115275155,119281178.8,122142693.3,124429874.7,126122769,127790907.7,128438487.1,130012475.4,133770992.6,137817791.1,142456975,
East Asia & Pacific (IDA & IBRD countries),TEA,Total fisheries production (metric tons),ER.FSH.PROD.MT,5728392,5990984.999,6294281.999,6608350.001,7036239.999,7475119,7970052.002,8237640.001,8804262,9196590.999,9284424.999,10141150,10965256,11185532,11443546,11768301,12100547,13646487,13831349,13383326,13732386,14115603,15023843,16348366.99,17181563.14,18502927.1,20309332.58,22302578.68,23864601.65,25489005.58,26754503.32,29288364.95,33416895.57,38099912.53,43412475.1,48672331.15,52713887.35,53672561.93,56713652.75,59782731.49,62059780.82,63765348.64,66764093.97,69962366.59,74182075.03,77447198.82,80826652.73,83962808.76,86547731.19,90023104.22,93778617.74,97338486.18,102917496.2,109847158.3,114482773.6,118494573.3,121315055.4,123596848.7,125248067.8,126941620.8,127652689.7,129244093.7,132980850.5,137015975.3,141651072.6,
Ecuador,ECU,Total fisheries production (metric tons),ER.FSH.PROD.MT,44300,38600,42500,49700,46300,53500,48200,57500,68900,64900,91020,102580,107040,152078,176500,215789,282793,425506,614512,605275,639542,539294,607927,372429,883405,1087676,1004271,680134,876024,682793,366643,437670,343511,378157,419571,614801,811854,671384,468138,629607,657800,645357,396805,494804,465447,602949,638648,579946,678793,718142,672594.8,818495,824536,841413,1024939.6,1059321.5,1160576.3,1108129,1179206,1304012.186,1410930.172,1767269.793,1814015.19,1932080.742,2020949.818,
"Egypt, Arab Rep.",EGY,Total fisheries production (metric tons),ER.FSH.PROD.MT,88500,92000,118000,115000,135000,102400,99000,80300,80500,80000,76758,84268,79209,87514,98344,106574,102764,104541,99915,137481,140397,141715.579,155732.642,157306.387,163839.536,215955.769,229153.976,231112.887,284328.791,293605.8,312952,346048,346296.8,354040.7,368204.6,407116.5,431572.4,457037.2,545594,648942,724408,771498,801459,876305,865030,889302,970925,1008008,1067581,1092889,1304795,1362175,1371975.7,1454402.086,1481883.08,1518944,1706274.335,1777824.17,1967517,2038992.34,2010135,2000998.4,1992355,2019620,2025635,
El Salvador,SLV,Total fisheries production (metric tons),ER.FSH.PROD.MT,7300,8000,8200,8400,9200,9600,10600,9900,10200,10300,11100,10700,10400,12400,9654,8730,7201,6368,9540,12738,13958,20770,12916,7603,12189,16098,20446,21534,11733,10637,9159,11327,12615,13079,14883,15590,14791,12281,11377,10194,9851,20004,36724,36615,44634,43317,46296,58398,57104,52779.71,44082.93,59286.7,57382,55425,64959,61255.71,66513.77,70671.778,68044.66,61592.746,67818.404,72101.726,73033.984,68577.063,68991.15,
Equatorial Guinea,GNQ,Total fisheries production (metric tons),ER.FSH.PROD.MT,900,500,800,1000,1000,600,1200,1100,3700,3500,4000,4000,4000,4000,4000,4000,4000,4000,4000,4000,2500,2500,2019,2341,4000,3600,4400,4000,4000,4000,3700,3500,3600,3507,5069,2306,5040,6090,6005,7001,3634,3600,3550,3550,3500,3750,4006,4539,5406,7675,7391,7132,7849,6941.149,6082.919,6439.256,6471.293,6393,6423.614,6435.721,5976.271,6327.127,6629.139,7227.452,7274.452,
Eritrea,ERI,Total fisheries production (metric tons),ER.FSH.PROD.MT,,,,,,,,,,,,,,,,,,,,,,,,,,,,,,,,,,475,2706,3559,3252,1038,1852.9,6997.05,12718,8894,7869,6711,7410,4027,8813,2232,1965,3330,3586,2939,3924.353,3616.683,3695.716,6240.82,3369.743,4771.946,6356.674,5888.871,1905.017,1097.216,1677.252,1881.932,2485.366,
Estonia,EST,Total fisheries production (metric tons),ER.FSH.PROD.MT,,,,,,,,,,,,,,,,,,,,,,,,,,,,,,,,,129689,147515,124508,132891,108992,126317,121854,113312,113572,105959,102622,80580,88877,100136,87587,100216,103393,99157.6,96304.04,81968.34,67194.398,70187.214,69753.475,73993.7,76523.733,83690.461,87994.661,87816.971,75232.629,73084.982,74739.547,77613.695,66314.354,
Eswatini,SWZ,Total fisheries production (metric tons),ER.FSH.PROD.MT,,,,,,,,,50,50,50,50,50,50,50,50,50,53,44,60,70,70,80,80,90,90,100,100,110,110,110,105,100,110,120,138,143,116,131,111,119,122,85,85,105,105,110,110,110,110,100,100,100,100,95,95,95,95,90,90,80,85,90,90,90,
Ethiopia,ETH,Total fisheries production (metric tons),ER.FSH.PROD.MT,,,,,,,,,,,,,,,,,,,,,,,,,,,,,,,,,,4797,5320,8385,8808,10394,14014,16864,15740,15447,12535,10128,10476,9822,10642,13819,17287,17072,18083,24066,28759,38416.3,50204.5,50579.5,50516.245,56127.1,63885.762,59430.892,60348,73548,101827,131827,255458,
Euro area,EMU,Total fisheries production (metric tons),ER.FSH.PROD.MT,3750255,3890545,3923856,4115224.1,4368369.1,4564343.4,4601420.8,4843890,5050228,4882607,4975520,4841370,4876582,5055791,5087838,5008565,4859847,4583569,4572128.1,4318632.7,4519472.9,4730876.652,4873609.1,4860555.62,4953465.578,5017533.335,5069779.996,5073876.165,5121303.763,5000784.9,4731211.17,4587225.85,5104616.278,5131800.274,5089994.608,5355189.054,5237155.596,5192198.892,5366598.978,5272651.692,5109825.394,5232220.225,4877033.039,4923154.336,4831012.321,4833840.89,4898151.281,4762673.891,4546072.752,4507069.444,4584452.368,4416493.625,4113346.232,4225593.28,4512008.085,4342788.385,4423919.829,4551101.805,4507092.45,4179587.192,3827012.094,3891090.925,3834813.556,3660963.615,3671775.141,
Europe & Central Asia,ECS,Total fisheries production (metric tons),ER.FSH.PROD.MT,8335394,8763760,8937713,9313517.1,10162615.1,11278784.4,12049460.8,12655141,12365537,11907549,12676402,12775058,12967821,13261423,13427932,13261440,14199276,14186606,13499111.1,13420319.7,13586274.9,13756915.65,13372675.1,13824638.62,14212084.66,14020385.45,13798101.13,13936881.57,14315363.56,13554702.6,12354070.87,12332753.85,20607706.48,19256454.27,18728585.61,20236182.35,20504357.3,20962261.69,20313209.48,19674079.59,19768368.39,19465242.43,18865635.5,18143899.64,17587643.98,17407871.69,17151541.68,17374436.79,16874464.56,17291719.67,17849161.71,17509948.43,17342446.6,17759856.87,18061981.06,18655032.95,18183620.83,19547772.74,19797728.5,19145278.21,19066766.4,19221704.79,19570317.11,19992003.99,18720860.63,
Europe & Central Asia (excluding high income),ECA,Total fisheries production (metric tons),ER.FSH.PROD.MT,90460,84480,63000,133420,124150,138580,121056,193163,139578,176580,182241,168880,183487,154974,137918,130994,162020,173935,254221,359902,437225,481096,514717,569082,577174.085,592181.115,594853.132,641132.4,688563.8,466802.7,400001.7,368655,1205151.2,1090491,1051349,1182568.3,1079958.7,974811.8,1098046.5,1171181.9,1101613,1015731.2,1015387.46,967321.3,1009804.658,968035.8,1033699.4,1193565,1109967.52,1090821.04,1118126.78,1115131.256,1042178.977,1063237.7,903319.08,1084576.98,997650.768,1163613.5,1219999.835,1525664.016,1439355.479,1475413.33,1520892.674,1730581.107,1647813.822,
Europe & Central Asia (IDA & IBRD countries),TEC,Total fisheries production (metric tons),ER.FSH.PROD.MT,321171,316902,286516,403757,436791,494801,520086,624752,648700,714897,808712,859450,923011,937990,1065078,1226780,1207424,1126222,1071950,1224377,1376437,1402870,1475269,1673685,1645559.085,1608338.115,1620516.132,1689275.4,1728176.8,1359973.7,1059531.7,1009639,7545415.278,6167286.274,5463567.008,6184276.354,6315033.696,6207473.292,6021937.578,5790500.092,5565193.244,5109253.325,4723933.999,4691633.336,4376403.779,4577038.89,4716898.532,5063855.633,4907452.6,5406042.628,5639594.527,5847569.018,5861413.189,5959901.874,5692947.494,6071429.177,6333958.809,6627807.687,6941870.966,7143436.429,7198140.75,7336634.123,7203889.552,7823901.952,7299600.27,
European Union,EUU,Total fisheries production (metric tons),ER.FSH.PROD.MT,4811865,5040583,5238602,5590603.1,5939018.1,6135629.4,6171045.8,6670978,7313653,6909554,7046332,7087630,7195259,7430030,7967508,7951339,7894458,7421996,7259764.1,7069296.7,7632819.9,7702066.652,7947908.1,8020695.62,8071562.578,8007130.335,8087138.996,7969371.165,8306604.763,8013661.9,7145336.17,7231626.85,8046754.278,7627817.274,7950899.608,8381002.054,7779925.596,7857649.892,7717030.978,7410512.692,7347751.394,7427372.225,6962887.039,6558332.336,6518714.321,6292159.89,6317258.281,5936055.791,5750549.752,5848836.944,5948393.888,5644013.895,5101748.572,5437774.01,5776462.955,5772624.473,5670071.834,6069997.005,5893872.51,5370031.484,5107717.248,4880072.249,4771840.236,4630115.156,4564039.629,
Faroe Islands,FRO,Total fisheries production (metric tons),ER.FSH.PROD.MT,111077,122139,146027,140038,140398,146479,167804,175325,167989,177691,208220,208395,208673,247337,247352,286778,342588,311490,318251,268570,278059,246761,253530,332054,349273,376538,354116,392542,368262,312236,287072,247381,269150,266239,254249,296791,323903,353415,386186,401514,490068,566548,583516,684429,646806,589330,643191,651536,564948,410799,442592,416155,437750,564583,629344,666689,652068,790449,739915,748923.3,740478.1,658479.2,715322.1,890833.4,787202.7,
Fiji,FJI,Total fisheries production (metric tons),ER.FSH.PROD.MT,3000,3000,3000,3200,3400,3500,3500,3500,3800,3800,3900,3900,4700,4700,4800,5036,5589,7935,9250,20243,20404,23608,24931,24227,25639,26870,35100.4,38670.5,34209,35520.3,39528.77,33011.38,27687.101,30646.034,30300,30507,26877,30086,33075.609,56066.02,49357,50033,41526,37631.8,50194.16,47951.5,50351,48077,47483,47057.026,42710.5,47553,47467,43010,44391,41938,44924,47685,42977.68,41912,37832.3,32306.102,32835,32721.4,35542.85,
Finland,FIN,Total fisheries production (metric tons),ER.FSH.PROD.MT,65500,67000,64900,80500,62900,73250,70990,74090,92800,87300,81699,91401,89003,100000,112450,111797,120059,117831,139166,133972,165500,155394,164152,175393,178994,179288,167550,166364,175991,165172,151570,138643,169704,173862,180951,184830,196738,196526,187717,176047,171858,165806,157564,134665,148534,146400,162494,177920,162465,168728,168219,165275,175157,181528,196612,197914,207565.17,205645.9,189787.086,179795.078,164197.9,148379.4,142249.6,143884.6,127944.4,
France,FRA,Total fisheries production (metric tons),ER.FSH.PROD.MT,762076,791220,760511,798599,806850,856299,901798,924507,938096,855094,857202,844974,849345,889711,883112,878318,860917,836447,859858.3,837116.3,858409.9,872760.883,859974.64,886390.473,869591.544,921437.401,959629.579,926074.485,967831.08,943853.4,954949.8,901092.5,917743.5,957955.5,983412.6,967697.3,927483.9,929747.5,877983.5,921718.8,961128.6,923305.7,953512,948317.7,906763.2,843076.8,831942.9,790722.7,737868.4,673354.3,653975.5,692867.149,676437.984,738847.469,725652.319,704766.129,743301.334,749559.013,786752.201,731056.181,680691.799,712077.801,733548.74,663773.938,669691.871,
French Polynesia,PYF,Total fisheries production (metric tons),ER.FSH.PROD.MT,2600,2700,3000,2500,2500,1900,2100,2000,2100,2300,2300,2200,2400,2600,2386,2169,2828,2705.5,2994,2486,2747,2691,2671,2295.5,2889,2448.206,2361.104,2310,2860,3233,4304,4072,3846,8386.172,9134.96,9440.699,10227.38,12328.322,13029.001,13272.822,14704.987,16121.624,16631.732,15617.058,14206.803,14550.828,15261.101,15432.192,14229.685,15279.344,15228.171,15698.921,16941.858,17145.695,17185.664,15961.722,13759.133,13648.547,14554.038,14885.906,13394.491,14382.977,13121.518,13871.5,14714.861,
Gabon,GAB,Total fisheries production (metric tons),ER.FSH.PROD.MT,6000,6500,7000,7000,7000,8000,8000,8000,9000,9000,10000,10000,10000,12000,12000,14900,14820,14010,17800,21000,19800,20146,20605,19449,21002,20955,20226,22188,22093,20502,20002,22003,24005,31797.994,31047.995,40608.674,47964.373,44256.97,53912.2,51813,48384,42973.887,41653.3,45565.162,46157.5,43943.1,41691,37938,31450,29716.2,32821.6,36652,36548,36646,36903.2,33044,31050,29057,29061,29065.207,28953.667,29892.556,31079.414,30010.775,30243,
"Gambia, The",GMB,Total fisheries production (metric tons),ER.FSH.PROD.MT,4500,4800,5300,5300,5300,6200,6200,6200,6700,6700,7447,7739,7884,12294,12695,12695,12695,18092,14972,11143,13265,14739,9212,11653,11882,10712,13262,14642,13852,19842,21662,24985,18045,21308,22781,23699,31605,32747,29037,32643,29021,34532,37410,37371,32822,34960,37553,43600,42907,45910,46650,41535,36097,43771,51547,56015,58318,60518,49581,56253.663,51044.752,53228.99,54003.5,55512,55138,
Georgia,GEO,Total fisheries production (metric tons),ER.FSH.PROD.MT,,,,,,,,,,,,,,,,,,,,,,,,,,,,,,,,,39145,18820,7641,3717,2554,2644,3097,1496,1877,1716,1863,3362,12060,10081,14896,44248,48865,50731,46899,27547,13225,16825,20515,24175,46513.688,139465.372,205905.007,254200.156,209176.9,198366.454,201532.577,213031.4,203029.7,
Germany,DEU,Total fisheries production (metric tons),ER.FSH.PROD.MT,787910,748670,782420,837580,850030,864690,881650,951500,986660,970714,939498,846312,761507,850953,897600,828055,744507,655548,625086,590774,562566,585026,551637,544751,553756,426457,415388,399734,393112,412656,390760,310623,313553,322522,279031,303993,319662,324789,339112,317424,269980,262559,271632,331937,315581,326057,328425,335532,318266,282962,283844,273029,240768,260405,268775,291653,313001,284216,313409,265164.8,244376.562,222625.267,205829.2,217433.2,219045.5,
Ghana,GHA,Total fisheries production (metric tons),ER.FSH.PROD.MT,33800,36500,45700,59800,76600,76500,85700,99000,74100,131000,171611,232784,281331,221832,219327,261590,246820,272171,274887,237252,231855,240816,244492,251856,270013,276573,320177,382200,362477,362005,396232,362948,423855,373084,335937,353394,477294,447527,447341,499670,459346,456353,381182,394485,421393.403,382791.88,380913,334995,348112.142,311738,361658.651,368852.31,383796.586,322397.75,362130.173,388935.9,375343.57,425593.76,436637.369,370504.22,421285.51,482706.52,536976.73,501034.63,617968.661,
Gibraltar,GIB,Total fisheries production (metric tons),ER.FSH.PROD.MT,1,1,1,1,1,1,1,1,1,1,1,1,1,1,1,1,1,1,1,1,1,1,1,1,1,1,1,1,1,1,1,1,1,1,1,1,1,1,1,1,1,1,1,1,1,1,1,1,1,1,1,1,1,1,1,13.746,14.894,17.109,15.603,18.378,21.02,22.576,25.902,28.739,25.523,
Greece,GRC,Total fisheries production (metric tons),ER.FSH.PROD.MT,87430,85390,80490,80550,84130,90320,91630,94000,100760,95150,86139,95139,93129,104576,93678,96456,107574,108571,102697,105154,107614,103525.182,106747.8,102107.4,108540.8,114961.9,124848,134743.4,123686.3,136534.5,141904,151259.9,172917.8,191678.5,214306.9,184360.5,190903.2,205816.1,170072.4,204865.75,194761.7,191708.4,184006.9,195215.4,191034.4,198638.5,211623.7,209392.8,200953.3,205192.8,191423.8,174055.6,172017.668,178169.628,165923.7,172518.62,199241.6,203840,210080.72,211995.279,203213.166,203557.437,207492.389,204934.09,184065.857,
Greenland,GRL,Total fisheries production (metric tons),ER.FSH.PROD.MT,53018,55904,53852,45569,52475,54145,56155,53643,47019,86708,121820,114156,122694,137746,139162,133466,132476,160386,179340,202748,201024,208464,205270,194418,188308,162285,125043,162673,176199,215017,199097,178822,182612,261098,261765,283460,297236,277704,297590,352352,351788,336528,356596,336462,375128,431163,445845,398254,401789,360423,369182,358625,345737,413518,428395,395248,384779,406750,406552,369531,357203,370497,399201,397322.648,331315,
Grenada,GRD,Total fisheries production (metric tons),ER.FSH.PROD.MT,300,500,900,700,1100,1300,1200,1300,1300,1400,1300,1500,1700,1700,1634,1700,1700,2958,2238,1491,1419,788,982,1479,1555,1727,2296,2214,2092,1782,1911,2071,2115,2212,1599,1499,1577,1530,1837,1829,1705,2250,2171,2544,2039,2048,2163,2207,2386,2648,2182,2411.465,2379.633,2856.665,1953.606,2489.318,2774.071,2480.809,2580.323,2086.776,1918.855,1339.566,1979.192,3769.309,2183.378,
Guam,GUM,Total fisheries production (metric tons),ER.FSH.PROD.MT,100,100,100,100,100,100,100,100,100,100,100,100,100,100,91,131,95,184,200,164,257,326,444,327,395,518,567,500,593,550,688,690,575,599,613,482,480,491,575,554,856,905,668,616,692,440,580,488,491,602.5,296.785,231.505,212.486,218.642,196.857,181.253,179.768,252.461,192.809,188.477,129.067,109.578,117.974,141.245,109.637,
Guatemala,GTM,Total fisheries production (metric tons),ER.FSH.PROD.MT,1000,1300,2100,2500,2700,2100,3000,2500,1900,3000,3400,3300,3100,3700,3881,4530,3653,3074,5504,4898,3507,4273,4293,2388,3024,3166,2647,3077,3725,4327,7798,7344,7813,10868,11604,11928,11074,11303,13971,25868,43166,34804,31405,30042,14920,27987,33862,34365,42018,36772,45124.23,41312.498,33034.252,37448.4,40568.3,40585.493,41231.912,45204.384,45325.639,47733.257,47567.032,45058.653,59097.759,55814.433,39980.206,
Guinea,GIN,Total fisheries production (metric tons),ER.FSH.PROD.MT,4000,4000,4000,4000,5000,5000,5000,6000,6000,6000,6000,8300,8300,9500,12100,13370,9920,9120,10000,18453,20000,22000,24000,26000,28003,30003,33002,35002,38001,41001,44001,49501,55005,60605,63805,67964,63364,62491,70064,88814,92513,105404,93756,121927,97732,109238,104828,82183,94683,127923,113689,185149.2,198574.5,230371.8,207699,185061,159879.8,321741.9,293693.6,360643.2,386696.4,450320.4,382448.2,421600.49,392475,
Guinea-Bissau,GNB,Total fisheries production (metric tons),ER.FSH.PROD.MT,700,700,600,600,800,900,700,700,1300,1400,1500,1400,1700,1700,1700,1669,3575,4275,4283,2936,4166,3643,3977,2671,2751,3743,3700,4100,4690,5400,5400,5000,5200,5350,6000,6328,7000,7200,6700,6200,6315,6848,7324,6153,6650,6983,7067,6500,6804,6721,6584,6549,8750,11750,15750,21150,28460,38375,52278.645,60170,62407.458,63236,63850,59510,54128,
Guyana,GUY,Total fisheries production (metric tons),ER.FSH.PROD.MT,5700,7400,7900,9200,10400,12000,12300,13900,16000,16600,17400,15500,17600,19000,23617,20123,20956,31907,35978,35288,31530,32798,32794,44491,117616,195796,94480,82485,83536,42339,49555,49894,44796,45821,47262,49686,51483,55178,53140,65009,60051,60829,57833,64109,61275,57057,58948,65769,66960,72846.96,66357.6,72237.1,73812.178,79466.65,73085.496,58338.64,44068.7,60656.268,53014.761,40815.02,41461.526,35400.98,38551.856,39888,38729,
Haiti,HTI,Total fisheries production (metric tons),ER.FSH.PROD.MT,3000,3000,3000,3100,3300,3400,3400,3500,3500,3500,4000,4000,4000,4000,4000,4000,4000,4150,4300,4500,5000,5500,6000,6502.1,6901,6400,6000,5767.9,5517.9,5517.9,5167,5216,5016,5615,5215,5514,6014,6313,6610,7010,7427,7827,8127,8327,9697,11047,12297,13677,14977,16240,14075,17135,17103,17093,17083,17073,17063,17083,16903,16908,16813,16553,17003,16713,16743,
Heavily indebted poor countries (HIPC),HPC,Total fisheries production (metric tons),ER.FSH.PROD.MT,740717,769267,822667,878167,966317,1026367,1088475,1178451,1254611,1362289,1480307,1568320,1648390,1692499,1718432,1803321,1783772,1919276,1866084,1771632,1793045,1804857,1809286,1920601.1,2112188,2201930,2279987,2490244.9,2496156.214,2476492.933,2609264.2,2472570.755,2694819.309,2629966.358,2474860.077,2693610,2856909.2,2945421.172,2853460.793,3031716.056,3098369,3157924.743,3079581,3420814.747,3636109.083,3709831.03,3526639.2,3747137.7,3733837.392,3894432.36,4055967.951,4368722.186,4591765.204,4697998.552,4767710.59,4798274.519,5229169.923,5965593.455,6054826.032,6338292.168,5945595.173,6412749.643,6297934.081,6752419.418,6758011.314,
High income,HIC,Total fisheries production (metric tons),ER.FSH.PROD.MT,19802113,21247784,22096609,22334378.1,23202545.1,24659581.4,26427385.8,27359911,28633926,27765025,29869253,31140517,31058069,32194027,33243377,32843445,35060996,35300273.5,35738067.1,36339075.7,37316190.9,38795213.95,38878014.1,40482025.25,43012023.47,43019582.88,44811881.28,44812150.23,46051238.25,45874871.81,42905527.52,41679461.02,49287397.28,47308945.02,47969106.61,48076525.75,47529592.69,47700544.38,43033575.51,44082583.02,42838066.02,42648174.04,42403543.12,41543188.96,42101506.24,41493764.83,41152798.47,40987049.02,39588785.18,38985180.7,38772800.74,39266468.07,38725589.63,38521948.44,39581316.59,39167036.39,37941989.12,40480340.56,40974636.67,40011350.95,39112026.86,39744507.68,39529721.66,39578009.54,37596812.93,
Honduras,HND,Total fisheries production (metric tons),ER.FSH.PROD.MT,1700,2550,2550,2550,3400,4050,2600,4000,5700,5450,5000,5700,5750,4450,3863,5014,4643,5947,6804,8858,6636,6422,8130,11599,10052,11650,23173,28023,29424,26781,24541,36552,33670,37161,26327,34982,37555,33252,23548,31358,27968,35678,32746,40890,44802,70464,78013,71379,63184,42356,39587,60709,63988,65909,71324,67941,67074,76152,77123,80047,86997.1,84947.8,93386,123549.67,98203.652,
"Hong Kong SAR, China",HKG,Total fisheries production (metric tons),ER.FSH.PROD.MT,50450,54865,59480,61000,63820,66860,64550,68129,112182,117460,136337,128074,135397,128506,142471,151186,157256,158739,162943,189932,194684,182511,181167,189282,200392,198196,213557,228102,238168,242514,234495,230912,229516,226844,219976,203570,192274,194310,186439,133832,162000,179599,174092,162301,172159,166094,158661,158661,162880,163784,172348,174158,159323,173893,164686,149087,147033,131726,128432,126716.1,123262.7,119187.869,80561.198,88637.811,94832.2,
Hungary,HUN,Total fisheries production (metric tons),ER.FSH.PROD.MT,14900,19300,21000,22000,22700,24800,26600,28200,29900,27800,26000,25800,28900,29100,30159,30788,31855,34661,32589,32838,33733,39319,42152,44037,39177,36927,36062,36759,38294,35517,33834,22879,22908,17378,18206,16674,15686,16740,17487,19461,19987,19694,18324,18406,19986,21270,22229,22888,23081,21191,20461,22632,21850,21390,22789,23263,21338.969,23893.5,23101.3,22119.305,23918.99,22625.293,23153.924,22386.562,24179.017,
IBRD only,IBD,Total fisheries production (metric tons),ER.FSH.PROD.MT,12886774,14974400,17342361,18014665,21798162,20256010,23098028,24856842,26760445,25504944,28820013,28056057,22624367,21155133,23932888,23309826,24802268,24787468,27090517.9,28034537.8,27971481.1,29268942.08,31271964.64,30923303.39,34704047.96,37785137.21,41947612.72,42844202.84,47181822.85,50043461.5,49312818.87,53010246.23,65552498.4,70808327.44,80799086.24,84612342.18,88999227.19,87472175.12,83714222.71,92671590.61,96788621.18,95674567.11,99108897.15,98938849.27,107599203.8,110575405.6,112119152.1,114852326.6,118538575,121550543,122875311.3,130904574,134293737.5,142018319.4,145651288.5,150561903.5,153062471,157804226.4,163897971.3,164658041.6,165832244.1,170763270.9,175150482.4,179758652.3,187086668,
Iceland,ISL,Total fisheries production (metric tons),ER.FSH.PROD.MT,630364,734414,847818,797883,989617,1218265,1260773,915607,617636,707632,749177,700435,741987,922575,955304,1002394,1015731,1394027,1579631,1661764,1525455,1450507,802432,855580,1552214,1695897,1668904,1645022,1772738,1518613,1524210,1058740,1585735,1729803,1574168,1627874,2078268,2229114,1703592,1758305,2003670,2008312,2153231,2014911,1764431,1694270,1356353,1425925,1311817,1169803,1087042,1170467.5,1474378.3,1387615,1104102.5,1356051.6,1108141,1224662.7,1298837,1100942.8,1079698.2,1224384.402,1714386.542,1497274.62,1063593,
IDA & IBRD total,IBT,Total fisheries production (metric tons),ER.FSH.PROD.MT,14707361,16892861,19396526,20134259,24112972,22704926,25674721,27566974,29634571,28530352,32074675,31568216,26370923,25072453,27850164,27126970,28712596,28894164,31204872.9,32101022.8,32074768.1,33492240.08,35567548.64,35458280.63,39466052.09,42769855.32,47172793.44,48291590.11,52769542.14,55742557.53,55292320.23,58984908.24,71826769.6,77198880.45,87104983.59,91356821.91,95820760.95,94900314.72,91433940.7,101144751.7,105579746.9,104877110.4,108704838.4,109186427.8,118833342.4,122311392.5,124389255.5,127486861.6,131438072,135120979.6,137007726.1,145483453.4,149497649.6,157592389.4,161827349.4,167026330.6,170349378,176237433.3,182779196.4,183730167.9,184472686.1,189782370,194442371.9,199662250.6,207565925.8,
IDA blend,IDB,Total fisheries production (metric tons),ER.FSH.PROD.MT,277217,282016,300767,320373,366078,399747,453192,468555,480264,500009,547992,654657,690091,768608,757144,704872,770746,802678,851497,889757,861753,907272,936033,990682,1007962,1067594,1130074.4,1172927.5,1196231,1255806.3,1373697.81,1351815.48,1402355.101,1437706.719,1423461.316,1508222.401,1485746.798,1636027.089,1782687.743,1922602.776,1928550.287,1911227.205,2012001.751,1923817.365,2090910.605,2150298.954,2431890.942,2434126.842,2642111.946,2600026.275,2828122.144,2821429.999,2809613.337,2848432.146,3064865.105,3030003.882,3128634.462,3393195.124,3429356.281,3295885.026,3049625.981,3083915.811,3107166.523,3152974.42,3355689.295,
IDA only,IDX,Total fisheries production (metric tons),ER.FSH.PROD.MT,1543370,1636445,1753398,1799221,1948732,2049169,2123501,2241577,2393862,2525399,2706670,2857502,3056465,3148712,3160132,3112272,3139582,3304018,3262858,3176728,3241534,3316026,3359551,3544295.244,3754042.135,3917124.106,4095106.317,4274459.774,4391488.285,4443289.722,4605803.554,4622846.532,4871916.099,4952846.285,4882436.043,5236257.322,5335786.96,5792112.508,5937030.247,6550558.354,6862575.442,7291316.105,7583939.546,8323761.167,9143227.984,9585687.97,9838212.46,10200408.18,10257385.04,10970410.35,11304292.68,11757449.33,12394298.73,12725637.86,13111195.79,13434423.23,14158272.55,15040011.86,15451868.82,15776241.23,15590815.99,15935183.31,16184722.95,16750623.86,17123568.43,
IDA total,IDA,Total fisheries production (metric tons),ER.FSH.PROD.MT,1820587,1918461,2054165,2119594,2314810,2448916,2576693,2710132,2874126,3025408,3254662,3512159,3746556,3917320,3917276,3817144,3910328,4106696,4114355,4066485,4103287,4223298,4295584,4534977.244,4762004.135,4984718.106,5225180.717,5447387.274,5587719.285,5699096.022,5979501.364,5974662.012,6274271.2,6390553.004,6305897.359,6744479.723,6821533.758,7428139.597,7719717.99,8473161.13,8791125.729,9202543.31,9595941.297,10247578.53,11234138.59,11735986.92,12270103.4,12634535.02,12899496.99,13570436.62,14132414.82,14578879.33,15203912.06,15574070.01,16176060.9,16464427.11,17286907.01,18433206.98,18881225.1,19072126.26,18640441.98,19019099.12,19291889.48,19903598.28,20479257.73,
India,IND,Total fisheries production (metric tons),ER.FSH.PROD.MT,1161400,961000,973900,1045800,1321600,1331300,1367200,1400400,1525600,1605000,1758500,1853000,1639100,1960700,2256991,2267192,2177096,2314703,2309709,2343292,2445337,2448342,2369320,2508598.5,2874519.099,2839347.6,3007532.9,2994385,3200962,3718189,3879722,4132494,4324546,4566914,4867135,5016546.999,5301687,5485270,5381977,5686962.999,5668958,5937726,5973298,6074846,6230871.001,6698487.999,7060154,7005055,7984490,7893597.999,8505837,8016715.999,9114122.409,9158440.457,9883495.433,10206040.52,10898848.02,11763822,12584085,13410100,13299483,14433204.89,15774325,17499108.32,18450686.71,
Indonesia,IDN,Total fisheries production (metric tons),ER.FSH.PROD.MT,761726,914830.999,947225.999,939226.001,1004025.999,1074834,1241615.002,1198425.001,1180043,1234855.999,1257236.999,1273345.002,1296840.002,1294464.001,1361967.999,1376587,1486531.001,1587838,1668173.002,1770102.001,1877966,1946998.999,2026597,2248469.999,2313097.998,2452705.999,2607772.998,2762810.999,2962117.999,3104770.998,3268345,3423702,3629140,3923323.001,4156796,4388519.999,4648536.999,4696019,4771965.001,4901521.501,5162648.601,5426090.999,5557180.002,5938850.001,6222716.999,6845511.999,7298060.997,8197462,8874015.001,9840853.529,11680137.49,13713525.54,15482034.19,19457964.07,20880710.64,22331255.9,22536130.95,23093733.54,23088280.6,22713688.56,21782843.84,21905567.97,22267596.62,23212576.29,23571754.02,
"Iran, Islamic Rep.",IRN,Total fisheries production (metric tons),ER.FSH.PROD.MT,20015,20015,20015,18015,18013,20014,21114,22515,24019,24016,26066,24369,19643,20260,69949,68317,72713,73545,72105,72453,52922,55805,106174,112033,117923,120626,154311,215620,235192,260383,269076,275730,327513,343887,333999,368297,381702,400267,400534,411997,424541,413692,401655,441837,474320,522328,575347,561316,562568,599924,663684,736055.461,834492.271,878662.714,939493.865,976741.271,1087032.542,1241457.149,1305662.655,1313768.001,1344370.043,1335756.744,1351935.998,1418214.002,1498619.993,
Iraq,IRQ,Total fisheries production (metric tons),ER.FSH.PROD.MT,9000,9000,9000,11300,19200,16800,14100,10200,19100,22002,32100,27200,32000,27700,24246,21832,28283,26101,26100,55228,53245,26219,24000,22500,21000,21441,20564,21250,26461,24555,24229,15235,22823,23941,29247,30808,33237,34702,30074,24606,22512,35300,28000,19200,26883,43949,73942,68842,53826,46977,39668,47831,76117,70913,85625,52099,60180,67079,62718,62378,57514.171,66413.679,65585,60479.464,56635,
Ireland,IRL,Total fisheries production (metric tons),ER.FSH.PROD.MT,42800,32100,29000,27600,31900,35700,39700,50200,53100,66500,78901,74106,92112,90814,89591,88423,95038,93876,104306,93244,150030,191240,212936,204166,240149,260791,261619,282460,292151,240639,275047,293259,307044,340480,355986,450926,400867,364904,403021,363399,363644,453470,381310,363742,368937,357231,294410,301474,279686.5,346095.675,394931.3,287733.263,341529.865,310148.027,337623.936,305020.535,302099.788,325762.942,294136.855,282357.351,254252.764,284257.918,257552.766,260252.328,283261.359,
Isle of Man,IMN,Total fisheries production (metric tons),ER.FSH.PROD.MT,4900,4900,4500,4000,3600,5100,4600,6000,7200,9800,14700,16900,18000,15500,14791,14505,11242,11844,10504,12407,10106,8642,6298,8322,7668,6974,5778,5561,5624,5696,4085,4562,4481,4850,3571,3734,3537,4289,2214,2609,3552,3112,3127,2984,2627,2779,2594,3827,2785,3570,4829,6859,6187,5760,3770,7796,7055,6774,4446,2954,2757.95,3056.323,3049,3475.835,3514.441,
Israel,ISR,Total fisheries production (metric tons),ER.FSH.PROD.MT,14671,15954,17385,18282,19512,20573,25426,24537,28927,23280,28216,32339,34831,32578,28394,30192,31155,31865,32807,30259,27982,27677,26307,23206,24444,27103,25146,28558,28548,26898,24067,21475,18571,19784,20860,21469,23726,23678,25257,25638,27810,28637,27998,24831,25643,26560,25937,24869,22725,21891,22507,23392,23584.4,24234.6,22208,21764,20502,19434,18037,17952,17260,16955,15920,16615,16915,
Italy,ITA,Total fisheries production (metric tons),ER.FSH.PROD.MT,216754,245206,223613,234953,327089,356354,372164,375547,366613,372627,417749,426440,439063,424389,468486,450191,471500,423787,451257.4,482593.4,504905.5,513736.087,536817.66,543955.476,580930.734,586603.234,564374.429,554345.68,570726.383,548778.3,530676.17,586520.15,566844.5,563862.4,575759.8,612607.1,557127.5,541368.6,517109.7,495209.35,520705.85,530738.7,456198.1,489594.8,407162.8,481049.1,491439.7,470612.45,386631.259,416951.5,388457.21,381992.401,339485.399,318794.511,332181.767,347532.36,353559.502,353798.14,351103.444,318472.502,267383.947,296641.667,274267.039,254602.696,231868.507,
Jamaica,JAM,Total fisheries production (metric tons),ER.FSH.PROD.MT,8500,11500,11900,10000,10000,9000,9000,9000,8500,8500,8500,9300,9500,9600,10100,10100,10130,10109,9797,9851,9250,8050,8200,8961,9965,10731,11275,11170,14652,16160,17054,18390,22340,26340,28717,28300,27755,23485,20956,21414,10052,18831,21047,15456,17971,18771,25727,22019,19010,21343,19347,19155,16039.05,19191.9,16085,17632,18259,20614,16840,14597.001,13801.67,14115.2,13492.69,13500.156,13444.824,
Japan,JPN,Total fisheries production (metric tons),ER.FSH.PROD.MT,6253195,6773475,6932330,6769644,6426059,6978764,7202137,8001797,8735332,8667748,9361494,9965446,10338365,10783836,10860284,10567031,10707822,10791999,10858329,10617601,11153004,11412350.43,11502893.12,12012281.46,12824632.63,12154912.78,12797601.47,12567259.05,12827558.68,12031837.24,11189338.93,10076070.07,9373738.29,8807707.255,8206203.915,7551787.425,7465111.121,7442800.625,6734494.502,6652792.001,6502706.136,6166472.194,5906095.348,6119814.301,5728890.996,5712140.155,5690768.794,5728669.965,5638185.53,5486415.779,5347020.646,4785813.008,4832912.582,4768868.882,4760498.544,4608962.238,4367023.795,4302911.689,4418629.022,4211018.338,4269016.094,4201060.165,3924430.931,3865201,3650432.155,
Jordan,JOR,Total fisheries production (metric tons),ER.FSH.PROD.MT,100,100,200,200,200,200,200,100,100,100,100,200,100,100,92,65,49,31,31,36,56,35,34,32,132,197,267,322,372,407,412,390,402,455,496,595,621,650,763,1025,1119,1060,1041,1131,981,1071,1057,1015,1040,1009,1027,1075,1206.518,1292.252,1546.169,1554.323,1721.128,1854.45,1994.86,2618.738,2638.945,2810,3257,3384.4,3378.8,
Kazakhstan,KAZ,Total fisheries production (metric tons),ER.FSH.PROD.MT,,,,,,,,,,,,,,,,,,,,,,,,,,,,,,,,,68503,59628,47594,50350,45955,33747,26106,37363,37433,23269,25446,26015,33494.2,37744,30301,34371,51473,38473,47051,35754,37677,35503,37547,41191.4,43212.543,44095.995,42936.41,52577.702,53139.833,57233.149,65104.232,61215.851,65012.601,
Kenya,KEN,Total fisheries production (metric tons),ER.FSH.PROD.MT,12980,13910,18760,20480,21130,23799,28270,27660,28517,32293,33940,28520,30170,29180,28741,27523,41324,43169,46605,51895,48035,58060,81913,98558,91334,106464,120468,136902,140352,149815,205318,202575,166986,187775,209005,196834.743,182342.351,163232.658,174021.584,209577.386,219770.911,170019.324,149929.334,125355,132194.074,159917,168988,142876,145065,145958,158060,207925,187034,193366,199896.1,190617,156375.199,176147.156,161626.325,157740.084,161218.337,173688.884,179487.459,192793.441,174483.439,
Kiribati,KIR,Total fisheries production (metric tons),ER.FSH.PROD.MT,5000,5000,6000,6000,6000,6000,7500,7500,7500,7500,8800,8900,9100,9200,9475,9650,9824,10053,10606,10838,12929,13502,13009,22485,19393,22859,30801,38226,25445,32211,31968,37379,33536,30568,32769,37386,43176,39522,43226,66050,46634,42562,40956,37625,34974,35574,34510,35287,28393.14,41224.16,47872,67200.026,85822.662,83670.018,123895,149488,174368,162794,197974.743,238760.454,203457.978,199352.974,211417.283,257585.802,278517.392,
"Korea, Dem. People's Rep.",PRK,Total fisheries production (metric tons),ER.FSH.PROD.MT,304426,347387,354556,374129,372410,399143,429841,461690,489218,501844,456743,516133,573263,597457,693138,737608,822889,838564,1204006,1211961,1200299,1450354,1527917,1288383,1446800,1484900,1628100,2034000,1822000,1967000,1378000,1327000,1463000,1527398,1189000,1065400,1035600,725783,709500,701500,680550,714595,713095,713095,713105,713175,713180,713250,713550,715660,727285,728800,724110,720675,793545,787750,828750,836760,887760,886760,884300,892630,899020,893330,894065,
"Korea, Rep.",KOR,Total fisheries production (metric tons),ER.FSH.PROD.MT,357201,424517,469452,532347,600283,640099,703557,760237,841067,879545,877349,1068314,1343126,1687013,2024906,2134241,2405696,2423942,2353886,2421583,2409289,2811021,2642283,2791947,2908544,3093940,3660794,3333418,3216014,3327347,3285474,2983447,3304093,3335883,3478501,3359594,3334372,3268157,2837575,2909480,2506252,2677494,2499127,2502112,2542856,2720037,3052166,3288047,3366428,3204179,3112810.004,3257172.6,3185582.624,3140678.212,3322142.447,3335837.527,3231871.566,3695614.824,3682611.341,3828049.512,3711028.564,3796721.368,3601215.807,3706536.184,3555275.096,
Kosovo,XKX,Total fisheries production (metric tons),ER.FSH.PROD.MT,,,,,,,,,,,,,,,,,,,,,,,,,,,,,,,,,,,,,,,,,,,,,,,,,,,,,,,,,,,,,,,,,,
Kuwait,KWT,Total fisheries production (metric tons),ER.FSH.PROD.MT,3500,3500,3500,3500,4000,4000,4000,4500,4500,4500,4700,5700,5000,6100,5502,5934,4648,5913,6489,3065,3689,3714,6628,8722,9639,10118,7633,7704,10796,7653,4454,2034,7871,8466,7752,8706,8345,8031,8018,7662,7354,6041,5555,4426,5436,5222,6203,4721,4270.215,4980,6683,4357,3995,4610,4137,4121,5393.16,4183,3068.65,3474.36,3553.36,3983.36,2346.36,3275.36,2912.24,
Kyrgyz Republic,KGZ,Total fisheries production (metric tons),ER.FSH.PROD.MT,,,,,,,,,,,,,,,,,,,,,,,,,,,,,,,,,843,350,294,392,330,253,247,119,110,324,245,75,27,46,57,121,100,143,379,454.5,387,420,804.93,1099.4,2019.7,2190,2577.7,4320,5120,10322,20729.3,33672,19428,
Lao PDR,LAO,Total fisheries production (metric tons),ER.FSH.PROD.MT,12000,12000,15000,15000,15000,15000,18000,18000,18000,18000,20000,20000,20000,20000,20000,22000,22000,22000,22000,24000,24000,24000,24000,26000,26000,26000,26000,28000,28000,28000,28000,29000,30000,30500,35000,40250,39000,40000,40858,60403,71316,81000,93156,94700,94700,86560,86925,91660,93500,105800.5,113000,129600,136001,142846,150597,158600,164000,168869,179208,187701,200021,206010,215600,224131,232299,
Late-demographic dividend,LTE,Total fisheries production (metric tons),ER.FSH.PROD.MT,6245756,6646278,7321000,7696149,8721370,8900181,10083857,9732393,10271318,10427077,10655912,11794403,12099496,12566642,13286444,13577936,14368852,16012209.5,17210639.9,17494287.8,17840248.1,18978517.29,19491674.04,20809379.73,23104693.73,24855783.65,27258787.61,28550186.54,30200767.05,32474655.8,31323333.57,33902538.27,45138594.77,48360874.33,54264323.65,59980741.92,63510220.44,63156290.16,62718991.65,67023359.03,68599585.02,69165216.82,71640067.5,73150194.48,77351430.09,78981734,81152320.87,82678158.07,84069620.84,86823605.41,88176220.9,90587715.83,94532072.91,97212159.32,100532191.1,102486724.1,104924714.8,107776225.8,110062982.5,112042255.6,113566447.7,116226683.4,120249748.7,123420677.4,126674423.9,
Latin America & Caribbean,LCN,Total fisheries production (metric tons),ER.FSH.PROD.MT,4686130,6561455,8561248,8647031,11375810,9385372,11508047,12664436,13460885,11809428,15462681,13917128,7551775,5380019,7549701,6745434,8337501,6872579,9054067,10185397,9691736,10489164.79,11591857.04,9456001.054,12358452.27,14195150.24,16221837.48,14395392.61,16911599.49,18401128.4,16644670.89,17697443.03,18645489.88,20219079.32,25331637.69,23010498.07,23159838.41,20551304.45,13986977.02,19933538.73,21789311.01,19072718,20119056.58,16796922.05,21941430.93,21271559.07,19504341.55,19031137.52,19242760.44,18448308.79,14864068.16,19667160.6,15787395.29,16400118.1,14862483.59,15119568.11,13597926.51,14793732.22,18133156.44,16229901.47,16691267.57,18337989.19,17904432.08,16191295.72,18695055.25,
Latin America & Caribbean (excluding high income),LAC,Total fisheries production (metric tons),ER.FSH.PROD.MT,4284519,6063470,7857780,7813427,10122340,8558883,9970116,11446985,11935089,10598239,14103333,12248672,6579576,4489679,6200060,5556352,6597202,5120694,6739206,7110776,6369930,6609010,7432667,4890072.9,7246345.2,8520681.423,10083724.58,9020628.58,11159538.82,11359684.79,10887103.71,11110209.49,11613771.35,13608767.38,16884139.67,14666073.59,15525294.26,13748723.86,9675480.334,13966899.63,16308984.41,13857257.5,14443822.88,11733494.05,15412019.43,15236037.51,13655962.05,13595000.72,13917745.75,13253399.65,10659538.28,14754401.74,11234824.23,12573586.99,10540199.64,11428867.7,10257430.41,10733141.59,14028627.14,11958951.49,12578342.09,14065577.07,13285523.07,11671953.61,14284611.53,
Latin America & the Caribbean (IDA & IBRD countries),TLA,Total fisheries production (metric tons),ER.FSH.PROD.MT,4648400,6524325,8518788,8603759,11331185,9335882,11455161,12590151,13386825,11723099,15350172,13781736,7403962,5220502,7375294,6589693,8130054,6675506,8827294,10015495,9488793,10306527,11380904,9239889.9,12141886.9,13955672.52,15959330.28,14162648.98,16662348.72,18191017.89,16439426.91,17506354.89,18513401.55,20098665.08,25213735.27,22883521.39,23014271.46,20413379.36,13863115.23,19807344.53,21658501.41,18964626.5,20031725.88,16704437.05,21853651.93,21191871.07,19421473.55,18941466.22,19150246.44,18358696.06,14784547.88,19573474.43,15690672.84,16303113.19,14759136.25,15013252.23,13490479.39,14691501.26,18027084.23,16139751.92,16609198.59,18257297.53,17848530.32,16147197.63,18654494.1,
Latvia,LVA,Total fisheries production (metric tons),ER.FSH.PROD.MT,,,,,,,,,,,,,,,,,,,,,,,,,,,,,,,,,157388,142313,138665,149719,143024,106027,102756,125857,136728,128639,117983,115180,125936,151160,140954,156005,158518,163730.2,165367.8,154855.5,94978.54,116672.21,120222.28,82202.85,115066.077,70219.54,73973.66,71993.64,65706.45,62559.51,62377.91,67621.67,57109.758,
Least developed countries: UN classification,LDC,Total fisheries production (metric tons),ER.FSH.PROD.MT,1689567,1755867,1877377,1879007,2106557,2113737,2242278,2301790,2463609,2653835,2743196,2799929,3215245,3228137,3158533,2828926,2761359,2923159,2855222,2789408,2812772,2902222,2908749,3058455.695,3207582.739,3261021.996,3460241.386,3600229.114,3715651.285,3808544.722,3943609.554,3905286.532,4085338.019,4203462.395,4140921.373,4472107.402,4426562.65,4893805.668,5020929.387,5535062.654,5970525.842,6447648.105,6763138.546,7316590.967,8009302.551,8482881.09,8716913.46,9206310.48,9305845.29,10039053.96,10343175.26,10771530.77,11384897.13,11755275.85,12079366.26,12447769.77,13219897.95,14062014.49,14303795.35,14603360.26,14412000.63,14885304.22,15031548.47,15645472.76,16018015.83,
Lebanon,LBN,Total fisheries production (metric tons),ER.FSH.PROD.MT,2100,1900,2000,2200,2000,2300,2500,1800,2500,3000,2300,2000,1800,2400,3100,2405,1710,1620,1740,1675,1740,1570,1520,1500,1500,1700,1875,1913,1813,1813,1510,1812,1861,2212,2437,4385,4485,3955,3920,3860,4066,3970,4760,4693,4661,4611,4624,4518,4575,4580,4580,4580,4480,4280,4133,4673,5326,4652,3736,3559.8,3438,3566,3608,3668,3693,
Lesotho,LSO,Total fisheries production (metric tons),ER.FSH.PROD.MT,0,0,0,0,0,0,0,0,0,0,0,0,0,0,10,23,27,22,24,27,23,15,19,20,13,23,25,26,30,30,30,25,33,40,40,40,42,44,38,34,40,32,48,46,47,46,47,179,141,152.6,345.4,345.37,450.37,550.43,952.53,1055,1104,1855,2556,2610,2672,1580,1916.26,2085.8,2181,
Liberia,LBR,Total fisheries production (metric tons),ER.FSH.PROD.MT,4200,3700,4000,4000,4000,4500,5000,6000,6000,7000,8000,8200,8900,9300,10064,10046,10132,10190,10812,13484,11791,13004,13588,15286,14657,11486,16059,18734,16076,14805,6463,9620,8891,7782,7721,8829,7408,8491,10717,14702,11540,10510,11072,10494,13762,12192,8944,14548,7950,10770,11780,13511.046,14128.693,15220.979,14597.186,14239.216,14063.106,12489.09,14807.299,16989.015,32691.669,26319.139,30713,29593.843,28114.442,
Libya,LBY,Total fisheries production (metric tons),ER.FSH.PROD.MT,2013,1700,1500,1400,1600,2924,3324,4236,5560,6500,5500,5600,2549,2975,4769,4949,4059,2046,4355,4500,12752,13130,14706,10122,11979.775,15900.601,17947,18622,21690,22058,24804,26106,28908,31103,33518,34448,36024,36925,37959,43643,50009,47336,44053,41994,40190,37783,35040,32166,47760,52227.3,50116,30014,34664,35514,24643,25797.449,31001.797,32009.746,32275.601,32459.653,31914.545,32052.103,32619.874,33174.926,33108.863,
Liechtenstein,LIE,Total fisheries production (metric tons),ER.FSH.PROD.MT,,,,,,,,,,,0,0,0,0,0,0,0,0,0,0,0,0,0,0,0,0,0,0,0,0,0,0,0,0,0,0,0,0,0,0,0,0,0,0,0,0,0,0,0,0,0,0,0,0,0,0,0,0,0,0,0,0,0,0,0,
Lithuania,LTU,Total fisheries production (metric tons),ER.FSH.PROD.MT,,,,,,,,,,,,,,,,,,,,,,,,,,,,,,,,,192366,120078,51036,59082,90051,45518,68094,74612,80984,152832,151896,159561,164685,141798,156772,190890,185768,176113.6,153041.99,141836.61,70551.96,95081.88,153902.8,89594.17,111337.74,93519.07,78763.67,106434.548,95468.805,101287.822,111795.022,106663.238,81742.554,
Low & middle income,LMY,Total fisheries production (metric tons),ER.FSH.PROD.MT,14414895,16544471,18863958,19445019,22959930,21965379,24214501,26447203,28154575,27360957,30646126,29854672,25374857,24149821,26429700,25724312,26946963,27216026,29486929.9,29532003.8,29204660.1,30307666.08,32177438.64,31287124.63,34944004.39,37798135.22,41893800.74,44130169.71,48043338.24,49979104.43,50451758.03,53265332.84,60041284.32,67152568.84,75545948.99,79198194.96,84128286.3,83716591.73,83009632.72,91354327.65,96414966.67,96337444.89,100058872.9,101117277.8,109637936.7,113350337,115561279,118918632.7,123053393,126335041.7,129001820.7,136585490.1,140879179.9,149614008.4,153538700.1,159139212.6,162480844.4,167505952.9,173788218.2,174640410.7,175331818.2,180356877.4,184853593.8,189760144.1,198214678.3,
Low income,LIC,Total fisheries production (metric tons),ER.FSH.PROD.MT,695526,741087,777856,812829,833110,905043,978941,1026690,1112919,1161471,1135101,1196127,1309969,1422841,1506916,1542514,1608764,1692449,2049096,2021374,1994146,2208847,2246766,2025951.549,2287207.396,2281970.11,2523501.931,2971434.66,2758908,2918780,2384687,2305345,2541838,2586284,2195559,2185077,2141551,1866910,1808603.9,1865204.05,1937474,1973669,2043052,2222786,2418520,2451591.15,2443531.2,2488953.7,2484072.25,2604937.4,2688018.6,2746115.063,2881113.893,2974562.431,3117769.313,3096615.906,3227989.645,3467773.742,3524870.835,3739693.514,3679259.949,3825156.334,3749152.416,4139754.988,4059769.994,
Lower middle income,LMC,Total fisheries production (metric tons),ER.FSH.PROD.MT,3128624,3015334,3180513,3286032,3886644,3886669,4165146,4198486,4393203,4713982,5030604,5350487,5628484,6037306,6156345,5798315,5773079,6047492,6096382.9,6109216.8,6282051.1,6507295.079,6532220.642,6984973.882,7489630.636,7702040.272,8246383.099,8534404.701,8999723.638,9607366.622,10288484.37,10534371.08,11344269.92,11957020.43,12210262.3,12803571.82,12897444.86,13788958.86,14098766.32,15038191.84,15550859.16,16561494.31,16825197.47,17397376.25,18315431.4,19276673.59,19897190.1,19979558.62,21277991.34,21935241.85,22972540.47,22889202.69,24962947.28,25559003.05,26832275.11,27680936.65,29408189.43,31112754.86,32285183.12,33337869.92,32495972.96,34099125.67,35962207.44,37800077.39,39450981.89,
Luxembourg,LUX,Total fisheries production (metric tons),ER.FSH.PROD.MT,,,,,,,,,,,0,0,0,0,0,0,0,0,0,0,0,0,0,0,0,0,0,0,0,0,0,0,0,0,0,0,0,0,0,0,5,5,5,5,5,5,5,5,8,8,8,8,8,8,8,8,8,8,8,8,8,8,8,8,8,
"Macao SAR, China",MAC,Total fisheries production (metric tons),ER.FSH.PROD.MT,5800,5800,5800,5500,5800,7000,7500,7500,7000,7000,5900,6100,5900,6000,6000,6000,7400,7160,9236,7881,6624,7545,6656,6250,8800,9100,8042,3517,2485,3464,2583,2322,2668,1898,1890,1604,1418,1500,1500,1500,1500,1500,1500,1500,1500,1500,1500,1500,1500,1500,1500,1500,1500,1500,1500,1500,1500,1500,1500,1500,1500,1500,1500,1500,1500,
Madagascar,MDG,Total fisheries production (metric tons),ER.FSH.PROD.MT,29500,30500,32000,37400,46000,45300,56000,59100,64700,50063,53901,56745,57733,65916,71399,61983,60943,62471,61089,60525,57461,58061,59605,63644,67618,69309,84428,93594,105140,102039,105880,100585,108815,118958,123415,123750,125095,131743,126228,128551,135553,142272,147474,148237,150279,148794,157887,169071,138390,144269,140524,137614,128062.771,117146.033,111263.835,137599.188,168835.73,189950.943,142363.284,128296.239,126137.849,130825.679,152737.269,177550.343,179617.205,
Malawi,MWI,Total fisheries production (metric tons),ER.FSH.PROD.MT,13600,14300,19500,21700,21200,33900,32500,29300,32900,38200,47000,60000,70000,69300,70277,70992,74900,68200,67800,60002,65764,51401,58429,67006,65068,62072,73358,88996,80217,73071,75222,65317,69750,70242,60536,54840,64445,56971,41540,46181,50730,42443,42031,54510,57216,61044,74985,69287,75089,74050,104179,88848,134687,121326,123654.56,152863,172595.39,217120.8,232620,171451,180508.22,185951,194013.36,217597.863,194890,
Malaysia,MYS,Total fisheries production (metric tons),ER.FSH.PROD.MT,155641,168011,189845,220141,213602,230008,273509,344311,383208,349602,341748,368506,359450,444767,525366,474267,516339,622301,688729,699496,740265,800654,732408,795251,802801.4,797307.4,822770.3,911067.57,876258.18,944787.09,1009997.2,980921.79,1107395.76,1156375.14,1184528.49,1249605,1243437,1284446,1290903,1423023,1461854,1416256,1463765,1483588,1543439,1435156,1520484,1658582,1757952,1874592.3,2019559.92,1910009.35,2118044.115,2024494.795,1992223.465,2006574.199,1997473.092,1906298.544,1860378.862,1881797.14,1792811.967,1758286.046,1900449.819,1800893.74,1917947.59,
Maldives,MDV,Total fisheries production (metric tons),ER.FSH.PROD.MT,13000,12000,12000,12000,12000,19600,22400,25100,23700,32300,37273,35176,32268,35706,37258,28325,34634,29636,31769,31175,38624,40916,37838,44110,56081,62076,59964,58502,72589,72065,80225,81523,82392,90156,104242,104754,105848,108312,118285,124217,119373,127636,163770,156132,158528,186274,185811,144511,133839,117061,122804,120835,120000,130247.285,128656.466,127314.204,129424.999,142353.267,150994.587,135067.855,148572.277,145001.211,155217.444,160696.193,107422.781,
Mali,MLI,Total fisheries production (metric tons),ER.FSH.PROD.MT,80000,80000,90000,90000,90000,90000,110000,100000,106000,108000,110000,90000,80000,85000,75000,75000,75000,75000,75000,83586,88228,75564,73451,61289,54711,54184,61012,55713,55875,71838,70548,68780,68507,64352,62950,133000,111970,99610,98060,98616,109900,100500,101008,101008,101008,101008,101000,100640,100821,101355,102083,110232,72216,101558.25,81953,94880,106700,110155,95733,116366.999,125396,113904,119215.91,121539,113268,
Malta,MLT,Total fisheries production (metric tons),ER.FSH.PROD.MT,1219,1325,1322,1634,1420,1228,1312,1414,1228,1135,1212,1247,1247,1644,1546,1529,1571,1483,1079,1322,1078,942,1216,999,1226,2585,1168,1052,896,941,799,973,1079,1495,3269,5540,10751,2840,3130,3249,2820,2137,2201,2025,2006,2142,8497,9824,8122,7260,8717,4874.724,9640.13,11432.776,11011.314,13363.392,17218.194,17884.327,22023.232,16315.591,21932.767,18913.144,20859.81,22846.884,19758.143,
Marshall Islands,MHL,Total fisheries production (metric tons),ER.FSH.PROD.MT,0,0,0,0,0,0,100,100,100,100,100,100,100,100,100,100,100,100,100,100,150,150,160,160,200,200,220,320,400,395,380,300,329,488,388,375,2772,400,500,700,8261,36579,39857,38882,47884,57566,43957,61212,35026,46382.398,59800.532,93318.45,77090,80634,78727.61,89718.2,65248,70302,78354.372,101556.236,88199.572,95821.183,91662.139,73938.71,96820.593,
Mauritania,MRT,Total fisheries production (metric tons),ER.FSH.PROD.MT,20000,22000,23000,23000,23000,25000,27000,30700,37000,43000,49570,58925,36291,33190,43697,33921,33834,37897,41467,24541,21598,58779,56288,81600,57676,66277,76614,88397,77666,76000,66000,67637,66054,59452,53746,56147,63324,74127,98043,104527,114456,140142,156131,199650,270733,304877,165312,223207,195328,216900,276238,372011,437709,387833,378339,403776,609754,794580,967706.752,720849.509,678425.001,762868.259,703628.563,663269.325,640321.907,
Mauritius,MUS,Total fisheries production (metric tons),ER.FSH.PROD.MT,2500,2500,2800,2800,2800,3000,3000,3000,3300,4000,5400,5200,6600,6400,7679,7038,6660,7668,7113,6540,6364,7157,9810,9458,10388,12229,12899,17351,17190,16980,14176,18662,18961,20689,18287,16571,12034,14143,12176,12290,9702,11045,10762,11119,10721,10405,9124,8680,7116,8393.4,7933.5,7843.3,7014,8313.216,15535.717,16574.572,19236.685,26240.364,31411.079,37487.483,29298.773,32355.016,35202.759,38152.935,39909.478,
Mexico,MEX,Total fisheries production (metric tons),ER.FSH.PROD.MT,196513,224915,220300,245600,250100,259700,291600,356700,366800,354400,385068,423585,458856,479714,443705,500013,541156,581249,831426,1025373,1285113,1640147,1435149,1076677.8,1138003.9,1256312.3,1357456.698,1465561.742,1394979.483,1520514.692,1447146.905,1453288.89,1246527.55,1192979.58,1262041.771,1406096.387,1531440.462,1572601.355,1234554.234,1287376.532,1404945.405,1525590.5,1556397.88,1471976.052,1394113.426,1459069.514,1523148.309,1615268.731,1747018.707,1776834.467,1654523,1708972.628,1726260.843,1739217.9,1725628.327,1692480.596,1747434.743,1883689.823,1950854.626,1876485.557,1942000.566,1923485.753,1972994.319,2126470.744,2194566.075,
"Micronesia, Fed. Sts.",FSM,Total fisheries production (metric tons),ER.FSH.PROD.MT,400,500,500,600,600,700,800,1000,1000,1000,1500,1500,1500,1500,1500,1500,1500,1503,1505,1505,1720,1720,1777,1777,1777,3649,3865,3767,2974,2267,2367,12552,16740,18168,22310,8082,8808,9781,15807,12589,23460,19471,22926,33753,31972,32361,15442,20873,25445,28606,31526,38142.071,48420.619,40513.5,52496,71567,88691.5,101413.5,137930.032,181694.578,183783.265,165246.721,176459.401,165348.102,208701.253,
"Middle East, North Africa, Afghanistan & Pakistan",MEA,Total fisheries production (metric tons),ER.FSH.PROD.MT,550385,578071,602702,622919,689871,698384,837245,778590,754927,778909,837435,846298,946480,1127705,1110544,1086234,1171131,1191286,1205313.9,1251968.8,1262711.1,1317989.079,1378374.642,1549045.236,1624373.869,1751554.987,1929630.544,1993529.047,2200553.653,2146880.324,2233515.062,2326944.552,2390361.814,2570045.317,2708114.471,2885035.681,2699139.21,2967827.505,2991582.696,3217301.483,3435000.93,3735689.997,3645115.971,3730573.721,3803795.972,3949498.584,4097169.942,4015101.222,4131284.01,4395330.091,4575361.962,4514581.817,5015795.02,5259583.499,5450995.725,5551744.057,5972072.467,6233960.002,6684034.657,6857949.546,6987300.084,7167558.367,7190227.21,7128444.363,7259201.362,
"Middle East, North Africa, Afghanistan & Pakistan (excluding high income)",MNA,Total fisheries production (metric tons),ER.FSH.PROD.MT,433695,453792,464695,482103,549439,547683,674507,611739,584672,613194,644607,622612,696902,853983,797755,752940,841389,882355,917188.9,993261.8,1027294.1,1097325.079,1145347.642,1292410.236,1363879.869,1484358.987,1664439.544,1676415.047,1849246.653,1839031.324,1932858.062,2035541.552,2094458.814,2268451.317,2379500.471,2541523.681,2358472.21,2630756.505,2662733.696,2886996.483,3097172.93,3372740.997,3286796.971,3370806.721,3422388.572,3570105.584,3694659.942,3611878.822,3745577.795,4000130.841,4183804.775,4144176.669,4597385.765,4826253.123,5001315.101,5050609.86,5434975.299,5611036.832,5831314.982,5987373.802,5878449.349,5921742.521,6107788.49,6061728.948,6142983.063,
"Middle East, North Africa, Afghanistan & Pakistan (IDA & IBRD)",TMN,Total fisheries production (metric tons),ER.FSH.PROD.MT,433695,453792,464695,482103,549439,547683,674507,611739,584672,613194,644607,622612,696902,853983,797755,752940,841389,882355,917188.9,993261.8,1027294.1,1097325.079,1145347.642,1292410.236,1363879.869,1484358.987,1664439.544,1676415.047,1849246.653,1839031.324,1932858.062,2035541.552,2094458.814,2268451.317,2379500.471,2540294.681,2355979.21,2626965.505,2659108.696,2883346.483,3094549.93,3370790.997,3284417.971,3369299.721,3419437.572,3568281.584,3692319.942,3609139.822,3742669.795,3998490.841,4181825.775,4142669.669,4595025.765,4824039.123,4998277.101,5047126.86,5431389.299,5607328.832,5827364.982,5982800.802,5873096.449,5916384.821,6102862.49,6057837.948,6142701.063,
Middle income,MIC,Total fisheries production (metric tons),ER.FSH.PROD.MT,13719369,15803384,18086102,18632190,22126820,21060336,23235560,25420513,27041656,26199486,29511025,28658545,24064888,22726980,24922784,24181798,25338199,25523577,27437833.9,27510629.8,27210514.1,28098819.08,29930672.64,29261173.08,32656796.99,35516165.11,39370298.81,41158735.05,45284430.24,47060324.43,48067071.03,50959987.84,57499446.32,64566284.84,73350389.99,77013117.96,81986735.3,81849681.73,81201028.82,89489123.6,94477492.67,94363775.89,98015820.91,98894491.77,107219416.7,110898745.8,113117747.8,116429679,120569320.8,123730104.3,126313802.1,133839375.1,137998066,146639446,150420930.7,156042596.7,159252854.8,164038179.1,170263347.4,170900717.2,171652558.2,176531721,181104441.4,185620389.1,194154908.4,
Moldova,MDA,Total fisheries production (metric tons),ER.FSH.PROD.MT,,,,,,,,,,,,,,,,,,,,,,,,,,,,,,,,,3059,2365,1330,1529,1093,1228,1148,824,1735,1737,2373,3466,5735,6356,6851,7526,7836,8226,8844,9050,9130,9130,11130,11296.05,12091.4,12163,12610,12680,12600,12905,12910,14245,12757,
Monaco,MCO,Total fisheries production (metric tons),ER.FSH.PROD.MT,,,,,,,,,,,0,0,0,1,1,1,1,1,1,1,1,2,2,2,2,2,2,2,2,2,2,2,3,3,3,3,3,3,3,3,3,3,3,3,3,2,1,1,1,1,1,1,1,1,1,1,1,1,1,1,1,1,1,1,1,
Mongolia,MNG,Total fisheries production (metric tons),ER.FSH.PROD.MT,,250,250,280,280,290,290,290,300,300,300,300,300,300,300,300,300,265,494,537,346,262,184,347,370,374,412,383,281,254,124,100,120,165,184,158,221,180,311,524,425,290,263,382,305,366,326,185,88,90,100,80,61,55,49,63,15,22,25,30,25,0,0,0,31,
Montenegro,MNE,Total fisheries production (metric tons),ER.FSH.PROD.MT,,,,,,,,,,,,,,,,,,,,,,,,,,,,,,,,,,,,,,,,,,,,,,,1878.8,1492,2294,2226.2,2085.4,2357.6,2201.6,2391.5,2415.4,2299.8,2524,2101.7,2389.8,2350,1701.453,1711,1890,2179.8,2409.06,
Morocco,MAR,Total fisheries production (metric tons),ER.FSH.PROD.MT,167700,176681,171949,180535,208582,225486,318584,273366,231491,233719,258205,234819,275077,399728,288734,230525,288995,265437,298157.1,290446.7,335425.6,395731,369537,459373,472826.1,478315.4,600561,499328.2,556448.4,527107.6,575362.3,604051,559470.1,632816.4,761150.2,858883.8,649713,793718.6,716198.1,749002.25,916713.2,1107504.9,971209.6,931316.6,932998.7,1041467,892911.6,893481.5,1006746.7,1176093.5,1144394.233,974656.986,1178164.884,1276496.7,1376287.053,1385067.611,1473464.516,1397020.317,1385758.095,1478442.817,1398080.63,1433534.351,1572233.032,1437156.457,1431831.425,
Mozambique,MOZ,Total fisheries production (metric tons),ER.FSH.PROD.MT,13400,12800,12800,13500,13900,16200,17300,17000,17700,19000,20100,22900,22900,26300,28660,25490,27900,26950,25940,28630,33850,40630,38180,40940,34947,36326,42683,40805,36453,31187,35197,29835,27129,26489,24820,30432,38753,43139,36263,38611,42248,37033,47754,98673,91954,87101,97101,94330,123613,151500,166868,213134.294,218533.711,244799,265063.534,299045.985,329786.24,415294.621,391581.729,464961.357,393964.42,413797.2,449638.275,483265.829,502895.06,
Myanmar,MMR,Total fisheries production (metric tons),ER.FSH.PROD.MT,360080,360110,360140,360180,360230,360290,360350,381130,396620,414520,432400,442700,453300,463400,433840,485140,501560,518700,539690,564070,580010,594540,584410,587550,613691,648804,686523,685864,704547,733763,743818,735494,757498,791378,810825,823410,673788,863540,912618,1011124,1192112,1309146,1474460,1595870,1986960,2217470,2398440,2512410,2582074,2671896.4,2813941,2795076.4,2850599,2849780,2934805.831,3072020.023,3173054.356,3085562.015,3082190.444,3059948.649,2915053,2709506.69,2911308.002,2825230,2947779.85,
Namibia,NAM,Total fisheries production (metric tons),ER.FSH.PROD.MT,0,0,0,0,0,0,5000,5000,5000,5000,6500,6500,6500,6500,6550,7050,7850,8750,9050,9750,10250,10850,11650,12100,12900,13700,14923,32437,33395,21225,280027,226350,679804,826345,687570,591664,539855,540032,638318,606086,632602,593070,663826,672349,603362,618754,593208.5,448421.5,420542.6,427515.6,430400.64,460575.122,528759.275,543036.16,473588.385,547708.653,537427.1,513113.909,511205.695,485525.682,334456.083,318174.283,376449.529,373480.676,381570.096,
Naoero,NRU,Total fisheries production (metric tons),ER.FSH.PROD.MT,0,0,0,100,100,100,100,100,100,100,100,100,100,100,100,120,120,120,130,130,140,140,140,140,150,150,150,170,170,180,180,190,377,500,500,480,460,440,420,400,380,360.4,342,342,300,330,370.8,420,475,530,589,255,229,263.1,270.3,270.3,270.3,270.3,9155.5,33525.3,97711.585,123413.044,108054.782,90699.509,87348.442,
Nepal,NPL,Total fisheries production (metric tons),ER.FSH.PROD.MT,1300,1500,1500,1500,1600,1600,1603,1809,1818,1926,1900,2100,2200,2200,2200,2500,2800,3000,3300,3500,3654,3868,4400,4700,4860,9076,9443,10716,12100,12522,14546,15595,16540,16950,17003,21148,21879,23207,24866,25780,31723,33270,35000,36568,39947,42463,45425,46779,48750,48230,49730,52450,56000,57520,64900,69500,70543,77157.1,86864,92252,97822,105291,108385,113740,123403,
Netherlands,NLD,Total fisheries production (metric tons),ER.FSH.PROD.MT,305481,348312,322828,362301,389282,377200,353000,314500,323300,323200,300800,321200,348300,343736,325861,350558,284999,313094,324486,323773,340512,479772,544867,561989,496061,554912,502878,511781,476409,530231,507244,458834,487191,532922,529569,522092,510767,550138,656832,623471,571107,575355,518615,592971,600534,627326,559084,544806,487386.7,442782.6,501597.1,414083.969,393589.4,374208.998,434575,446833,432116,550607.55,466839.228,366357.058,349607.31,337239.115,338179.694,309232.35,330214.257,
New Caledonia,NCL,Total fisheries production (metric tons),ER.FSH.PROD.MT,400,400,800,1200,1000,1000,900,500,500,500,500,500,500,800,868,973,883,3042,2963,2629,3349,2448,3384,2974,3721,3445,4518,5331,4180,3619,5558,5063,4284,3621,4239,3833,4256.4,3714.7,4852.3,5100.1,5247.4,5392,5375.9,5336.5,6143,6000,5698,5627.7,6025,5785,5250,5557.482,5548.549,5503,5904,5930,5496.25,5175.5,4769.071,5252.117,4827.485,4764.475,5188.381,5037.814,5322.565,
New Zealand,NZL,Total fisheries production (metric tons),ER.FSH.PROD.MT,52650,51215,49850,50169,44696,49007,56418,60971,59651,50543,60203,66800,59068,66884,70040,65076,71637,79229,99727,120169,157585,170302,175682,205347,218947,214819,225147,260344,304568,343132,380306,435024,521774,485556,503868,627142,500244,725776,741852.1,691847,639113,645879,675245,635603,638323,650774.008,584333.006,606855.006,565003.324,544991.402,547350.362,547887.006,542387.231,541531.296,552654.576,525549.631,534224.148,547894.234,512837.808,527449.903,483787.003,460632.03,452977.084,436363.758,423324.548,
Nicaragua,NIC,Total fisheries production (metric tons),ER.FSH.PROD.MT,4000,4000,4000,5000,5000,5600,7000,8000,8700,9500,9800,9400,11200,13900,8689,10778,10513,13914,15900,9121,6996,5944,5000,4565,4356,4191,2501,5031,4728,4656,3162,20770,27215,18175,20640,16227,27019,19013,23901,24292,34394,25783,25647,22659,27548,38222,43418,38849,47524,56796,57950,49293,58135,67385.9,84930,66070,66205,75881,84027.4,80414.881,73536.021,86292.831,84432.938,80553.502,76170,
Niger,NER,Total fisheries production (metric tons),ER.FSH.PROD.MT,3400,4200,6000,9000,6300,5000,5000,3700,4300,3000,2400,5400,16400,16200,15050,9142,4715,7372,8783,8934,8892,8208,6840,3251,3000,2000,2345,2283,2499,4741,3354,3145,2464,2172,2533,3651,4167,6341,7025,11014,16265,20821,23600,55900,51506,50058,29875,29768,30000,29954,40070,53258,46600,45200,47329,27300,34892,25545,31392,40409.642,46649.001,47672,48170,49865.56,51194.001,
Nigeria,NGA,Total fisheries production (metric tons),ER.FSH.PROD.MT,58510,55010,65230,66250,85470,97280,110100,119420,120130,115850,155899,245296,246394,250593,257336,256500,260585,262178,264068,268753,261293,260132,269715,272312,263933,245353,271573,260808,279514,300449,316328,267705,318415,255499,281232,366101,357484,412220,483482,477365,467095,476544,511719,505839,509201,579537,636901,615507,744575,751006,817516,856614,922652,1000061,1073059,1027058,1041498,1212474.97,1169478,1114556.256,1044812.422,1080855,1043230,1058465,1113540,
North America,NAC,Total fisheries production (metric tons),ER.FSH.PROD.MT,3942268,4192401,4396738,4266229,4106397,4254578,4150233,3955836,4207618,4173624,4548836,4536646,4239014,4246349,4229230,4255040,4565491,4649419,5231724,5356637,5444630,5599626.081,5827130.036,5896755.109,6437235.239,6574125.522,6857688,7811588,7938319.963,7701586.33,7886531.438,7346060.159,7333709.375,7476329.739,7414284.561,6841746,6930102,7180615,6887571,7074814,6747953,7182597,7392106,7476242,7655946,7425638,7422540,7137487,6447120,6211376,6469523,6991211.327,6911116.224,7119756.044,6928880.504,6941900.223,6992466.44,7076364.134,6963795.459,6875074.231,6082090.102,6161064.395,6093985.431,6024314.741,5523986.193,
North Macedonia,MKD,Total fisheries production (metric tons),ER.FSH.PROD.MT,,,,,,,,,,,,,,,,,,,,,,,,,,,,,,,,,1094,916,940,1037,604,668,783,1305,1425,915,911,1026,1172,1114,735,1218,1453,1762,1727,1636,1555,1674,1496,1341,1108,1595.4,1499.3,2355,2106.766,2174.51,2261.2,2153.2,2474.99,
Northern Mariana Islands,MNP,Total fisheries production (metric tons),ER.FSH.PROD.MT,100,150,150,150,150,200,200,200,200,200,150,150,150,150,150,150,150,150,150,145,143,143,98,245,345,241,311,218,227,258,175,133,153,147,178,193,249,264,255,192,336,406,296,172,169,214,227,230,184,213,153.239,123.004,132.548,189.199,188.136,137.444,174.906,154.712,143.988,122.302,109.917,210.691,173.423,102.55,72.621,
Norway,NOR,Total fisheries production (metric tons),ER.FSH.PROD.MT,1611262,1759313,1573113,1590381,1876635,2459849,3124008,3533030,2950119,2670633,3175372,3269262,3321036,3134108,2786805,2669363,3508848,3626255,2774573,2845844,2598701,2770975,2721571,2987785,2614002,2272909,2095923,2161219,2042857,2101239,1966022,2378110,2765294,2762124,2788061,3002957,3160281,3432956,3461434,3288996,3404249,3385474,3485755,3299960,3324791,3230619,3131885,3370859,3434057.283,3664262.269,3863712.989,3597387.845,3610365.649,3506616.658,3796293.139,3836458.185,3530065.959,3870324.034,4026120.43,3939089.464,4127056.176,4250920.726,4290628.204,4194388.398,3996534.779,
Not classified,INX,Total fisheries production (metric tons),ER.FSH.PROD.MT,,,,,,,,,,,,,,,,,,,,,,,,,,,,,,,,,,,,,,,,,,,,,,,,,,,,,,,,,,,,,,,,,,
OECD members,OED,Total fisheries production (metric tons),ER.FSH.PROD.MT,19375856,20763947,21540526,21856830.1,22666007.1,24082429.4,25744026.8,26755341,27863492,26913164,28822630,30024549,29955179,30880792,31814898,31236050,33372014,33559255,34387182.1,35160712.7,36396996.9,38417786.17,38261679.26,39330581.22,41811835.43,41691836.37,43833799.19,43705327.29,44805462.72,44701429.77,41814164.54,40697379.97,42654481.42,41929740.07,43636001.35,43541546.81,42592261.68,42484482.38,37828009.18,39480515.03,38246279.69,38336838.79,38151252.77,37008832.29,38095789.67,37091354.77,37204570.74,36717420.3,35438744.3,34836366.35,34312420.43,34684408.73,33982393.45,33663424.68,34413633.57,33726806.82,32277673.55,34541885.3,34717385.96,34078394.1,32853587.76,33300649.73,33774385.82,33397373.34,31812027.65,
Oman,OMN,Total fisheries production (metric tons),ER.FSH.PROD.MT,55000,55000,60000,60000,60000,65000,70000,70000,70000,70000,92000,114000,136000,158000,180000,198850,197984,175000,152000,129000,106000,83650,89376,108766,105200,101180,96353,136140,165676,119224,119783,116454,109218,105772,118572,139861,121618,118995,106184,108809,120434,129929,142674,138834,165531.4,157544,147782,151840,152031,158669.4,164054,158723,191731,206522,211319.4,257192,279691,347616.248,555009.45,580240,794725.923,923786.336,751828.443,711694.047,732505.478,
Other small states,OSS,Total fisheries production (metric tons),ER.FSH.PROD.MT,654100,757556,871457,822484,1014104,1251966,1298319,957960,658511,756811,807067,755835,795998,985103,1016722,1055511,1075072,1453769,1643597,1725884,1597867,1533519,883050,944120.771,1654136,1807598,1774948.388,1753465,1893741,1641527,1652223.04,1194752.1,1857838,2030102,1869791,1932924,2367253,2552357,2035437,2120388,2386072,2395715,2670083,2431675,2242859,2213054,1818399.8,1809032,1698183,1565772.9,1516573.72,1545248.495,1830540.249,1789104.595,1479290.481,1778913.207,1574887.646,1719751.87,1823906.601,1600697.479,1581029.18,1717137.267,2214137.315,2003722.347,1504798.654,
Pacific island small states,PSS,Total fisheries production (metric tons),ER.FSH.PROD.MT,15200,15400,17500,18000,19766,21870,25686,26706,28656,28362,35182,34554,38524,38577,47399,44926,54386,52724,66601,81755,84796,92207,86886,105227.595,106926.739,113005.996,151559.786,152779.714,148899.071,155020.089,162552.124,195961.157,177476.811,171817.707,187885.296,207565.492,191082.9,224093.496,243775.203,296529.618,232936.332,224950.761,234672.545,316285.02,431722.661,452596.34,427558.06,434371.3,360140.85,368908.612,356178.599,378543.736,405607.77,394435.021,471251.306,533883.494,515464.289,495004.167,605691.624,753340.488,745233.606,797359.194,823109.157,799950.969,906904.456,
Pakistan,PAK,Total fisheries production (metric tons),ER.FSH.PROD.MT,77217,75496,74927,85593,98668,108758,141842,140465,145167,161016,166824,165211,196062,206084,176582,181517,188332,239108,252416,258588,238097,272795,284530,332734,362161,393161,403143,416269,434924,437064,463828,504433,533245,601034,533857,523739,532339,590107,597457,663531,611228,598436,601640,572413,571482,530614.97,628299,583387,605763,597157,595615,599673.999,622805.998,632766.001,628504.001,660653,673373.001,695000.999,664516,649893,655915.001,661270.999,666245.256,678698,711083.001,
Palau,PLW,Total fisheries production (metric tons),ER.FSH.PROD.MT,500,500,600,600,1866,3370,3386,4106,5756,5462,8882,2943,2319,3150,7608,7069,6136,4883,10602,6699,7516,10276,5053,1041,1037,1204,1132,1187,1268,1350,1077,1094,1501,1238.636,1088,1417.09,1070.45,913,952,961,1273,1086,1031,1051,1084,1435.9,972,1159.82,1188.2,1075.88,992.11,1023.78,940.911,906.895,893.326,874.19,841.8,3463.7,3903.362,3947.739,791,835.2,823.035,814.63,814.11,
Panama,PAN,Total fisheries production (metric tons),ER.FSH.PROD.MT,11000,11500,15300,14100,25900,39700,73100,72300,71900,36800,58890,78750,70156,114959,88762,116934,185339,239751,140097,166331,216811,144798,120016,167593,135014,293351,148191,166386,122861,185778,133738,168163,176720,198059,194740,211388,155732,170550,213711,124382,239625,291596,273238,251036,238272,276977,274580,234292,241207,246975.38,192232.53,178910.794,187830.662,220211.551,190368.277,178794.202,195427.952,193670.097,212218.501,272376.854,223373.304,231041.131,201707.157,231305.521,294836.337,
Papua New Guinea,PNG,Total fisheries production (metric tons),ER.FSH.PROD.MT,12200,12200,13100,15200,15200,15800,15300,15400,15800,16500,15628,30668,27271,108492,120247,59438,80307,60744,90267,77588,78126,65811,47175,33954,44076,50763,54686,59986,49202,53893,61792,58572,44982,53499.685,56613.316,71908.658,62878.447,87994.431,105918.55,81036.37,134672.376,156818.881,170016.417,204106.565,294831.371,286796.484,288932.699,281310.152,258997.506,266803.729,265685.944,222967.327,288005.931,273300.118,287052.118,281094.3,352709,347518.103,355316.073,311839.472,265499.737,235419.94,251907.086,252939.526,345360.244,
Paraguay,PRY,Total fisheries production (metric tons),ER.FSH.PROD.MT,600,600,600,700,700,700,700,800,1000,1400,1800,2200,2500,2700,2700,2800,2900,3000,3100,3200,3300,3350,3400,3500,5000,7500,13000,10022,10054,11051,12551,13050,18000,19075,25566,40983,23075,28853,32540,28095,37853,29363,33573,29109,24700,23920,23250,22550,21850,21200,20757.42,21929.06,24873,35781,29039,30075,26500,27825.257,28646.538,29690.479,31075,31710,37905,38125,39560,
Peru,PER,Total fisheries production (metric tons),ER.FSH.PROD.MT,3506151,5220102,6887601,6825241,9039766,7386689,8713866,10058345,10446867,9149820,12486174,10508927,4680299,2297699,4127892,3416830,4345703,2505084,3444775,3654059,2710588,2718868,3515401,1570657,3320703,4139214,5617336,4588312,6642537,6868011,6876487,6907401,7512260,9014039,12007167,8943778,9523094,7877810,4353248,8437874,10665428,7999318,8783502,6107547,9634061,9419483,7049332,7260863,7451437,6977772,4394996,8347157.35,4925052.85,6002185.89,3714327.42,4934836.46,3928938.15,4285651.36,7349861.848,5014100.004,5820795.211,6726988.67,5509032.611,3624473.645,5882321.072,
Philippines,PHL,Total fisheries production (metric tons),ER.FSH.PROD.MT,498365,499123,529681,591478,646376,715572,760840,804352,985764,964447,1103203,1123675,1228537,1314391,1400319,1470726,1378731,1505870,1590167,1607135,1715211,1777203,1903187,2135802.4,2080654,2064366.7,2097164.5,2228233.4,2279701.4,2393133.4,2522319,2618933,2659598,2656487,2742710,2829131,2825515,2820119,2867336,2943418,3020919,3182008,3383487,3632712,3952056,4189329,4433654.49,4735327,4958418.098,4992120.44,5048839,4829100,4751293.319,4578503.573,4596103.49,4511678,4235351.747,4128532.367,4132849.457,4191771.036,4239892.741,4088654.673,4120501.288,4101868.185,3848253.775,
Poland,POL,Total fisheries production (metric tons),ER.FSH.PROD.MT,184011,185522,180516,226737,264941,297457,334722,338142,406746,407847,469461,517614,544218,578938,679148,801041,751063,663589,581025,599281,640419,623088,609281,740833,720369,678297,645085,672120,653977,565395,474693,458127,511975,414015,462532,454483,370493,377593,271801,269435,251477,257524,252149,210835,221239,187167,175346,181448,173309,254396,220473,221345,224646,243378.13,225707.69,232987.64,247567.006,255814.5,253510.31,245173.54,245808.124,234994.385,214724.857,212449.905,184294.216,
Portugal,PRT,Total fisheries production (metric tons),ER.FSH.PROD.MT,490387,517910,533968,559026,602540,566673,523276,583556,527714,480590,477877,454093,458809,492694,442879,388204,352823,314155,260079,251428,276451,269720,260033,255819,311549,327919,413184,397713,353693,340030,337660,337132,306884,301751,276668,272795,270798,234992,236328,218875,199657,202673,211706,220854,229263,227782,237732,264099,231833,205893.1,231770.575,225324.39,209055.8,206625.562,195002.938,199662.876,196332.66,195123.74,192261.176,198741.05,180555.969,199068.158,178786.53,186218.127,261340.565,
Post-demographic dividend,PST,Total fisheries production (metric tons),ER.FSH.PROD.MT,17951113,19116626,19613040,19712136.1,19892378.1,21480393.4,22374967.8,23917596,25044850,24321679,26007880,26932393,27375626,28228123,28695972,28122396,29802703,29681114,29414509.1,29070846.7,29882209.9,30881161.17,31264109.26,32179029.02,33356977.34,32673727.43,34095194.38,34530238.81,35103963.5,34074838.37,32492137.34,31117215.68,32182469.74,31337245.57,31086787.48,30529054.68,30125876.52,30905023.02,29565159.12,29069086.79,28065308.53,28280377.42,27630730.18,27393782.37,27178587.57,26862411.34,27018048.56,26876907.2,26032450.17,25645541.3,25994779.09,25608938.95,24990472.02,25371453.3,26026535.59,25868507.84,25068963.87,26390535.29,26269187.76,25503859.05,24555316.66,24559176.61,23856819.96,23653727.22,22617700.39,
Pre-demographic dividend,PRE,Total fisheries production (metric tons),ER.FSH.PROD.MT,1029507,1039337,1125707,1140447,1353017,1323196,1463245,1504531,1618258,1792284,1870136,1927174,2244629,2216149,2170025,1969404,1909670,2043278,1991160,1963319,1953737,1982488,1993972,2098310,2169331,2175168,2327071,2458390,2547600.314,2640043.033,2799021.2,2591646.755,2771532.309,2729145.358,2677070.077,2929745.743,2950314.551,3105502.83,3122752.377,3250601.442,3431889.911,3453961.067,3464427.334,3686907.747,3920956.754,4064527,3992193,4281057.5,4355990,4552094.1,4785622.4,5161555.394,5480287.36,5724823.701,5826906.043,5840838.335,6312912.2,7192202.653,7138787.757,7235381.159,6872264.109,7503035.595,7220039.065,7707058.701,7624063.349,
Puerto Rico (US),PRI,Total fisheries production (metric tons),ER.FSH.PROD.MT,3100,3100,3300,3300,2900,2800,2500,2500,2200,2200,2100,2200,2100,2000,2000,2275,2663,2881,3197,3597,2557,1784,2202,2655,2354,1496,1327,1288,1697,1977,2062,2357,2330,2322,2726,3817,3101,3685,3949,3937,5608,5457,3699,4095,3799,3912,3112,2389.3,2485,2363,1197.056,1510.135,1901.774,1932.309,1830.356,1845.858,1867.476,1571.625,1656.932,1531.278,1590.709,1591,2161.347,2160,2140,
Qatar,QAT,Total fisheries production (metric tons),ER.FSH.PROD.MT,800,800,1000,1000,1000,1300,1300,1500,1500,1500,1500,1500,2000,2200,2047,1989,2400,2433,2200,2200,2178,2604,2331,2114,3173,2484,1980,2678,3086,4374,5702,8136,7845,6994,5086,4271,4740,5034,5279,4397,7140,8865,7155,11295,11134,13946,16412,15226,17724,14100,13796,13021,11311,12062,16269.2,15211.8,14523.7,15368.6,14675.3,17152,15109.3,16668.4,18536.845,19039.72,21116.065,
Romania,ROU,Total fisheries production (metric tons),ER.FSH.PROD.MT,38000,38800,33400,36100,34000,37581,36933,48566,40892,45997,62809,72252,84289,102068,129453,136624,127197,150701,137676,179087,173606,192013,235653,242644,232449,237637,271126,264371,267618,224810,127734,125003,95381,34919,42651,69105,32159,19614,18675,16841,17099,18427,16228,18932,13232,13337,14751,16495,17942,17151,11669.32,11607.27,13964,15372,16927.98,20328.748,25282.03,27796.2,23477.45,23775.187,20343.88,18063.6,17467.216,17878.02,15816.21,
Russian Federation,RUS,Total fisheries production (metric tons),ER.FSH.PROD.MT,,,,,,,,,,,,,,,,,,,,,,,,,,,,,,,,,5667226,4575073,3871928,4445218,4797716,4798229,4582282,4289484,4154743,3776940,3392519,3448582,3078381,3351383,3425578,3603049,3527416,3955855,4202090,4398335,4489456.771,4526539.916,4432995.671,4622986.286,4951115.911,5071129.61,5332262.147,5239378.183,5379939.071,5495811,5345264,5763303.2,5361159.595,
Rwanda,RWA,Total fisheries production (metric tons),ER.FSH.PROD.MT,500,500,500,500,700,700,700,800,800,800,900,900,800,1000,1368,1198,1008,1325,733,974,1223,982,1240,1248,825,945,1546,1694,1328,1516,2514,3561,3697,3553,3460,3379,3052,4546,6769,6733,6996,7263,7612,8427,8212,6850.15,7741.2,9246.2,11647.25,11612.3,13100.3,17259.33,19485.98,23555.2,26665,30956.2,26595,28359,27536,24762.2,34907.6,37897.3,39137,41182,43062,
Samoa,WSM,Total fisheries production (metric tons),ER.FSH.PROD.MT,500,600,600,600,600,600,700,700,700,700,900,900,900,900,900,1000,1100,1250,1090,1890,1990,3095,4020,3820,3720,3641,3186,3076,2500,2530,1505,1595,2436,1986,2591,4094,4410,7868,9364,8562,8595,8613,10881,9703,9934,9836,12435,14094,13902,13284,12845,11457,11965.488,11256.729,7532.562,8713.34,8820,10865.12,9756.541,11185.337,9960.83,9162.709,9597.716,10547.704,8106.54,
San Marino,SMR,Total fisheries production (metric tons),ER.FSH.PROD.MT,,,,,,,,,,,0,0,0,0,0,0,0,0,0,0,0,0,0,0,0,0,0,0,0,0,0,0,0,0,0,0,0,0,0,0,0,0,0,0,0,0,0,0,0,0,0,0,0,0,0,0,0,0,0,0,0,0,0,0,0,
Sao Tome and Principe,STP,Total fisheries production (metric tons),ER.FSH.PROD.MT,500,700,600,500,800,900,800,900,800,800,800,900,800,800,600,600,646,889,1175,1618,1847,2158,2688,4012,4444,3988,2833,2798,3391,3575,3867,2576,2406,2845,4106,4300,4620,3546,3600,3650,3700,3692,3820,4005,4141,4197,4323,4449,4575,4701,4837,6185.052,7400.1,8699.2,10001.397,11440.8,11719.7,9514.8,6843.862,5432.787,5679.458,5117.247,5703.38,5647.747,5730.473,
Saudi Arabia,SAU,Total fisheries production (metric tons),ER.FSH.PROD.MT,10000,16200,18300,19600,17700,18600,20200,22100,21100,22000,21700,22300,23800,26400,23600,23000,23300,22800,24950,24460,24775,28570,31820,35300,38490,43696,45526,47888,46063,48390,42618,42442,48290,50525,56847,48388,51544,54085,56392,52320,55084,63549,63955,67264,66590,74796,81071,84631.4,91238,94105.85,91519,80557,77907,81212,92540,98130,106482.997,121374.002,139969,141768.8,164585.595,177851.659,184107.715,214935.773,247207.373,
Senegal,SEN,Total fisheries production (metric tons),ER.FSH.PROD.MT,76200,82600,85900,87500,97600,106600,111700,118076,114976,118981,121065,134582,153039,193041,218108,226578,217663,216696,221219,225238,232530,227216,231971,262960,250359,244982,257938,251955,265009,290350,315161,328743,373391,386158,359929,366372,439287,483542,429554,441081,436109,431357,398149,469382,434577,399902,368435,412405,428353,446271,409794.6,427469.225,461476.46,470302.39,459542.425,425108.944,474909.33,535950.299,485762.669,517151.254,459473.425,515177.577,507635.312,531730.772,502151.371,
Serbia,SRB,Total fisheries production (metric tons),ER.FSH.PROD.MT,,,,,,,,,,,,,,,,,,,,,,,,,,,,,,,,,,,,,,,,,,,,,,,7645.05,9543.8,11086.72,11736.44,13452.33,13462.95,12959.19,11475.54,11261.37,11037,9544.66,7878.65,10020.7,10053.77,8642.26,10360.89,8955.47,9076.37,9365.17,
Seychelles,SYC,Total fisheries production (metric tons),ER.FSH.PROD.MT,1800,2000,2000,2000,2000,2000,2500,2500,2500,2500,3000,3000,3000,3000,3500,3950,4010,4600,5400,4957,4676,5221,4045,3938,3734,4118,4542,3900,4343,4419,5452,8162,6713,5278,4633,4203,4985,14627,24535,34450,33203,53873,63617,87104,101846,109452,93443,65882,69488,81114,87111,75480.999,68687,73909.641,75503.716,105969.766,130400.451,145660.613,149301.113,145044.276,142376.45,146290.808,137842.167,139248.489,135762.845,
Sierra Leone,SLE,Total fisheries production (metric tons),ER.FSH.PROD.MT,20000,22800,26000,28100,29900,32600,32200,33600,23500,25500,31050,31150,51128,67467,68954,68873,55569,55547,52457,57593,48990,49862,51938,50090,51674,52430,52227,52124,52193,52127,56556,65761,68530,66303,62464,64895,67334,72658,63095,59437,74760,75240,83020,95956,132470,143023,144176,139585,197632,199075,200075,202075,203575,205075,206552,202185,202185,202185,202200,202200,200745,205035,215300,207075,208995,
Singapore,SGP,Total fisheries production (metric tons),ER.FSH.PROD.MT,9200,9700,11500,12500,10400,11000,18500,18200,17300,17000,18310,15230,15735,18640,19276,17598,16504,15157,16206,16971,16082,16301,20202,20764.6,26289.6,23917.9,21487,16908,15250,15497,14848,13734,12513,11940,13962,14731,13921,13634,11855,10868,10964,8826,8854,8183,8715,9167,13388,9678,7018,6774,6447.87,7612.794,9994.331,10070.111,9674.323,10132.294,8917.361,8401.77,9007.39,9474.057,7284.439,7385.884,6750.615,4381.03,4116.257,
Sint Maarten (Dutch part),SXM,Total fisheries production (metric tons),ER.FSH.PROD.MT,,,,,,,,,,,,,,,,,,,,,,,,,,,,,,,,,,,,,,,,,,,,,,,,,,,,253,253,253,253,253,253,253,253,253,253,253,253,253,253,
Slovak Republic,SVK,Total fisheries production (metric tons),ER.FSH.PROD.MT,,,,,,,,,,,,,,,,,,,,,,,,,,,,,,,,,,2773,3488,3567,2368,2618,2009,2268,2255,2530,2575,2527,2783,2648,2981,3193,2726,2595.9,2310.4,2769.5,3255.56,3092.2,3174.66,3279.63,4034.65,4516.264,4161.41,4540.54,4032,4329,4509,4423.55,3960.61,
Slovenia,SVN,Total fisheries production (metric tons),ER.FSH.PROD.MT,,,,,,,,,,,,,,,,,,,,,,,,,,,,,,,,,4773,3002,3133,2956,3236,3284,3137,3233,3037,3089,2975,2635,2594,2573,2502.169,2464.454,2196.714,2341.859,1719.4,2287.209,1639.488,1625.916,1806.8,1960.592,2169.219,2030.17,2207.245,2425.343,1984.63,1954.71,1929.968,1400.332,1324.853,
Small states,SST,Total fisheries production (metric tons),ER.FSH.PROD.MT,692623,800169,915620,866947,1061893,1306409,1360098,1022039,726430,827236,887910,833873,881946,1073794,1118091,1155962,1180856,1571864,1777008,1870588,1743111,1687004.789,1031445.039,1126533.52,1910694.805,2151738.814,2052326.073,2026374.744,2171948.74,1883546.7,1913160.345,1490943.801,2131025.343,2295775.651,2169059.312,2250281.975,2673383.044,2915508.088,2456891.888,2618622.618,2801008.332,2819138.761,3174151.545,2982050.02,2968954.161,2951835.84,2622186.603,2747947.29,2616183.98,2444479.182,2510351.559,2460103.044,2596670.659,2436717.512,2323615.761,2672713.86,2394213.077,2599405.904,2775888.517,2674189.302,2614591.107,2803839.474,3345736.512,3107417.4,2724495.868,
Solomon Islands,SLB,Total fisheries production (metric tons),ER.FSH.PROD.MT,4000,4000,5000,5000,5300,5300,7300,7400,7400,7400,8500,13511,17005,15924,19676,16940,26284,22863,29192,35431,34866,34728,32518,46014.595,48829.739,43362.996,56743.386,43562.214,51907.071,50148.789,41409.354,63011.777,47115.71,43633.037,47522.296,64194.402,52458.45,61302.496,60739.594,54570.598,19579.332,24553.361,26258.545,37099.22,36756.871,32779.94,40879.26,33016.78,28617.9,32682.398,44649.657,45938.76,45884.474,48523.884,82882.71,80200.988,76257.856,54749.5,68140.843,73907.98,46049.978,62677.237,62178.445,48727.741,99950.025,
"Somalia, Fed. Rep.",SOM,Total fisheries production (metric tons),ER.FSH.PROD.MT,4500,4500,4500,4500,4500,4600,4600,4700,5000,5000,5600,5700,5801,5902,5982,10352,8268,9830,8384,10984,14330,9823,9030,11495,19939,16767,18655,19996,20327,21546,23195,23800,25750,27750,29850,32400,30200,28000,25800,28650,24150,31900,29000,30000,30000,25000,30000,30000,30000,30000,30000,30000,30000,30000,30000,30000,30000,106302.65,101795.45,99753.2,90075.45,96830.45,97337.85,99099.4,97871,
South Africa,ZAF,Total fisheries production (metric tons),ER.FSH.PROD.MT,882523,1039952,1092247,1199169,1353615,1419933,1421294,1770065,2207074,1966713,1365777,1291256,1268667,1506926,1545281,1489688,1272776,1098005,1112873,1086679,932571,948011,929551,995571,785460,849726,854131,1467455,1337690,907705,553697,516997,716648,592934,557912,600879,455573,543733,588375,637296,696819,818758,843634,878617,953523,856607,659160,731363,701533,553322,693070.6,581002.28,796152.348,511860.107,736273.904,638552.178,667844.305,596898.569,632877.687,529100.443,663839.352,626731.399,596148.451,532180.117,530377.337,
South Asia,SAS,Total fisheries production (metric tons),ER.FSH.PROD.MT,1624473,1484868,1561691,1631874,1977385,2028312,2072476,2110996,2301030,2386086,2577164,2705511,2583695,2915504,3219170,3047472,2987948,3127423,3147930,3190035,3318182,3346478,3317535,3504630.5,3848288.099,3854364.6,4054248.9,4056157,4321943,4863323,5004691,5342263,5566261.08,5908902.89,6272186.67,6489901.919,6887206.31,7206360.84,7228860.86,7703534.699,7782687.6,8150924,8337850,8589029.2,8868299.401,9364213.999,9904250,9949547,11061793,11289297.68,12111769.14,11748433.92,13011674.12,13248645.44,14154441.9,14591157.72,15493471.62,16616205.97,17608780.61,18527575.32,18474204.48,19728481.97,21188673.46,23087881.72,24112664.4,
South Asia (IDA & IBRD),TSA,Total fisheries production (metric tons),ER.FSH.PROD.MT,1624473,1484868,1561691,1631874,1977385,2028312,2072476,2110996,2301030,2386086,2577164,2705511,2583695,2915504,3219170,3047472,2987948,3127423,3147930,3190035,3318182,3346478,3317535,3504630.5,3848288.099,3854364.6,4054248.9,4056157,4321943,4863323,5004691,5342263,5566261.08,5908902.89,6272186.67,6489901.919,6887206.31,7206360.84,7228860.86,7703534.699,7782687.6,8150924,8337850,8589029.2,8868299.401,9364213.999,9904250,9949547,11061793,11289297.68,12111769.14,11748433.92,13011674.12,13248645.44,14154441.9,14591157.72,15493471.62,16616205.97,17608780.61,18527575.32,18474204.48,19728481.97,21188673.46,23087881.72,24112664.4,
South Sudan,SSD,Total fisheries production (metric tons),ER.FSH.PROD.MT,,,,,,,,,,,,,,,,,,,,,,,,,,,,,,,,,,,,,,,,,,,,,,,,,,,,,37020,37020,37020,37020,40024,42027,44030,45035,43035,45035,48037,50035,55034,
Spain,ESP,Total fisheries production (metric tons),ER.FSH.PROD.MT,913598,979112,1050204,1057781.1,1133528.1,1255640.4,1269816.8,1360681,1524861,1482215,1582679,1521399,1570110,1598305,1603965,1604892,1605769,1531718,1549512.4,1360578,1375875.5,1396799.5,1465475,1408335.5,1441953.5,1489562.8,1502394.6,1539932.6,1598886,1530990.7,1334995.2,1303615.3,1260681.4,1226032.6,1286795.3,1419692.1,1421199,1459471.2,1570787.3,1509520.6,1372141,1399382.3,1138095.5,1157123.4,1110140.8,1075979.4,1254591.68,1103014.854,1170478.799,1196524.022,1224562.026,1280695.198,1192836.389,1211391.661,1344934.379,1265944.068,1199010.408,1263231.801,1284646.898,1190967.267,1071916.242,1080039.964,1082194.826,1009667.925,1010662.769,
Sri Lanka,LKA,Total fisheries production (metric tons),ER.FSH.PROD.MT,48103,59628,73471,71614,91125,74632,79973,82237,98302,95060,89241,74985,91877,96548,100489,109235,131663,136165,156107,164790,183447,201951,216339,220500,162502,177659,183998,187154,205574,220486,183923,211801,206463.08,232200.89,248716.67,237885.92,263818.31,274186.84,289689.86,314072.7,301169.6,271160,275253,323221.2,336857.4,220967,284255,313136,331362,344490.679,398245.14,433676.924,459690.372,492110.9,527717.001,503502,515534.6,498149.602,509872.4,505526.701,424384.699,423122.778,391418.012,399049.202,412019.9,
St. Kitts and Nevis,KNA,Total fisheries production (metric tons),ER.FSH.PROD.MT,600,600,600,700,700,700,800,800,800,800,1000,1000,1000,1000,1000,1218,1684,1695,1790,1777,1935,1900,1930,1177,1115,995,901,924,800,713,623,453,300,250,357,339,687,418,967,934,971,1040,950,874,1112,1517,1180,1276,1343,2065,21755,31072,21888,17718,66143.2,100400.02,65769.93,84960.17,1046.87,654.5,650.04,676.013,674,679,679,
St. Lucia,LCA,Total fisheries production (metric tons),ER.FSH.PROD.MT,600,600,600,600,800,800,900,1000,1100,1100,1419,1519,1519,1627,1700,2000,2200,2500,2600,1024,969,891,921,910,946,1152,940,751,826,847,988,1056,1128,1404,1356,1354,1414,1419,1711,2198,2028,2189,1913,1690,1712,1605,1657.243,1742.39,1902.04,2078.36,1984.9,1832.8,1971.417,2035.937,2017.64,2056.578,2150.087,2118.958,2079.92,1964.826,1515.719,1785.411,2063.418,2009.917,1987.005,
St. Martin (French part),MAF,Total fisheries production (metric tons),ER.FSH.PROD.MT,,,,,,,,,,,,,,,,,,,,,,,,,,,,,,,,,,,,,,,,,,,,,,,,180,180,180,180,180,180,180,180,180,180,180,180,180,180,180,180,180,180,
St. Vincent and the Grenadines,VCT,Total fisheries production (metric tons),ER.FSH.PROD.MT,400,400,400,500,500,500,500,500,400,500,600,300,300,264,354,684,496,646,698,547,540,500,500,481,480,483,601,705,4648,5820,9022,8167,2172,2242,3922,1033,990,6145,34110,17806,22802,31946,46078,37768,78315,44106,51585,63310,55898,59587,66370,76578,10158.263,39504.404,81335.941,26134.398,22835.114,32939.884,2328.883,1972.016,2140.612,1600.279,1264,1008.906,981,
Sub-Saharan Africa,SSF,Total fisheries production (metric tons),ER.FSH.PROD.MT,1951230,2121989,2270554,2404416,2781932,2823129,2982439,3391696,3909082,3896485,3409595,3457757,3798097,3958942,3949321,3741784,3445234,3436171,3409161,3294528,3131676,3223437,3224650,3399298,3284875,3364194,3564926,4404515,4343225.314,4000206.033,4101309.24,3802744.855,4690337.309,4655662.352,4363519.072,4586496.417,4534382.924,4773573.8,4947265.577,5177294.442,5419033.911,5516166.954,5562816.634,5869661.909,6133474.657,6162788.13,5827660.7,5960044.2,6028178.992,6045348.2,6511371.091,6832820.157,7421367.465,7409531.501,7739773.063,7808791.265,8285023.43,9097740.854,9126027.816,8994982.637,8665356.153,9299477.852,9117565.637,9529456.085,9705393.372,
Sub-Saharan Africa (excluding high income),SSA,Total fisheries production (metric tons),ER.FSH.PROD.MT,1949430,2119989,2268554,2402416,2779932,2821129,2979939,3389196,3906582,3893985,3406595,3454757,3795097,3955942,3945821,3737834,3441224,3431571,3403761,3289571,3127000,3218216,3220605,3395360,3281141,3360076,3560384,4400615,4338882.314,3995787.033,4095857.24,3794582.855,4683624.309,4650384.352,4358886.072,4582293.417,4529397.924,4758946.8,4922730.577,5142844.442,5385830.911,5462293.954,5499199.634,5782557.909,6031628.657,6053336.13,5734217.7,5894162.2,5958690.992,5964234.2,6424260.091,6757339.158,7352680.465,7335621.86,7664269.347,7702821.499,8154622.979,8952080.241,8976726.703,8849938.361,8522979.703,9153187.044,8979723.47,9390207.596,9569630.527,
Sub-Saharan Africa (IDA & IBRD countries),TSS,Total fisheries production (metric tons),ER.FSH.PROD.MT,1951230,2121989,2270554,2404416,2781932,2823129,2982439,3391696,3909082,3896485,3409595,3457757,3798097,3958942,3949321,3741784,3445234,3436171,3409161,3294528,3131676,3223437,3224650,3399298,3284875,3364194,3564926,4404515,4343225.314,4000206.033,4101309.24,3802744.855,4690337.309,4655662.352,4363519.072,4586496.417,4534382.924,4773573.8,4947265.577,5177294.442,5419033.911,5516166.954,5562816.634,5869661.909,6133474.657,6162788.13,5827660.7,5960044.2,6028178.992,6045348.2,6511371.091,6832820.157,7421367.465,7409531.501,7739773.063,7808791.265,8285023.43,9097740.854,9126027.816,8994982.637,8665356.153,9299477.852,9117565.637,9529456.085,9705393.372,
Sudan,SDN,Total fisheries production (metric tons),ER.FSH.PROD.MT,,,,,,,,,,,,,,,,,,,,,,,,,,,,,,,,,,,,,,,,,,,,,,,,,,,,,41508,40208,39508,40008,41502,44890,47541,47270,44160,47470,50750,46160,46510,
Suriname,SUR,Total fisheries production (metric tons),ER.FSH.PROD.MT,4510,7300,5350,5550,5910,6610,6580,6510,7600,9900,11750,10400,12120,11610,10501,12262,5993,6897,4474,4535,4046,4620,3796,4520,5095,4909,4540,6626,4602,7786,7670,8186,11272,9580,14766,14301,16178,16618,21683,24447,24583,28979,31127,35854,33160,29862,32101,31019.3,24206.4,26184.16,35156.1,35586,36004.2,35594.7,33541.82,39585.17,43165.1,48690.75,39371.4,31457.5,29809,32171.439,33695.227,31898.046,32196.927,
Sweden,SWE,Total fisheries production (metric tons),ER.FSH.PROD.MT,250052,268924,294728,342638,377947,370618,320568,341765,319079,269902,286042,229693,218349,220471,205540,207282,205299,182864,185577,198202,233516,257325,255840,261717,274618,239747,215328,214429,250998,257758,260218,245056,314664,347801,394249,412180,379266,364074,416377,357262,343373,318593,300585,293214,275920,262239,276802,243621,238932,211956,222679,194762,165366,202317,194473,223983,221212,243519,234757,195916.3,191833.16,182769.288,163355.263,166097.334,149653.956,
Switzerland,CHE,Total fisheries production (metric tons),ER.FSH.PROD.MT,2500,2800,2800,3300,2800,2700,3000,3000,3500,3500,2400,2800,3600,3600,3800,3900,3915,3982,3820,3890,3500,3676,3369,3540,4113,4564,4657,4523,4227,4483,4228,4829,3945,2957,2716,2749,3002,3009,2959,2975,2759,2850,2679,2915,2807,2952,2904,2869,3300,3433,3362,3564,3474,3600,3576,3616,3584,3665,3406,3750.413,3854.02,3859.92,3995.92,4140,4090,
Syrian Arab Republic,SYR,Total fisheries production (metric tons),ER.FSH.PROD.MT,1500,1600,1600,1600,1600,1700,1700,1700,1801,1804,1700,2100,1600,1345,1650,2001,3307,3617,3755,3826,3971,3838,4063,4411.549,5415.396,5890.11,5305.931,5381.66,5533,5095,5775,7721,9654,9189,10041,11639,12128,11727,14330,14017,13369,14171,15166,16128,17220,16980,17166,17882,15590,15304,15247,13400,11500,8800,7099,6322,6679,6415,6299,6230,5700,6115,6185,5955,6000,
Tajikistan,TJK,Total fisheries production (metric tons),ER.FSH.PROD.MT,,,,,,,,,,,,,,,,,,,,,,,,,,,,,,,,,2023,2715,1107,384,203,191,216,224,253,236,324,325,210,193,241,251,406,790.1,1207.2,1380,988.801,1582.9,1617.6,1626.001,1539.001,1575,1707.999,2452.33,2584.86,4389.215,4755.001,5453.002,5483,
Tanzania,TZA,Total fisheries production (metric tons),ER.FSH.PROD.MT,70800,73100,73300,79000,103000,104700,104200,131000,155600,154200,191220,183601,158026,164192,174826,212076,233744,272541,213484,182832,231192,233897,230886,242774,280909,304787,314000,348498,399365.314,384058.033,420393.2,331761.755,335592.309,336394.358,293513.077,365470,329901.2,362583.172,354131.893,317277.006,329776,344926.743,333070,358193.747,368829.68,380281,340736,432267,333287,341466,359330.5,357904.229,390608.041,391388.182,353197.551,386907.656,384461.745,409738.73,396136.962,487778.658,493080.323,544024.769,548821.807,603472.743,669539.481,
Thailand,THA,Total fisheries production (metric tons),ER.FSH.PROD.MT,231420,316340,351160,430905,590050,629865,722092,861366,1102121,1285154,1437837,1587432,1679152,1679559,1516024,1548924,1661315,2191381,2101681,1954258,1799988,1990460,2121455,2261922,2140261,2233375,2541990,2788311,2654637,2707681,2791753,2975244,3247076,3385022,3527064,3595369,3573462,3448607,3524933,3646070,3740224,3650494,3800616,3925058,4120058,4147168,4085547,3715597,3245962,3313489,3128255,3072008.579,3034448.07,2871180.496,2609093.631,2457440.063,2517047.854,2404224.35,2478111.89,2507374.92,2614789.33,2424821.25,2429719.33,2548881.93,2652236.98,
Timor-Leste,TLS,Total fisheries production (metric tons),ER.FSH.PROD.MT,0,0,0,0,0,0,0,0,0,0,0,0,0,0,0,0,0,0,0,0,0,0,0,0,0,0,0,0,0,0,0,0,0,0,0,0,0,0,0,3401,3621,3561,3720,3850,4015,3672,3323,3313,3722,3731,4794,3594,3709,4809,4829,4951,5403,6373,7109.94,8121.93,7990.95,7217.94,7679.39,7656.57,9130.81,
Togo,TGO,Total fisheries production (metric tons),ER.FSH.PROD.MT,3500,4000,4300,4500,5000,6000,7300,7500,10000,10000,9111,10921,10942,11333,11150,14420,12820,10847,15363,8096,9134,10325,14530,14878,14715,15574,14838,15189,15469,16458,15800,12524,10899,17114,13202,12221,15119,14310,16702,22944,22297,23183,20976,27515,28048,27756,24880,19955,22872,27132,27635,24142,19340,20038,19874,21555,31989,27047,24910,26526,18764,18866,22657.503,23804.934,23498.521,
Tonga,TON,Total fisheries production (metric tons),ER.FSH.PROD.MT,400,400,400,400,400,500,500,500,500,500,400,500,500,603,730,901,1023,1201,1221,2000,1994,2093,2134,2237,2385,2561,2814,2790,2731,2699,1644,1935,2237,2375,2499,2727,2955,2924,4172,4698,4308,5017,5327,4826,3385,2647,2887,2732.5,2595.61,2255.2,2376.3,2430.649,2623.154,2028.04,2008.34,1860.435,1622.03,1470,1322,1300.002,1201.861,1215.83,1425.111,1240.67,1232.9,
Trinidad and Tobago,TTO,Total fisheries production (metric tons),ER.FSH.PROD.MT,2400,2400,2400,2400,2400,3000,3000,3200,3400,3400,3600,4100,3700,4000,3725,4417,4417,4303,4823,3840,4461,3804,4574,4541,3764,5560,4347,7714,9211,11468,12364,11504,13003,9002,14050,11515,9450,11296,14859,14707,14259,16605,18775,14599,14738.5,17021.5,13148.5,13482.3,13845.69,13890.36,13943.5,13119.75,11753.55,13224.55,13295.45,12164.8,13127.053,12949.575,13191.789,12995.729,12916.869,13102.369,13076.412,13116.816,12942.574,
Tunisia,TUN,Total fisheries production (metric tons),ER.FSH.PROD.MT,16650,21800,20804,26060,21676,23201,26193,28207,28484,30127,22660,25870,28289,30674,42347,45273,50033,55738,56424.8,59749.1,61123.5,58067.5,63806,68111.3,75855.162,89825.507,91402.837,97716.5,100176.162,93937.5,85236.518,86513.552,87197,83417.246,86946.814,84215.715,84885.01,88265.305,89939.596,93490.233,96223.83,99393.097,98699.571,92340.121,112671.672,111746.314,114247.542,107261.191,100109.749,98928.809,98625.8,109269.6,117270,121698.5,126036.91,131519.03,121966.519,128120.404,127696.363,138295.036,128142.391,128904.384,133208.378,129103.404,104773.873,
Turkiye,TUR,Total fisheries production (metric tons),ER.FSH.PROD.MT,87860,81280,60200,130420,121150,134580,117056,188163,133578,169580,174241,160880,175487,146974,129418,122494,153520,165435,245221,350902,428225,471720,505206,559267,569168.085,580782.115,582930.932,627998,674004.5,454841.3,384986.1,364784,456459,557973,603574,652585,553630.5,504605,543901,636827,582383,594980,627947,587715,644932,546063,662381,773193,647014,623556,653646,703680.156,645257.641,608004.961,537346.604,672241.397,588714.893,630820.297,628630.928,836523.68,785810.8,799844,849825.9,1010354.6,933118.5,
Turkmenistan,TKM,Total fisheries production (metric tons),ER.FSH.PROD.MT,,,,,,,,,,,,,,,,,,,,,,,,,,,,,,,,,33727,18243,17265,11409,9321,8784,7573,9131,12296,12792,12850,14567,15008,15026,15026,15026,15026,15026,15026,15026,15026,15030,15050,15050,15075,15080,15120,15140,14755,15212,15282,15410,16165,
Turks and Caicos Islands,TCA,Total fisheries production (metric tons),ER.FSH.PROD.MT,830,830,1360,1460,1460,1460,1460,1560,1560,1560,1230,1230,1430,1430,1759,3299,4064,2464,3609,4662,3598,2628,2734,3967,3547,4608,5266,2942,3735,3878,2773,3300,3081,4632,4346,5482,5447,4100,5082,5811.1,6400.6,5807.5,5154.7,5706,5510,6050,4864,6136,6804,5446.9,3801.5,3327.5,1960.5,2013.5,2361.5,2917.5,3145.5,1324.5,2090.5,1243,1297,2277,3241,2358.7,2306,
Tuvalu,TUV,Total fisheries production (metric tons),ER.FSH.PROD.MT,0,0,0,0,0,0,0,0,0,0,0,0,0,0,0,0,0,0,80,100,150,180,429,784,840,313,660,933,1409,519,518,526,499,1460,561,399,400,500,500,500,500,500,600,1505,2451,2561,3161,3771,4380,5230.5,11468.5,11852.5,17621.5,12925.5,7381.5,6149.5,7685,7476,12819.786,8357.678,11295.4,33935.287,42781,49000.25,45442.3,
Uganda,UGA,Total fisheries production (metric tons),ER.FSH.PROD.MT,62600,61200,64500,69600,70500,76300,83300,99600,108400,125300,129000,137000,166000,169500,167500,188000,152400,219220,223830,179930,165840,166590,170035,172000,212331,160833,197635,200038,214325,212247,245275,214633,267477,223920,218125,208983,195298,218386,220948,226572,220684,223986,226813,247312,377928,427875,399491,482610,456040,488654.1,508805,523127.7,503949,517312,572734,514295,500354.2,501972.6,543641,706666.7,702581,773153.36,546357,846493,641580,
Ukraine,UKR,Total fisheries production (metric tons),ER.FSH.PROD.MT,,,,,,,,,,,0,0,0,0,0,0,0,0,0,0,0,0,0,0,0,0,0,0,,,,,524124,365945,320991,426256,441151,399167,490859,442697,422836,342015,296615.76,283243.1,248622.208,296861,238409,243365,258416,244800.5,232812.9,203537.2,178111.9,226843.305,167517.076,142727.442,97283.443,113650.086,95102.491,100342.398,88049.921,79953.386,37847.41,43810.214,53556.574,
United Arab Emirates,ARE,Total fisheries production (metric tons),ER.FSH.PROD.MT,30000,30000,35000,35000,35000,38000,38000,40000,40000,40000,40000,43000,43000,43000,67800,67800,64600,64600,64600,64600,64600,67760,69755,72716,72723,72267,79328,85252,89506,91162,95129,92336,95046,99600,108600,105884,107000,114358,114739,117607,105456,112561,97574,97450,90570,87325,101013,97097,75418,77835,70788,75562,73148,73983,73806,74846,75971.9,78542,78845,75357,74435.779,70606.942,68946.96,61702.836,60641,
United Kingdom,GBR,Total fisheries production (metric tons),ER.FSH.PROD.MT,1020366,959551,1008322,1008956,1034341,1118064,1141130,1104608,1118870,1165385,1176051,1206546,1173031,1215495,1175211,1068779,1128199,1082168,1117396,994514,897555,882867,916552,850681,845324,901465,860520,953497,948425,914969,821743,858126,875548,934558,970258,1012302,986740,1029552,1060688,995545,907012,940094,908106,825814.002,862180,843164,796601,793962,771755,787500.82,814042.85,800215.555,836971.216,858222.23,990431.279,917991.872,891807.01,954165.911,889654.604,856881.566,847437.178,874767.693,823090.345,903386.769,981329.286,
United States,USA,Total fisheries production (metric tons),ER.FSH.PROD.MT,2860136,3081640,3105635,2864347,2709544,2835363,2609669,2505088,2601220,2594989,3005231,3082697,2983670,3007301,3086054,3094605,3295326,3240284,3661332,3748646,3895992,3955351.081,4239604.036,4455170.109,5090163.239,5067700.522,5282667,6128653,6112541.963,5948939.33,6096818.438,5736216.159,5887783.375,6234634.739,6238139.561,5827680,5661932,5824087,5504263,5684418,5498388,5755517,5825886,5891367,5970833,5834814,5831175,5715953,5107856,5008328,5264036,5843418,5823715,5963056,5844861,5847039,5841158,5928007,5865307.851,5807686.848,5139592.606,5187134.113,5180470.432,5152602.1,4681397.1,
Upper middle income,UMC,Total fisheries production (metric tons),ER.FSH.PROD.MT,10590745,12788050,14905589,15346158,18240176,17173667,19070414,21222027,22648453,21485504,24480421,23308058,18436404,16689674,18766439,18383483,19565120,19476085,21341451,21401413,20928463,21591524,23398452,22276199.2,25167166.36,27814124.84,31123915.71,32624330.35,36284706.6,37452957.8,37778586.66,40425616.76,46155176.41,52609264.41,61140127.68,64209546.15,69089290.44,68060722.87,67102262.5,74450931.75,78926633.51,77802281.59,81190623.44,81497115.52,88903985.34,91622072.21,93220557.73,96450120.36,99291329.46,101794862.5,103341261.6,110950172.4,113035118.7,121080442.9,123588655.6,128361660,129844665.3,132925424.3,137978164.3,137562847.3,139156585.3,142432595.4,145142233.9,147820311.7,154703926.5,
Uruguay,URY,Total fisheries production (metric tons),ER.FSH.PROD.MT,18462,18503,15813,18100,22570,25241,24800,23820,24161,27920,28377,30436,34246,31062,30814,42045,50912,62474,87807,118666,129296,153570,120363,144216,140039,145559,147139,144790,113562,128425,96271,149089,125860,118932,120742,126479,123403,137003,140767,106644,113443,105077,108183,117372,123104,125921.053,134059,108835.198,108896,81008.41,74317.97,89399.953,76307.977,59468.725,65401.716,59926.927,51759.403,65544.628,69998.107,68126.27,62977.756,66384.507,69032.498,67162.32,48410.369,
Uzbekistan,UZB,Total fisheries production (metric tons),ER.FSH.PROD.MT,,,,,,,,,,,,,,,,,,,,,,,,,,,,,,,,,26479,23401,17654,13808,7206,10565,9765,8964,8958,7388,6424,5218,4993,6700,7200,7100,7900,9262,10732,17235.1,25884.8,37504.9,46391.4,59852.6,65322,83900,90984,121717,144103.002,171933.496,185276.785,195882.468,199432.228,
Vanuatu,VUT,Total fisheries production (metric tons),ER.FSH.PROD.MT,1400,1400,1400,1500,1500,1800,1800,1800,1800,1800,2100,2200,2300,2400,2510,2610,2710,2816,2825,2819,2937,2715,2715,2542,2956,8196,16888,20078,25886,27200,41975,44367,45019,40755,47357,57904,47696,70357,75019,91433,70589,36176,44968,113867,212787.63,229554,222593,213728.2,172635,150581.05,101349,59372.5,67542.962,70703.355,70772.958,83103.541,46735.803,34515.047,43356.765,57193.184,64949.837,73392.907,85875.245,69326.451,44428.051,
"Venezuela, RB",VEN,Total fisheries production (metric tons),ER.FSH.PROD.MT,84700,84920,94916,97307,110611,119408,116929,107528,126105,134115,126740,139076,152265,162686,145476,154797,150777,154762,182930,168389,188205,181446,211234,230895,260239,265578,285129,403628,438374,466845,428310,441382,438227,477825,496558,561934,533680,512797,549672,435913,396799,503965,548108,553487,661501,480704,400616.5,391110.3,329817.6,347573,250737.848,253264.98,265512.551,251341.286,256279.496,274779.255,331160.053,290812.328,253218.793,230966.369,253315.442,258925.236,259673.464,247426.57,284460.118,
Viet Nam,VNM,Total fisheries production (metric tons),ER.FSH.PROD.MT,473160,474120,544980,629940,648510,676590,682170,712460,711850,765750,618000,688300,778500,814300,572800,546800,610800,588800,584000,601000,559660,597866,662208,758138,777308,809510,830322,869000,885033,954939,941227,999174,1041006,1120204,1369993,1474008,1531932,1608703,1647874,1897168,2143129,2327856,2520639,2808507,3154482,3443576,3715452,4192090,4555212,4758963,4954313,5264760,5631789,5854002,6119276,6348682.61,6672561.03,7164573.53,7579113.5,7823477.31,8222706.71,8306715.98,8576703.76,8835265.44,9080444.16,
Virgin Islands (U.S.),VIR,Total fisheries production (metric tons),ER.FSH.PROD.MT,500,500,500,500,500,500,600,600,600,600,600,600,500,500,500,503,500,602,557,547,688,618,891,615,703,618,939,901,694,805,702,904,940,1000,1070,1170,1240,1310,1480,1549,1673,1738,1796,1867,1970,1634,2223,1468,1324,1403,1091.283,820.739,629.251,500.206,509.163,468.025,595.838,555.584,295.27,335.923,361.269,426.141,420.152,441.364,499.84,
West Bank and Gaza,PSE,Total fisheries production (metric tons),ER.FSH.PROD.MT,0,0,0,0,0,0,0,0,0,0,0,0,0,0,0,0,0,0,0,0,0,0,0,0,0,0,0,0,0,0,0,0,0,0,0,1229,2493,3791,3625,3650,2623,1950,2379,1507,2951,1824,2340,2739,2908,1640,1979,1507,2360,2214,3038,3483,3586,3708,3950,4573,5352.9,5357.7,4926,3891,282,
World,WLD,Total fisheries production (metric tons),ER.FSH.PROD.MT,34217008,37792255,40960567,41779397.1,46162475.1,46624960.4,50641886.8,53807114,56788501,55125982,60515379,60995189,56432926,56343848,59673077,58567757,62007959,62516299.5,65224997,65871079.5,66520851,69102880.03,71055452.74,71769149.88,77956027.86,80817718.1,86705682.02,88942319.94,94094576.49,95853976.23,93357285.55,94944793.87,109328681.6,114461513.9,123515055.6,127274720.7,131657879,131417136.1,126043208.2,135436910.7,139253032.7,138985618.9,142462416,142660466.7,151739443,154844101.8,156714077.5,159905681.7,162642178.2,165320222.5,167774621.4,175851958.2,179604769.5,188135956.8,193120016.6,198306249,200422833.5,207986293.4,214762854.9,214651761.7,214443845,220101385.1,224383315.5,229338153.6,235811491.3,
"Yemen, Rep.",YEM,Total fisheries production (metric tons),ER.FSH.PROD.MT,22300,22000,22000,22000,25000,25000,25000,27000,27000,27000,27400,26400,31600,43200,51244,50829,65022,66096,67047,69600,78444,71164,55449,57906,64273,73855,73018,72916,73943,71881,77310,85998,79893,82356,81885,107970,104955,115654,127620,124384,114750,142198,179584,228116,256300,238780,229960,180216,132212,179753,164011,154210.993,227214.985,228785.986,214204.982,177412.997,152135.991,136530.992,134877.992,137775.736,144526.513,149540,150480,151026.469,152440,
Zambia,ZMB,Total fisheries production (metric tons),ER.FSH.PROD.MT,19500,20400,22200,40100,42300,40100,40100,38500,41300,44000,52100,46800,49900,50400,46929,57464,54267,53737,47577,49526,51015,39598,55881,54377,65895,68363,56924,68334,67577,74306,69728,69585,74910,79068,80646,86271,73517,82869,83347,91209,90651,88420,89889,98852,99203,99363,105251,116723,113241,136876,110403,123546,115957,153426,150740,156744,225949,154456,137016,163462,175273,181595,193342.5,199976,211913,
Zimbabwe,ZWE,Total fisheries production (metric tons),ER.FSH.PROD.MT,1300,1300,1300,1300,1900,2000,2000,2000,2000,2000,2000,2500,3002,3012,3109,3685,4550,4771,7772,9874,13288,16432,17515,13613,16415,17400,18952,29184,32922,35607,43331,57248,58209,75471,59620,56203,54852,71155,57261,76677,97163,90742,93695,86957,73690,82296,93873,77540,98206,80253,101027,123017,124412,158091,180481.815,161510.36,164348.393,133377.406,146863.29,132073.268,124426.899,115251.82,109172.51,99158.55,113130.01,
